age,gender,bmi,systolic_bp,diastolic_bp,glucose,sleep_hours,activity_min_per_week,smoking,alcohol,family_history,water_intake_l,diet_quality,stress_level,diabetes_risk,hypertension_risk,heart_risk,gender_male
56,male,23.3,141.0,75.0,122.0,7.9,8.0,1,0,0,2.3,7,4,1,1,1,1
69,male,25.8,155.0,74.0,99.0,8.2,72.0,0,0,1,1.9,10,9,1,1,1,1
46,female,37.6,143.0,68.0,134.0,6.6,45.0,1,0,0,1.8,7,5,1,1,1,0
32,female,29.9,122.0,75.0,98.0,7.7,203.0,0,0,1,1.4,6,6,1,0,1,0
60,female,17.1,136.0,72.0,122.0,6.9,64.0,0,0,0,2.5,5,6,1,1,0,0
25,female,31.3,125.0,80.0,109.0,7.5,13.0,0,0,0,2.3,6,9,1,1,1,0
78,female,33.3,147.0,86.0,137.0,7.0,21.0,0,0,0,3.5,3,3,1,1,1,0
38,female,18.4,124.0,59.0,133.0,8.6,134.0,0,0,1,1.9,7,6,1,0,1,0
56,female,26.0,131.0,86.0,116.0,5.1,360.0,1,0,0,2.8,6,9,0,1,1,0
75,male,17.7,121.0,73.0,109.0,6.2,244.0,1,0,0,1.6,4,8,0,1,1,1
36,female,15.8,136.0,68.0,100.0,6.7,17.0,0,0,0,0.9,2,7,1,1,0,0
40,female,27.7,129.0,64.0,99.0,7.0,2.0,0,0,1,1.3,1,4,0,1,1,0
28,male,22.5,111.0,73.0,97.0,5.1,3.0,1,0,0,2.3,9,5,0,0,1,1
28,female,24.6,127.0,74.0,123.0,5.8,97.0,0,0,0,1.0,8,7,0,0,1,0
41,female,27.2,138.0,85.0,93.0,6.8,80.0,1,1,1,1.7,4,6,0,1,1,0
70,male,15.3,136.0,80.0,107.0,6.1,2.0,1,1,0,2.0,10,5,1,1,1,1
53,female,25.3,126.0,73.0,122.0,4.6,7.0,1,0,1,2.3,1,9,1,1,1,0
57,male,29.2,129.0,67.0,118.0,6.3,600.0,1,0,0,1.2,4,5,0,1,0,1
41,male,32.9,154.0,73.0,138.0,5.2,402.0,1,0,0,2.3,5,6,0,1,1,1
20,male,14.7,106.0,74.0,97.0,7.6,16.0,1,0,0,1.7,1,10,0,0,0,1
39,male,37.6,125.0,75.0,121.0,7.2,22.0,1,0,0,2.4,9,7,1,1,1,1
70,female,31.9,145.0,74.0,132.0,8.0,277.0,0,0,0,2.2,7,2,1,1,1,0
19,male,22.9,128.0,71.0,110.0,7.1,85.0,0,1,0,1.5,7,5,0,1,0,1
41,male,34.0,150.0,74.0,123.0,5.4,380.0,0,1,1,1.2,1,6,1,1,1,1
61,female,29.7,140.0,75.0,124.0,3.0,88.0,1,0,1,2.4,9,3,1,1,1,0
47,male,19.0,128.0,68.0,88.0,8.3,103.0,1,1,1,1.2,10,4,0,1,1,1
55,male,23.0,126.0,76.0,104.0,6.2,30.0,0,1,1,1.8,8,2,1,1,0,1
19,male,23.3,130.0,76.0,114.0,3.9,251.0,0,0,0,1.7,6,7,0,0,0,1
77,male,36.3,152.0,86.0,148.0,8.8,209.0,1,0,0,1.2,4,2,1,1,1,1
38,female,34.8,136.0,65.0,138.0,7.6,49.0,0,0,1,1.4,6,2,1,1,1,0
50,male,23.8,138.0,84.0,99.0,8.8,114.0,0,1,1,1.7,4,5,1,0,0,1
29,female,22.3,127.0,76.0,99.0,7.4,50.0,0,0,0,1.6,2,5,1,1,0,0
75,female,32.6,148.0,83.0,150.0,7.7,75.0,1,0,0,1.8,9,6,1,1,1,0
39,male,28.9,144.0,77.0,113.0,6.1,231.0,0,1,0,1.6,10,2,0,1,0,1
78,male,16.7,128.0,80.0,126.0,7.7,64.0,0,0,0,2.5,2,9,1,1,1,1
61,male,24.5,141.0,79.0,161.0,9.3,220.0,0,1,1,2.6,7,2,1,1,1,1
42,male,21.9,133.0,67.0,125.0,7.9,387.0,0,0,1,1.3,3,1,0,1,0,1
66,female,27.3,139.0,81.0,122.0,6.3,65.0,0,1,1,1.4,4,4,1,1,1,0
44,female,27.4,139.0,76.0,116.0,5.1,252.0,0,1,0,1.9,3,2,0,1,1,0
76,female,35.4,157.0,85.0,141.0,8.3,43.0,0,1,1,1.5,3,7,1,1,1,0
59,male,20.3,145.0,71.0,93.0,6.9,0.0,0,1,0,1.6,6,4,0,1,1,1
45,female,22.6,131.0,80.0,119.0,6.9,11.0,0,0,1,1.7,6,2,1,0,1,0
77,male,16.7,139.0,73.0,115.0,4.2,160.0,0,0,1,1.2,2,10,1,1,1,1
33,male,26.4,133.0,73.0,113.0,4.1,13.0,1,0,1,1.6,1,5,1,1,1,1
32,male,21.1,124.0,68.0,110.0,6.9,336.0,0,0,0,1.1,6,9,0,1,0,1
79,male,15.1,128.0,70.0,136.0,5.6,242.0,0,0,1,1.8,1,4,1,1,1,1
79,male,30.5,157.0,85.0,134.0,7.1,87.0,0,0,0,3.3,6,1,1,1,1,1
64,female,25.6,126.0,74.0,125.0,8.0,105.0,0,0,0,1.4,10,8,1,1,1,0
79,female,15.7,144.0,77.0,126.0,6.1,142.0,0,0,0,1.2,6,8,1,1,0,0
68,male,20.5,160.0,68.0,120.0,7.1,158.0,0,0,1,0.7,1,10,1,1,1,1
61,female,26.9,145.0,66.0,130.0,6.6,81.0,0,0,0,1.6,5,10,1,1,1,0
72,male,25.2,138.0,89.0,123.0,10.0,45.0,0,0,1,1.6,4,5,1,1,1,1
69,male,23.2,138.0,87.0,136.0,6.1,289.0,1,1,1,1.5,6,8,1,1,1,1
74,male,15.4,142.0,72.0,131.0,5.9,6.0,0,0,0,2.8,8,1,1,1,1,1
20,female,25.6,123.0,73.0,117.0,6.2,53.0,1,0,0,1.9,1,2,1,1,0,0
54,male,29.7,145.0,74.0,95.0,8.3,132.0,0,1,0,2.5,2,4,0,1,1,1
68,male,33.3,159.0,84.0,132.0,6.2,266.0,0,1,0,2.4,2,3,1,1,1,1
24,female,18.2,131.0,63.0,80.0,7.8,9.0,0,0,0,1.1,9,3,0,0,0,0
38,female,41.1,131.0,71.0,133.0,6.8,129.0,0,1,1,2.4,6,9,1,1,1,0
26,female,15.6,120.0,69.0,121.0,6.9,80.0,1,1,0,1.8,10,9,1,1,1,0
56,male,21.5,139.0,77.0,130.0,8.9,139.0,1,0,0,1.0,9,8,1,1,1,1
35,male,24.1,141.0,68.0,109.0,4.5,46.0,0,0,0,1.4,4,7,1,1,1,1
21,female,27.9,128.0,64.0,109.0,7.0,149.0,1,0,0,2.5,9,8,0,1,1,0
42,male,24.7,126.0,81.0,93.0,7.7,24.0,0,1,0,1.7,9,4,0,1,1,1
77,female,19.7,146.0,75.0,121.0,7.3,179.0,0,0,0,1.5,1,7,1,1,1,0
31,female,21.3,140.0,68.0,106.0,4.9,166.0,0,0,0,2.3,9,8,0,0,1,0
67,male,20.9,137.0,84.0,104.0,5.3,352.0,0,1,0,2.6,5,4,0,1,1,1
75,male,23.6,139.0,92.0,112.0,7.2,23.0,0,0,0,2.0,10,5,1,1,1,1
26,female,31.3,129.0,75.0,102.0,3.8,154.0,0,0,0,1.6,10,8,0,1,1,0
43,female,22.4,125.0,78.0,139.0,6.1,47.0,0,1,1,2.5,7,2,1,1,1,0
70,female,24.2,149.0,71.0,124.0,5.2,40.0,0,0,0,0.7,5,4,1,1,1,0
19,female,24.7,117.0,75.0,117.0,7.1,62.0,0,0,1,1.9,2,4,1,0,1,0
37,male,16.8,135.0,76.0,117.0,6.6,40.0,1,0,1,2.4,5,10,1,1,1,1
45,female,29.0,139.0,70.0,139.0,7.3,34.0,0,1,0,2.5,1,4,1,1,1,0
64,female,29.0,149.0,75.0,144.0,5.7,176.0,0,1,0,2.9,1,1,1,1,1,0
77,female,18.4,147.0,84.0,131.0,7.1,144.0,0,0,0,2.5,2,6,1,1,1,0
24,male,18.5,128.0,68.0,86.0,6.8,14.0,0,0,0,2.0,4,3,0,0,1,1
61,male,30.4,140.0,87.0,137.0,5.7,99.0,0,0,1,1.3,10,2,1,1,1,1
78,female,27.8,140.0,80.0,124.0,8.2,48.0,0,0,1,1.7,9,10,1,1,1,0
25,male,20.4,118.0,70.0,91.0,7.7,425.0,1,0,0,1.7,6,8,0,0,0,1
64,male,22.1,146.0,82.0,115.0,6.0,66.0,0,0,0,1.3,9,7,1,1,1,1
52,male,24.6,121.0,88.0,120.0,5.8,5.0,0,0,1,0.3,5,7,1,1,1,1
31,female,26.8,112.0,77.0,83.0,8.0,48.0,0,1,0,1.8,9,7,0,0,0,0
34,female,20.4,128.0,72.0,113.0,4.7,45.0,0,0,0,1.2,1,2,0,0,1,0
53,male,25.6,143.0,83.0,133.0,5.1,1.0,0,0,0,1.9,1,5,1,1,1,1
67,female,20.5,147.0,84.0,120.0,7.4,80.0,0,0,0,1.0,6,1,1,1,1,0
57,female,28.1,132.0,80.0,109.0,9.2,283.0,0,0,1,1.0,2,2,0,1,1,0
21,male,20.6,111.0,72.0,112.0,6.0,195.0,0,0,0,1.5,7,10,0,0,0,1
19,male,30.5,120.0,76.0,113.0,6.2,138.0,0,0,0,2.4,9,1,0,0,0,1
79,female,32.3,148.0,73.0,154.0,6.5,51.0,0,0,0,1.9,7,6,1,1,1,0
23,male,27.7,123.0,65.0,84.0,6.2,32.0,0,0,0,2.2,9,9,0,0,1,1
71,female,25.1,144.0,80.0,93.0,6.2,50.0,1,0,0,1.2,4,8,1,1,1,0
59,female,22.7,148.0,71.0,117.0,6.0,16.0,0,0,0,1.9,7,6,1,1,1,0
21,male,32.7,128.0,73.0,110.0,7.0,13.0,1,1,0,1.3,10,7,1,0,1,1
71,female,41.2,161.0,84.0,142.0,7.7,103.0,0,0,0,2.5,1,3,1,1,1,0
46,female,25.4,139.0,69.0,122.0,7.0,202.0,0,0,1,2.5,10,10,1,1,0,0
35,male,21.8,121.0,75.0,128.0,6.6,13.0,1,1,1,1.5,6,2,1,0,1,1
43,male,18.8,134.0,61.0,107.0,6.0,49.0,0,1,1,2.7,9,8,1,1,1,1
61,male,34.2,149.0,77.0,134.0,5.3,16.0,0,0,1,1.7,6,5,1,1,1,1
51,female,27.7,137.0,67.0,104.0,5.1,45.0,0,0,1,2.8,7,7,1,1,1,0
27,male,22.3,126.0,69.0,138.0,4.9,213.0,0,0,1,1.1,10,4,0,0,1,1
79,male,33.8,151.0,88.0,147.0,7.6,4.0,0,0,0,1.1,1,4,1,1,1,1
53,male,24.5,127.0,71.0,129.0,6.0,125.0,0,0,0,2.1,4,5,0,1,1,1
31,male,23.2,145.0,59.0,101.0,7.3,7.0,0,0,1,1.3,7,4,0,1,1,1
48,female,27.6,144.0,74.0,136.0,5.9,67.0,0,0,0,2.0,6,5,1,1,1,0
65,female,25.3,145.0,72.0,134.0,6.7,77.0,0,1,0,1.2,9,7,1,1,1,0
32,male,31.4,128.0,74.0,125.0,6.4,62.0,0,1,0,1.1,4,6,1,1,1,1
25,female,20.3,121.0,68.0,105.0,8.8,122.0,1,0,1,2.4,3,7,0,0,1,0
31,male,23.0,117.0,73.0,97.0,6.2,436.0,0,0,1,3.0,1,7,0,0,0,1
40,male,34.3,140.0,83.0,122.0,7.9,37.0,0,0,1,1.7,8,9,1,1,1,1
77,female,21.7,146.0,76.0,113.0,5.0,113.0,0,0,0,2.2,1,2,1,1,1,0
74,female,34.1,148.0,82.0,138.0,8.6,53.0,0,0,0,1.7,5,3,1,1,1,0
79,male,42.6,157.0,83.0,129.0,7.9,600.0,0,0,1,2.2,2,3,0,1,1,1
57,male,26.1,136.0,82.0,112.0,6.0,362.0,0,1,1,0.3,6,6,1,1,0,1
38,female,23.9,126.0,74.0,88.0,6.0,12.0,0,0,0,1.4,8,1,0,1,0,0
33,male,27.0,123.0,76.0,121.0,8.4,436.0,0,0,1,3.0,4,9,0,1,0,1
62,female,17.5,127.0,79.0,120.0,8.0,161.0,0,0,0,2.0,1,5,1,1,1,0
35,male,21.6,121.0,60.0,104.0,6.5,585.0,0,1,1,1.8,7,6,0,0,0,1
64,male,29.9,139.0,83.0,97.0,5.7,177.0,1,0,1,2.2,5,7,1,1,1,1
70,female,24.1,151.0,80.0,102.0,8.2,17.0,0,0,0,2.3,2,1,1,1,1,0
41,female,21.9,125.0,69.0,113.0,6.2,167.0,0,0,0,0.5,6,3,1,0,0,0
43,female,17.3,111.0,79.0,120.0,7.2,156.0,0,0,1,1.6,6,9,0,0,1,0
42,female,36.3,141.0,83.0,113.0,6.1,22.0,0,0,0,1.0,5,5,1,1,1,0
77,female,22.4,149.0,77.0,138.0,6.5,168.0,0,0,0,3.1,6,2,1,1,1,0
77,female,32.2,158.0,69.0,152.0,9.3,135.0,1,0,1,0.9,9,3,1,1,1,0
77,female,26.9,148.0,79.0,133.0,6.7,600.0,0,0,0,1.7,9,6,0,1,0,0
62,male,19.6,127.0,69.0,129.0,8.7,116.0,0,0,0,2.2,7,3,1,0,1,1
58,male,26.4,133.0,63.0,108.0,4.8,64.0,1,1,0,2.2,3,1,1,1,1,1
46,male,33.6,143.0,80.0,103.0,4.5,369.0,0,0,1,1.2,9,5,0,1,1,1
32,female,21.9,138.0,81.0,132.0,7.6,119.0,0,0,1,1.2,10,10,1,1,1,0
62,female,27.5,132.0,77.0,111.0,5.8,51.0,1,1,1,1.3,7,7,1,1,1,0
18,female,27.8,126.0,73.0,124.0,6.8,3.0,0,1,1,1.5,4,5,1,1,1,0
42,male,25.5,128.0,82.0,121.0,4.0,170.0,0,0,0,1.5,1,1,0,1,1,1
24,female,21.6,116.0,71.0,128.0,4.2,15.0,0,0,1,2.2,10,2,1,0,1,0
26,female,24.5,125.0,68.0,119.0,6.8,309.0,0,0,0,1.4,6,2,0,1,0,0
41,male,33.8,136.0,63.0,109.0,6.2,391.0,1,1,1,2.0,6,10,0,1,0,1
18,female,22.8,105.0,74.0,102.0,6.4,32.0,0,1,0,1.4,6,4,1,0,0,0
61,male,19.0,137.0,77.0,124.0,9.0,14.0,0,0,1,2.1,4,4,1,1,1,1
25,male,16.8,123.0,74.0,96.0,7.4,109.0,1,0,1,2.0,9,1,0,0,0,1
41,female,24.2,137.0,59.0,127.0,9.6,29.0,0,0,0,1.6,5,2,1,0,0,0
28,female,22.0,120.0,83.0,109.0,6.9,94.0,0,0,0,1.3,1,2,1,1,0,0
68,female,26.5,130.0,73.0,137.0,8.7,64.0,0,0,0,1.5,4,1,1,1,1,0
34,male,27.6,127.0,80.0,129.0,8.1,188.0,0,0,0,1.3,10,5,1,1,0,1
25,male,24.9,131.0,60.0,114.0,6.1,600.0,0,0,1,1.8,3,5,0,0,0,1
52,male,26.3,136.0,71.0,118.0,6.6,73.0,0,0,1,2.3,8,5,1,0,1,1
52,female,18.8,139.0,70.0,106.0,6.3,139.0,0,1,0,2.1,6,6,0,1,1,0
50,female,24.5,124.0,69.0,103.0,8.2,50.0,1,0,1,2.3,10,5,1,1,1,0
76,female,21.5,150.0,73.0,143.0,7.2,238.0,0,0,0,1.2,10,10,1,1,1,0
22,female,34.2,131.0,83.0,118.0,5.6,5.0,0,1,0,1.8,7,7,1,1,1,0
59,male,15.8,130.0,72.0,109.0,5.1,82.0,0,0,0,1.4,10,9,0,1,1,1
56,male,26.6,147.0,89.0,118.0,5.2,23.0,0,0,0,1.8,2,9,1,1,1,1
75,male,23.6,146.0,85.0,123.0,5.6,23.0,0,0,0,2.2,1,10,1,1,1,1
58,male,27.7,132.0,65.0,116.0,5.6,91.0,1,0,0,1.5,2,1,0,1,1,1
45,female,24.3,140.0,72.0,109.0,5.2,44.0,0,0,1,0.9,6,6,1,1,1,0
24,female,25.8,123.0,69.0,94.0,8.3,74.0,0,0,0,1.2,5,7,0,0,0,0
26,female,37.3,133.0,69.0,122.0,4.8,44.0,0,1,1,0.6,8,9,1,1,1,0
25,male,37.3,125.0,82.0,137.0,7.3,73.0,0,0,0,1.8,4,10,1,1,1,1
29,male,31.3,130.0,79.0,108.0,9.8,40.0,0,1,0,1.5,3,5,1,1,0,1
51,female,23.3,127.0,88.0,123.0,6.9,195.0,0,0,1,1.4,4,2,1,1,1,0
50,female,21.9,132.0,71.0,122.0,6.9,98.0,1,0,1,0.9,9,10,1,1,1,0
65,male,23.6,140.0,79.0,126.0,7.1,21.0,0,1,1,1.5,8,8,1,1,1,1
72,female,20.8,146.0,75.0,143.0,4.9,1.0,0,0,1,1.7,8,1,1,1,1,0
40,male,24.4,119.0,71.0,121.0,7.4,2.0,0,0,0,1.7,6,7,1,1,0,1
79,male,25.4,155.0,84.0,127.0,7.2,66.0,0,0,0,2.3,5,4,1,1,1,1
41,male,34.2,145.0,90.0,127.0,6.7,45.0,0,1,1,1.3,8,10,1,1,1,1
54,female,27.2,136.0,82.0,131.0,4.6,36.0,0,1,0,1.8,4,6,1,1,1,0
52,female,21.9,135.0,80.0,136.0,9.3,117.0,0,0,1,2.5,10,8,1,1,1,0
61,male,21.1,140.0,75.0,114.0,7.1,201.0,1,0,1,2.4,6,3,0,1,1,1
57,female,31.0,142.0,83.0,127.0,5.2,8.0,0,0,0,2.4,9,2,1,1,1,0
39,male,16.7,130.0,78.0,143.0,5.5,14.0,1,0,0,1.7,3,8,1,1,1,1
44,male,23.4,129.0,68.0,114.0,5.8,55.0,0,1,0,1.7,9,6,1,1,1,1
52,male,20.3,127.0,74.0,113.0,8.9,70.0,0,1,1,1.6,8,6,1,1,1,1
18,male,29.3,128.0,70.0,102.0,6.6,60.0,0,0,1,2.2,3,8,0,0,0,1
52,female,13.7,117.0,68.0,109.0,6.6,122.0,0,1,0,1.2,7,5,0,0,0,0
54,male,38.1,149.0,85.0,130.0,6.1,11.0,0,0,0,2.2,5,5,1,1,1,1
64,male,27.8,148.0,77.0,129.0,8.1,82.0,0,0,0,1.2,7,7,1,1,1,1
31,female,34.6,127.0,78.0,124.0,8.2,200.0,0,0,0,2.2,4,6,1,0,0,0
20,male,24.8,134.0,73.0,85.0,4.8,316.0,0,1,0,2.2,3,3,0,1,0,1
18,male,22.2,118.0,68.0,90.0,6.7,99.0,0,1,0,2.3,7,4,0,0,0,1
22,female,31.7,124.0,64.0,113.0,6.5,18.0,0,0,0,2.2,6,2,1,1,0,0
43,female,28.9,129.0,73.0,114.0,5.6,156.0,1,1,0,2.1,5,8,1,1,1,0
72,female,12.5,140.0,78.0,100.0,6.0,191.0,0,0,0,3.1,4,6,0,1,1,0
31,male,25.5,125.0,74.0,90.0,6.4,26.0,0,0,0,1.0,6,7,0,1,1,1
56,female,26.6,127.0,65.0,140.0,5.5,136.0,1,0,1,2.6,1,5,1,1,1,0
44,female,23.7,135.0,79.0,134.0,7.2,320.0,0,0,0,2.9,8,7,0,1,0,0
26,male,44.0,134.0,74.0,137.0,7.2,152.0,0,0,1,1.6,6,4,1,1,1,1
32,male,24.3,136.0,76.0,104.0,7.5,64.0,1,0,1,2.4,5,10,1,1,1,1
32,male,43.2,141.0,83.0,146.0,6.2,70.0,0,1,0,2.8,8,4,1,1,1,1
43,male,22.9,133.0,76.0,105.0,4.0,10.0,0,1,1,1.8,4,2,1,1,1,1
59,male,21.0,144.0,86.0,122.0,5.9,90.0,0,1,1,1.7,2,8,1,1,1,1
77,female,24.5,147.0,85.0,116.0,5.4,195.0,0,1,0,1.3,5,7,0,1,1,0
30,female,27.2,135.0,70.0,114.0,6.6,461.0,0,1,0,3.2,7,4,0,1,0,0
68,female,23.7,136.0,75.0,128.0,7.5,61.0,0,1,0,2.6,5,3,1,1,1,0
49,male,20.6,145.0,73.0,95.0,9.3,69.0,0,0,1,1.2,7,1,1,1,1,1
56,male,21.8,138.0,73.0,111.0,5.6,7.0,0,1,0,2.3,2,5,1,0,1,1
66,male,20.6,129.0,78.0,121.0,7.0,179.0,1,1,0,1.7,1,6,0,1,1,1
69,female,30.8,147.0,73.0,113.0,7.0,151.0,0,1,0,0.9,3,3,0,1,1,0
78,female,26.9,149.0,88.0,116.0,8.7,62.0,1,0,0,3.5,1,10,1,1,1,0
49,male,20.7,133.0,74.0,116.0,7.1,148.0,0,0,1,1.3,3,9,1,1,1,1
21,female,30.8,108.0,81.0,108.0,6.3,117.0,1,1,1,1.6,3,10,1,1,1,0
47,male,19.8,126.0,66.0,97.0,6.7,176.0,0,0,0,1.7,8,10,0,1,0,1
54,female,23.9,125.0,68.0,118.0,7.3,45.0,0,0,0,1.5,5,9,1,1,1,0
40,female,24.9,120.0,80.0,120.0,7.8,126.0,0,0,1,1.8,3,6,0,1,0,0
56,female,23.4,138.0,72.0,145.0,9.0,118.0,0,1,0,2.4,5,5,1,1,1,0
62,male,24.9,135.0,71.0,122.0,8.9,11.0,1,0,0,1.6,8,2,1,1,1,1
32,female,21.4,123.0,78.0,109.0,5.8,40.0,1,0,1,2.2,10,6,1,1,0,0
60,female,27.3,133.0,72.0,119.0,4.8,236.0,0,0,1,1.9,10,5,1,1,1,0
46,male,29.2,147.0,76.0,134.0,5.2,20.0,0,0,1,1.1,1,3,1,1,1,1
53,female,23.1,135.0,72.0,121.0,7.1,57.0,1,0,0,2.1,7,10,1,1,1,0
30,male,27.5,116.0,77.0,124.0,8.3,31.0,0,0,0,1.7,5,3,1,0,0,1
49,male,22.3,138.0,75.0,117.0,6.5,18.0,0,0,1,0.7,4,1,1,1,1,1
24,male,25.7,122.0,77.0,121.0,5.6,18.0,0,1,1,1.1,3,9,1,0,1,1
76,male,20.3,152.0,70.0,126.0,4.9,51.0,0,0,1,2.3,7,4,1,1,1,1
68,male,19.0,139.0,77.0,101.0,8.9,195.0,0,1,0,3.3,10,9,0,1,1,1
39,female,28.3,127.0,75.0,114.0,6.2,407.0,0,1,1,1.9,2,4,0,1,0,0
45,male,34.1,134.0,72.0,121.0,4.8,102.0,0,0,1,0.3,8,5,1,1,1,1
19,male,32.3,124.0,66.0,120.0,6.8,121.0,0,0,0,2.1,4,5,0,0,0,1
59,male,11.3,134.0,72.0,110.0,6.8,181.0,1,0,0,0.9,10,4,0,1,1,1
62,male,42.5,144.0,80.0,153.0,8.0,130.0,0,0,1,1.5,2,4,1,1,1,1
79,female,25.2,157.0,86.0,131.0,5.2,226.0,1,0,0,2.9,2,7,1,1,1,0
74,male,21.6,145.0,83.0,127.0,8.3,259.0,1,0,0,1.4,10,7,1,1,1,1
70,female,22.4,143.0,73.0,109.0,8.5,119.0,1,0,0,2.1,1,6,0,1,1,0
23,male,15.0,119.0,66.0,102.0,6.9,91.0,0,0,0,1.8,10,3,0,0,0,1
45,female,27.0,134.0,78.0,115.0,7.6,60.0,0,0,1,2.0,8,6,1,1,1,0
45,male,32.2,127.0,80.0,98.0,7.9,74.0,0,0,0,0.8,8,9,1,1,1,1
61,male,26.2,142.0,84.0,106.0,6.0,51.0,0,0,0,2.0,6,3,1,1,1,1
61,female,18.4,151.0,74.0,124.0,5.0,67.0,0,1,0,2.5,2,7,1,1,1,0
37,male,19.4,132.0,72.0,116.0,6.0,276.0,0,0,1,1.0,3,5,0,1,0,1
47,female,21.9,135.0,63.0,107.0,4.5,431.0,0,0,1,2.6,9,7,0,0,1,0
79,male,20.9,132.0,71.0,116.0,7.4,54.0,0,0,1,1.2,7,2,1,1,1,1
28,female,29.4,138.0,78.0,101.0,8.9,30.0,0,1,0,2.4,5,3,0,1,0,0
75,male,27.2,153.0,73.0,139.0,5.7,10.0,1,0,0,1.3,5,2,1,1,1,1
72,male,29.2,156.0,70.0,118.0,6.2,218.0,1,0,0,1.2,7,10,1,1,1,1
45,female,21.9,124.0,78.0,106.0,6.5,245.0,0,0,0,2.2,1,7,0,0,1,0
42,male,21.4,126.0,70.0,124.0,9.5,72.0,0,0,1,2.1,1,9,1,1,1,1
56,male,23.6,125.0,71.0,130.0,6.2,94.0,0,1,0,0.9,3,3,1,1,1,1
79,male,21.8,132.0,70.0,121.0,8.3,162.0,0,1,1,2.4,9,7,1,1,1,1
50,male,27.8,132.0,67.0,120.0,6.8,57.0,0,0,0,1.0,8,10,1,1,1,1
18,male,15.8,120.0,65.0,105.0,3.0,27.0,0,0,1,1.5,3,7,1,0,1,1
74,male,40.2,150.0,82.0,134.0,6.1,15.0,0,0,0,1.9,8,3,1,1,1,1
44,female,24.3,127.0,81.0,114.0,7.9,32.0,1,1,1,1.3,4,5,1,1,1,0
79,female,26.4,150.0,79.0,125.0,6.2,124.0,0,0,1,2.3,7,6,1,1,1,0
74,female,17.8,114.0,75.0,127.0,7.5,51.0,0,1,1,2.2,2,5,1,1,1,0
69,male,27.5,140.0,77.0,142.0,9.1,243.0,0,0,0,1.8,5,8,1,1,1,1
30,female,28.2,132.0,59.0,128.0,7.5,11.0,0,0,0,0.4,5,9,1,1,1,0
58,male,18.1,131.0,71.0,126.0,6.0,65.0,1,0,1,2.5,5,6,1,1,1,1
20,male,23.6,133.0,74.0,94.0,7.7,36.0,0,0,1,1.9,9,2,0,0,0,1
56,male,27.3,133.0,77.0,137.0,7.4,262.0,0,0,1,1.5,9,2,1,1,1,1
23,male,26.8,121.0,76.0,103.0,8.1,197.0,0,0,0,1.9,2,4,0,1,0,1
25,female,18.8,113.0,76.0,83.0,6.7,499.0,0,0,0,2.4,10,10,0,1,0,0
44,male,23.0,125.0,64.0,104.0,5.7,15.0,0,0,1,2.0,9,3,1,1,1,1
26,female,28.3,130.0,68.0,112.0,7.5,183.0,0,0,0,2.0,1,7,0,1,0,0
79,male,24.5,153.0,85.0,101.0,7.5,16.0,0,1,1,0.8,5,4,1,1,1,1
54,female,24.7,154.0,76.0,127.0,6.1,20.0,1,0,0,0.8,10,3,1,1,1,0
50,female,22.8,138.0,73.0,126.0,4.8,5.0,0,0,0,1.7,1,2,1,1,1,0
68,female,34.9,139.0,87.0,127.0,6.2,75.0,0,0,0,2.2,3,4,1,1,1,0
59,female,27.1,150.0,72.0,108.0,5.3,16.0,0,1,0,2.5,10,5,1,1,1,0
61,female,15.1,137.0,69.0,123.0,6.5,51.0,0,0,1,2.7,6,4,1,1,1,0
41,female,29.8,135.0,70.0,108.0,7.8,39.0,0,0,0,3.1,10,10,1,1,1,0
32,male,23.4,135.0,64.0,91.0,4.2,449.0,0,0,1,1.7,9,9,0,0,0,1
76,female,23.9,164.0,77.0,124.0,7.2,129.0,0,0,0,2.1,4,1,1,1,1,0
71,male,25.1,142.0,79.0,124.0,7.3,63.0,0,0,1,1.9,2,9,1,1,1,1
49,female,19.0,124.0,67.0,116.0,5.6,253.0,1,0,1,1.5,5,8,1,1,1,0
49,male,21.8,143.0,73.0,124.0,7.3,8.0,1,0,0,2.5,1,9,1,1,1,1
41,female,29.5,155.0,71.0,130.0,8.3,49.0,0,0,0,2.3,10,3,1,1,1,0
58,female,39.7,148.0,80.0,118.0,7.4,87.0,0,1,0,1.7,7,9,1,1,1,0
69,male,23.3,142.0,86.0,97.0,9.5,7.0,0,0,1,1.3,2,9,1,1,1,1
66,female,31.6,147.0,80.0,134.0,6.9,19.0,0,0,0,1.1,8,2,1,1,1,0
79,female,26.1,151.0,80.0,128.0,8.1,271.0,0,0,0,1.4,9,3,1,1,1,0
66,female,32.1,134.0,92.0,123.0,9.4,24.0,1,0,0,2.0,2,8,1,1,1,0
75,male,23.0,146.0,75.0,121.0,7.5,306.0,1,1,0,1.4,2,7,1,1,1,1
69,female,34.9,151.0,84.0,122.0,9.1,12.0,0,0,0,1.9,10,2,1,1,1,0
29,male,25.9,129.0,69.0,133.0,7.4,263.0,0,0,0,1.6,9,10,0,1,0,1
79,female,23.8,147.0,84.0,101.0,8.7,73.0,0,1,0,1.7,8,9,1,1,1,0
56,female,26.3,139.0,71.0,126.0,5.3,102.0,0,0,0,2.0,7,2,1,1,0,0
19,male,27.0,107.0,69.0,95.0,6.9,40.0,0,0,1,1.7,1,1,0,0,0,1
20,female,17.5,113.0,65.0,94.0,10.0,38.0,0,0,1,1.1,9,9,1,0,0,0
66,female,21.5,146.0,70.0,114.0,4.4,81.0,0,0,0,1.5,4,4,1,1,1,0
54,male,25.2,145.0,63.0,107.0,5.8,53.0,0,1,1,2.2,6,6,1,1,1,1
66,female,33.0,143.0,82.0,127.0,9.6,10.0,0,0,0,2.0,2,5,1,1,1,0
73,male,30.4,140.0,76.0,98.0,6.7,52.0,0,0,0,1.8,5,4,1,1,1,1
34,male,29.6,137.0,72.0,98.0,6.7,35.0,0,0,0,1.7,1,4,1,0,0,1
76,male,34.5,153.0,81.0,112.0,8.0,227.0,1,0,0,1.3,5,3,1,1,1,1
66,female,32.5,145.0,71.0,114.0,8.4,219.0,0,1,0,0.9,8,4,0,1,1,0
19,male,27.7,131.0,69.0,101.0,6.3,18.0,0,0,1,2.0,5,4,1,0,1,1
19,male,23.2,112.0,59.0,107.0,4.7,157.0,0,1,1,1.7,7,7,0,0,0,1
45,female,28.3,144.0,72.0,111.0,5.6,72.0,0,0,0,1.9,8,9,1,1,1,0
71,male,20.3,129.0,86.0,109.0,6.1,243.0,0,1,1,2.3,1,10,1,1,1,1
40,female,16.3,119.0,68.0,100.0,5.3,38.0,0,0,1,1.2,8,4,1,0,1,0
54,female,33.1,133.0,71.0,118.0,5.7,11.0,0,0,0,0.3,1,6,1,1,1,0
49,female,28.4,132.0,73.0,116.0,6.8,193.0,1,0,0,2.1,8,6,1,1,1,0
50,female,25.9,138.0,85.0,114.0,5.7,243.0,0,1,1,2.6,10,5,0,1,0,0
18,male,17.3,123.0,65.0,92.0,9.1,220.0,0,1,0,1.7,2,5,0,0,0,1
36,male,25.4,129.0,64.0,95.0,6.3,48.0,0,0,1,1.7,4,9,1,1,0,1
79,male,20.9,134.0,67.0,122.0,4.8,4.0,0,0,0,1.6,1,2,1,1,1,1
19,male,25.6,107.0,68.0,119.0,8.3,18.0,0,1,1,2.1,1,6,1,0,1,1
70,male,24.3,149.0,83.0,110.0,10.0,302.0,0,0,1,1.0,4,9,0,1,1,1
61,female,25.8,146.0,80.0,120.0,6.4,54.0,0,0,0,2.6,4,3,1,1,1,0
43,male,19.9,138.0,79.0,105.0,7.1,255.0,0,0,0,1.9,4,4,0,1,0,1
49,male,30.2,137.0,80.0,129.0,8.5,474.0,0,1,0,1.7,8,6,0,1,0,1
23,male,24.3,129.0,71.0,98.0,6.3,60.0,1,0,1,1.4,4,7,1,1,1,1
49,female,19.6,126.0,57.0,110.0,9.2,180.0,0,0,0,2.4,5,3,0,1,0,0
72,female,34.1,153.0,89.0,131.0,4.7,22.0,0,0,0,1.7,10,8,1,1,1,0
21,male,29.0,122.0,63.0,115.0,6.6,58.0,0,0,0,2.7,2,9,1,1,1,1
72,female,37.0,145.0,96.0,122.0,5.7,147.0,0,0,0,2.3,10,2,1,1,1,0
28,male,27.3,129.0,68.0,117.0,5.3,28.0,0,0,0,2.6,10,7,1,1,1,1
73,male,18.3,142.0,72.0,112.0,5.8,46.0,0,0,1,1.7,9,7,1,1,1,1
76,female,23.2,152.0,75.0,130.0,7.5,100.0,0,1,0,2.1,7,3,1,1,1,0
34,female,27.0,120.0,73.0,110.0,8.0,141.0,0,1,0,1.9,1,2,0,1,0,0
55,male,35.3,151.0,71.0,143.0,7.7,53.0,0,0,0,1.6,4,9,1,1,1,1
41,male,40.9,142.0,73.0,110.0,4.9,57.0,0,0,0,1.2,7,7,1,1,1,1
22,female,13.3,125.0,73.0,105.0,7.5,14.0,0,0,0,3.1,9,4,0,0,0,0
69,male,22.6,150.0,85.0,125.0,6.6,497.0,0,0,0,1.5,4,10,0,1,1,1
51,female,16.9,111.0,66.0,116.0,6.0,114.0,1,1,0,2.2,7,5,1,1,1,0
23,male,29.2,135.0,74.0,126.0,6.5,91.0,0,1,0,2.5,8,7,0,1,1,1
39,female,33.7,145.0,73.0,100.0,9.0,28.0,0,1,0,1.4,8,9,1,1,0,0
28,male,20.2,113.0,73.0,133.0,6.4,80.0,1,0,1,1.0,3,5,1,0,1,1
65,male,25.8,129.0,72.0,129.0,7.8,71.0,1,1,1,2.1,5,7,1,1,1,1
33,female,23.4,133.0,76.0,134.0,8.1,36.0,0,0,0,1.5,7,1,1,0,1,0
50,male,21.6,134.0,73.0,137.0,7.9,71.0,1,1,0,1.3,6,5,1,1,1,1
26,male,30.7,124.0,70.0,121.0,6.2,27.0,1,1,0,1.5,8,8,1,1,1,1
77,female,17.3,153.0,77.0,122.0,6.3,149.0,0,0,1,2.0,2,2,1,1,1,0
76,male,26.9,149.0,88.0,136.0,7.2,287.0,0,1,0,0.9,8,8,1,1,1,1
23,male,28.8,110.0,72.0,85.0,6.1,0.0,0,0,0,1.7,10,5,0,0,0,1
33,male,25.0,120.0,74.0,111.0,5.7,98.0,0,1,0,1.1,9,8,1,1,0,1
46,female,25.1,142.0,75.0,128.0,6.9,158.0,0,0,1,2.6,3,2,1,1,1,0
20,female,37.2,131.0,75.0,138.0,5.8,285.0,0,0,0,1.7,5,8,0,1,1,0
37,female,17.5,120.0,78.0,103.0,6.2,53.0,0,1,1,2.5,8,5,0,0,0,0
77,male,25.1,149.0,84.0,130.0,6.4,285.0,0,1,0,2.4,5,4,1,1,1,1
76,male,28.8,143.0,72.0,136.0,6.1,210.0,1,0,0,1.9,2,9,1,1,1,1
53,male,31.3,130.0,81.0,123.0,6.5,89.0,1,0,0,2.2,10,3,1,1,1,1
36,male,21.8,136.0,82.0,99.0,6.2,36.0,0,0,0,2.2,4,3,1,1,0,1
43,female,30.3,145.0,74.0,112.0,9.5,127.0,0,1,1,2.4,10,8,1,1,1,0
20,male,32.0,131.0,78.0,102.0,9.1,36.0,0,0,0,1.7,9,2,1,1,0,1
36,male,20.5,114.0,55.0,91.0,6.2,51.0,0,1,0,2.0,9,3,0,0,0,1
37,male,19.0,141.0,65.0,106.0,6.2,76.0,1,1,0,1.2,10,8,0,1,0,1
49,female,21.2,147.0,88.0,140.0,6.5,83.0,0,1,0,1.3,8,9,1,1,1,0
24,male,24.1,134.0,75.0,112.0,7.1,25.0,0,1,1,2.2,6,1,0,1,0,1
69,male,32.3,149.0,81.0,126.0,6.7,142.0,0,0,0,2.1,5,8,1,1,1,1
58,male,22.4,137.0,86.0,122.0,6.8,578.0,0,0,0,1.2,5,10,0,1,0,1
50,male,34.6,144.0,71.0,116.0,7.8,34.0,0,1,0,1.8,1,7,1,1,1,1
57,male,23.8,128.0,83.0,99.0,5.7,97.0,1,1,0,1.0,7,2,0,1,1,1
56,female,25.6,133.0,71.0,112.0,6.0,73.0,0,1,1,0.9,5,1,1,1,1,0
35,male,25.5,125.0,73.0,100.0,4.9,44.0,0,0,0,1.9,3,7,1,1,1,1
57,male,35.0,149.0,69.0,106.0,6.3,65.0,0,0,1,1.4,5,8,1,1,1,1
18,male,13.1,117.0,64.0,91.0,6.8,158.0,0,0,1,2.0,1,1,0,0,0,1
28,male,26.5,119.0,80.0,118.0,6.9,64.0,0,0,0,1.5,4,4,0,0,1,1
45,male,26.9,121.0,72.0,122.0,8.4,85.0,0,0,1,1.4,10,3,1,0,1,1
74,male,20.1,145.0,80.0,124.0,5.7,78.0,1,0,0,2.5,2,5,1,1,1,1
42,male,17.9,119.0,69.0,129.0,4.7,97.0,0,0,0,2.2,4,9,1,1,1,1
67,male,28.4,134.0,81.0,119.0,6.9,41.0,0,1,0,1.4,4,1,1,1,1,1
40,male,13.0,141.0,74.0,109.0,6.6,86.0,0,0,0,2.6,8,3,0,0,0,1
48,male,29.1,155.0,72.0,116.0,7.9,17.0,0,0,1,1.2,7,2,1,1,1,1
47,female,22.8,129.0,69.0,132.0,6.9,162.0,0,0,0,1.2,1,1,0,0,0,0
59,female,21.8,122.0,73.0,108.0,8.5,14.0,0,1,1,1.2,3,6,1,1,1,0
52,female,29.8,148.0,74.0,131.0,6.6,184.0,0,1,1,1.5,8,6,1,1,1,0
24,female,21.0,125.0,58.0,109.0,6.1,210.0,1,0,0,1.3,3,9,1,1,0,0
77,male,16.8,147.0,79.0,133.0,7.7,2.0,0,0,1,1.7,6,8,1,1,1,1
33,female,18.5,119.0,73.0,107.0,7.4,213.0,0,0,1,1.3,10,2,0,0,0,0
43,female,38.7,132.0,67.0,125.0,5.9,125.0,0,0,0,1.5,10,9,1,1,1,0
65,male,21.2,137.0,81.0,114.0,7.5,12.0,0,0,0,1.8,2,6,1,1,1,1
74,female,28.7,148.0,77.0,126.0,7.4,600.0,0,1,1,2.3,2,9,0,1,1,0
69,female,34.8,143.0,83.0,110.0,6.7,115.0,0,0,1,2.0,3,7,1,1,1,0
77,male,22.3,155.0,77.0,117.0,8.3,61.0,0,1,1,2.5,3,8,1,1,1,1
66,male,22.5,126.0,79.0,113.0,8.7,260.0,0,1,0,1.7,8,10,0,1,1,1
19,male,26.7,127.0,72.0,96.0,6.0,5.0,0,0,1,1.7,2,7,1,1,0,1
18,female,24.4,123.0,75.0,101.0,7.4,152.0,0,0,1,2.7,2,8,0,0,0,0
65,female,28.0,153.0,78.0,114.0,6.9,19.0,0,0,0,2.3,8,9,1,1,1,0
79,male,21.3,137.0,83.0,117.0,6.2,96.0,0,1,1,2.4,5,6,1,1,1,1
29,male,22.4,131.0,80.0,116.0,6.6,12.0,0,1,0,3.1,9,10,1,1,1,1
22,female,40.2,137.0,75.0,130.0,4.5,136.0,1,0,0,1.2,7,7,1,1,1,0
54,male,20.8,136.0,73.0,134.0,8.2,75.0,0,1,0,0.8,7,2,1,1,1,1
49,female,17.0,123.0,76.0,114.0,7.8,1.0,0,0,0,2.0,7,7,1,1,1,0
76,male,16.5,134.0,64.0,99.0,4.3,9.0,0,0,1,1.9,5,1,1,0,1,1
72,male,28.7,144.0,74.0,123.0,6.6,146.0,0,0,1,1.3,8,10,1,1,1,1
26,female,21.1,119.0,65.0,99.0,7.2,61.0,0,0,0,2.0,8,4,1,0,0,0
58,male,23.8,148.0,79.0,107.0,7.9,134.0,0,0,1,1.7,3,10,1,1,1,1
52,male,26.4,138.0,77.0,132.0,6.5,59.0,0,0,0,2.0,10,3,1,1,1,1
36,male,35.0,142.0,84.0,128.0,6.5,54.0,0,0,0,2.2,8,4,1,1,1,1
65,female,20.3,127.0,83.0,119.0,7.3,232.0,0,0,1,2.3,5,5,1,1,1,0
33,male,20.9,111.0,59.0,91.0,5.9,232.0,0,0,1,2.2,3,10,0,0,1,1
20,male,21.5,119.0,59.0,104.0,9.0,303.0,0,0,0,0.3,9,4,0,0,0,1
37,male,12.1,112.0,69.0,130.0,6.9,208.0,0,1,1,2.2,4,4,1,0,1,1
41,male,19.5,128.0,63.0,100.0,7.1,16.0,1,0,0,1.2,6,8,1,1,1,1
71,male,20.9,134.0,65.0,118.0,8.6,8.0,0,1,0,1.8,10,2,1,1,1,1
73,male,24.0,146.0,74.0,140.0,6.8,7.0,0,0,0,2.0,3,1,1,1,1,1
50,female,22.9,127.0,62.0,110.0,8.6,471.0,0,0,0,2.4,3,8,0,1,0,0
41,female,25.8,136.0,68.0,110.0,4.7,83.0,0,1,1,1.6,5,7,1,1,1,0
69,male,24.0,135.0,82.0,120.0,8.3,15.0,0,0,1,1.8,3,2,1,1,1,1
28,female,22.0,109.0,68.0,112.0,8.1,94.0,0,0,1,1.6,1,3,1,0,0,0
66,female,17.0,143.0,84.0,104.0,4.1,149.0,0,0,1,1.8,2,1,1,1,1,0
25,male,28.6,121.0,69.0,124.0,6.4,12.0,0,1,0,1.7,6,6,1,0,0,1
53,female,22.6,146.0,78.0,112.0,7.3,51.0,0,1,0,2.2,2,4,1,1,1,0
55,female,19.4,129.0,71.0,116.0,7.9,25.0,0,0,0,2.6,10,8,1,1,1,0
57,female,32.9,136.0,77.0,122.0,8.5,445.0,0,1,0,0.9,8,3,0,1,0,0
37,female,29.2,130.0,72.0,101.0,4.9,46.0,0,0,1,2.5,6,1,1,1,1,0
79,female,16.0,137.0,80.0,92.0,6.9,141.0,0,0,0,2.4,6,10,1,1,1,0
52,female,28.7,139.0,81.0,124.0,5.6,301.0,0,0,0,2.0,6,1,0,1,1,0
65,female,30.2,147.0,91.0,105.0,5.9,239.0,1,1,0,3.7,5,6,0,1,1,0
79,female,19.4,148.0,78.0,130.0,7.8,60.0,0,0,1,1.6,2,7,1,1,1,0
42,male,22.3,129.0,76.0,114.0,5.8,45.0,0,0,0,1.4,6,8,1,1,1,1
52,male,20.2,121.0,68.0,138.0,6.8,199.0,0,0,1,3.3,8,1,1,0,1,1
42,female,23.2,144.0,77.0,106.0,6.2,28.0,1,1,0,0.7,10,5,1,1,1,0
46,female,19.4,127.0,73.0,132.0,8.1,152.0,0,0,0,0.9,7,5,1,1,0,0
35,male,36.0,132.0,60.0,119.0,4.4,216.0,0,0,0,2.3,3,6,1,0,1,1
63,female,38.2,147.0,76.0,144.0,8.4,227.0,0,0,0,2.0,6,9,1,1,1,0
35,female,29.4,130.0,62.0,124.0,8.7,1.0,0,0,1,1.0,8,3,1,0,0,0
19,male,15.3,103.0,63.0,77.0,7.6,83.0,0,0,1,2.3,7,1,0,0,0,1
71,male,43.5,159.0,86.0,179.0,7.1,53.0,0,0,1,1.6,1,3,1,1,1,1
52,male,34.0,135.0,76.0,146.0,4.1,463.0,0,0,1,0.7,7,8,1,1,1,1
33,female,28.1,127.0,77.0,120.0,7.6,94.0,0,0,1,2.2,4,10,1,1,1,0
78,female,28.4,162.0,66.0,145.0,8.1,67.0,0,0,0,2.4,10,3,1,1,1,0
58,male,28.2,148.0,83.0,126.0,6.9,34.0,0,0,1,1.0,3,7,1,1,1,1
53,male,18.2,145.0,75.0,123.0,6.0,224.0,0,0,0,0.9,8,9,0,1,1,1
50,female,28.0,131.0,68.0,122.0,8.7,46.0,0,0,0,0.3,2,8,1,1,1,0
21,male,23.7,128.0,70.0,95.0,5.7,210.0,0,0,0,1.7,7,5,0,0,0,1
50,female,28.8,141.0,89.0,120.0,8.3,267.0,0,0,0,1.5,6,8,0,1,1,0
31,female,27.9,129.0,82.0,108.0,7.5,7.0,1,0,1,1.4,8,1,1,1,1,0
38,male,30.1,127.0,85.0,126.0,6.6,86.0,1,0,0,2.4,4,2,1,1,1,1
65,male,31.1,153.0,78.0,115.0,10.0,65.0,0,1,0,1.5,2,3,1,1,1,1
37,female,19.8,123.0,78.0,111.0,7.4,60.0,0,0,0,1.0,9,4,0,1,0,0
73,male,41.5,155.0,91.0,122.0,7.6,56.0,1,0,0,1.7,3,1,1,1,1,1
25,male,36.5,139.0,68.0,130.0,7.5,91.0,0,0,0,2.0,3,8,1,1,1,1
24,male,28.0,119.0,80.0,98.0,7.2,17.0,0,0,1,1.1,5,4,1,1,1,1
20,male,30.3,117.0,78.0,121.0,6.7,246.0,0,1,0,1.1,9,7,0,1,0,1
34,female,23.2,148.0,68.0,112.0,7.8,98.0,0,1,0,2.4,1,10,1,1,1,0
50,female,22.6,127.0,75.0,128.0,6.9,51.0,1,0,0,0.8,4,2,1,0,1,0
65,female,26.1,155.0,86.0,121.0,4.4,33.0,0,0,0,1.2,10,6,1,1,1,0
29,female,32.2,130.0,74.0,127.0,5.7,115.0,0,0,0,1.3,4,9,1,1,1,0
76,male,27.5,144.0,85.0,129.0,8.3,185.0,0,0,0,1.7,2,7,1,1,1,1
68,male,21.5,138.0,74.0,125.0,7.9,70.0,0,1,0,2.1,8,7,1,1,1,1
39,female,24.9,130.0,67.0,93.0,5.5,500.0,0,0,0,2.0,1,3,0,1,0,0
72,female,26.9,156.0,72.0,118.0,6.1,92.0,0,0,0,1.8,10,7,1,1,1,0
39,male,11.9,129.0,68.0,100.0,6.0,463.0,0,0,0,3.0,6,9,0,1,0,1
63,female,32.4,143.0,82.0,144.0,8.7,394.0,1,0,0,1.6,7,7,1,1,1,0
47,female,33.2,124.0,66.0,128.0,4.8,110.0,0,0,0,0.8,3,2,1,1,1,0
55,male,20.1,134.0,86.0,94.0,6.0,104.0,0,0,1,2.1,10,7,1,1,1,1
55,female,18.9,134.0,80.0,119.0,6.9,13.0,0,0,1,1.7,5,10,1,1,1,0
62,male,32.9,155.0,82.0,118.0,4.9,318.0,0,1,0,1.7,10,9,1,1,1,1
68,male,21.8,129.0,82.0,111.0,6.9,195.0,0,0,0,1.6,2,7,1,1,1,1
71,female,27.8,141.0,75.0,126.0,5.4,83.0,1,1,0,2.0,6,1,1,1,1,0
25,male,23.4,120.0,62.0,112.0,5.7,44.0,1,1,1,2.6,3,7,1,1,1,1
44,female,19.2,129.0,75.0,101.0,6.1,219.0,0,1,0,2.7,1,1,0,1,0,0
44,male,24.0,133.0,80.0,94.0,6.6,41.0,0,1,0,3.1,3,2,0,1,0,1
51,female,17.0,134.0,70.0,108.0,6.1,94.0,1,1,0,2.2,9,9,1,1,1,0
38,female,23.1,114.0,67.0,110.0,6.9,27.0,0,0,0,2.7,7,3,0,0,0,0
47,female,27.2,137.0,72.0,136.0,8.4,196.0,0,0,0,2.2,4,8,1,1,1,0
50,male,21.5,135.0,77.0,115.0,7.9,168.0,0,0,0,1.6,7,1,0,0,1,1
45,male,22.3,132.0,77.0,128.0,8.8,41.0,0,0,0,2.9,6,9,1,1,1,1
64,female,19.9,136.0,86.0,142.0,6.7,15.0,0,1,0,1.5,10,10,1,1,1,0
50,male,18.3,104.0,76.0,98.0,6.7,23.0,0,0,1,1.6,2,6,1,0,0,1
22,female,19.3,125.0,64.0,122.0,7.1,115.0,1,0,1,2.1,2,1,0,0,1,0
77,female,18.4,134.0,75.0,131.0,4.8,20.0,0,1,0,1.9,10,7,1,1,1,0
78,male,31.1,155.0,75.0,105.0,8.1,46.0,1,0,1,1.1,3,5,1,1,1,1
65,female,39.3,160.0,88.0,133.0,6.3,219.0,1,0,0,2.6,6,5,1,1,1,0
36,male,30.3,119.0,68.0,127.0,6.7,10.0,0,0,0,1.5,4,9,1,0,1,1
21,female,33.2,133.0,70.0,120.0,7.4,104.0,1,0,1,2.5,8,6,1,1,1,0
52,male,32.0,130.0,80.0,144.0,5.8,61.0,0,0,1,1.8,7,9,1,1,1,1
66,female,35.6,147.0,90.0,139.0,5.8,15.0,0,0,1,1.8,6,2,1,1,1,0
34,female,22.4,126.0,89.0,93.0,7.3,85.0,0,0,0,1.5,8,4,0,1,0,0
61,male,27.7,147.0,69.0,133.0,7.4,87.0,0,1,0,2.1,5,6,1,1,1,1
45,female,27.8,140.0,79.0,105.0,9.8,57.0,0,1,0,1.5,9,3,0,1,1,0
47,female,33.0,141.0,77.0,117.0,7.1,7.0,1,0,0,3.7,1,10,1,1,1,0
46,male,37.9,128.0,77.0,141.0,7.5,28.0,0,1,1,2.4,4,10,1,1,1,1
63,female,24.2,120.0,75.0,133.0,9.8,62.0,0,0,0,2.5,2,3,1,1,0,0
70,male,41.2,160.0,75.0,139.0,7.2,39.0,0,0,0,1.1,6,10,1,1,1,1
23,female,33.3,135.0,83.0,108.0,7.4,21.0,1,1,0,2.3,9,10,1,1,1,0
52,male,25.4,128.0,63.0,116.0,3.0,80.0,0,1,1,2.1,8,1,1,1,1,1
77,female,18.7,145.0,76.0,119.0,6.3,61.0,0,1,1,1.5,9,5,1,1,1,0
58,female,15.1,131.0,82.0,104.0,7.1,131.0,1,0,0,3.0,6,6,1,1,1,0
54,female,24.8,145.0,77.0,132.0,5.8,99.0,1,0,1,1.1,9,4,1,1,1,0
41,male,36.1,139.0,73.0,120.0,7.1,22.0,0,0,1,1.3,6,9,1,1,1,1
46,male,23.3,140.0,70.0,112.0,7.7,140.0,1,0,1,1.8,5,6,0,1,1,1
66,male,25.9,137.0,83.0,120.0,8.0,75.0,0,0,0,2.7,3,3,1,1,1,1
63,male,26.7,143.0,76.0,131.0,6.7,14.0,0,0,0,1.5,3,7,1,1,1,1
70,female,32.1,144.0,80.0,133.0,4.8,2.0,0,0,1,1.1,9,5,1,1,1,0
48,female,24.4,129.0,78.0,119.0,6.9,118.0,0,1,0,1.4,9,9,1,1,1,0
52,male,26.2,118.0,81.0,108.0,6.3,116.0,0,0,1,1.4,3,5,1,1,1,1
77,male,27.2,154.0,76.0,130.0,5.8,206.0,0,0,0,1.9,3,7,1,1,1,1
50,male,18.7,145.0,65.0,121.0,6.4,172.0,1,1,0,1.4,5,6,1,1,1,1
69,female,18.4,128.0,70.0,113.0,6.3,252.0,0,1,1,1.5,1,10,1,1,1,0
78,male,27.5,153.0,88.0,130.0,6.5,42.0,0,1,0,1.7,1,3,1,1,1,1
38,male,11.8,127.0,70.0,113.0,6.2,64.0,0,0,1,1.0,2,10,1,1,1,1
49,female,24.4,130.0,67.0,107.0,8.7,8.0,0,0,1,2.4,10,7,1,0,1,0
40,female,21.8,123.0,67.0,102.0,7.1,64.0,0,1,0,1.7,6,4,1,0,0,0
50,male,30.7,148.0,84.0,121.0,7.2,30.0,0,0,0,1.4,2,6,1,1,1,1
20,female,27.8,133.0,72.0,120.0,7.3,196.0,1,0,1,2.0,2,6,1,1,1,0
35,male,24.4,132.0,63.0,77.0,5.0,128.0,0,0,1,2.0,6,3,0,1,1,1
42,female,19.8,125.0,66.0,108.0,8.1,183.0,0,0,0,1.6,9,2,0,0,0,0
59,male,21.1,145.0,82.0,108.0,10.0,108.0,0,0,1,1.5,4,3,1,1,1,1
48,male,30.4,131.0,73.0,126.0,5.5,109.0,0,1,0,2.0,3,8,1,1,1,1
71,male,28.0,157.0,92.0,125.0,5.9,32.0,0,1,0,0.8,2,1,1,1,1,1
75,male,31.4,162.0,92.0,144.0,6.1,133.0,1,0,0,1.9,2,3,1,1,1,1
20,female,31.9,137.0,81.0,122.0,7.2,19.0,1,0,0,1.7,2,6,1,1,1,0
57,female,20.9,138.0,78.0,113.0,6.6,39.0,0,1,1,2.3,7,7,1,1,1,0
63,female,24.8,120.0,83.0,109.0,6.1,24.0,0,0,1,2.0,6,10,1,1,1,0
41,female,24.4,130.0,73.0,118.0,7.6,358.0,0,0,0,2.1,7,4,0,1,0,0
67,male,27.0,157.0,78.0,121.0,7.3,274.0,0,0,0,1.0,3,8,0,1,1,1
49,male,26.2,143.0,68.0,116.0,8.4,249.0,1,0,1,2.8,2,8,1,1,1,1
64,female,28.8,146.0,78.0,111.0,7.0,387.0,1,0,1,2.0,5,4,0,1,1,0
39,female,26.9,126.0,66.0,118.0,6.7,114.0,0,0,0,0.9,10,4,1,0,1,0
40,female,23.0,138.0,73.0,107.0,6.2,270.0,0,0,1,1.0,7,5,0,1,1,0
19,female,24.9,110.0,63.0,103.0,7.1,41.0,0,1,0,1.8,2,3,0,0,0,0
44,female,37.6,139.0,73.0,84.0,5.4,58.0,0,1,0,1.5,6,6,1,1,1,0
59,male,31.6,156.0,63.0,127.0,8.2,76.0,1,1,1,2.7,9,9,1,1,1,1
19,male,40.9,126.0,70.0,111.0,7.6,11.0,0,0,0,2.2,8,2,1,0,1,1
43,male,37.0,144.0,73.0,132.0,7.1,209.0,1,0,0,1.7,5,3,1,1,1,1
34,female,32.4,119.0,73.0,120.0,6.3,15.0,1,1,1,1.3,5,10,1,1,1,0
57,female,20.4,130.0,82.0,98.0,8.9,193.0,0,0,0,1.3,4,1,0,1,1,0
50,female,20.5,134.0,73.0,112.0,6.1,307.0,1,1,0,1.4,5,6,0,0,0,0
26,female,30.1,131.0,78.0,117.0,5.7,101.0,0,0,1,1.4,5,3,1,1,1,0
60,male,21.8,154.0,81.0,143.0,6.4,22.0,0,0,1,1.0,10,1,1,1,1,1
71,male,29.6,142.0,88.0,135.0,7.9,69.0,0,0,0,1.5,7,7,1,1,1,1
65,female,40.5,155.0,76.0,120.0,8.7,18.0,0,0,0,2.8,2,6,1,1,1,0
56,male,36.2,149.0,72.0,153.0,8.2,15.0,0,1,0,1.7,5,10,1,1,1,1
46,male,25.9,129.0,74.0,114.0,5.1,169.0,0,0,0,1.5,2,10,0,1,1,1
59,female,32.1,150.0,72.0,123.0,6.7,60.0,0,0,1,1.7,5,7,1,1,1,0
72,female,29.8,152.0,78.0,152.0,6.2,0.0,1,1,0,1.6,8,7,1,1,1,0
43,female,22.0,128.0,67.0,105.0,7.3,6.0,1,0,0,2.0,5,2,0,0,1,0
52,female,21.1,135.0,67.0,113.0,6.4,204.0,0,0,0,2.3,3,4,1,1,1,0
67,female,27.5,136.0,80.0,105.0,7.8,116.0,1,1,0,1.4,5,5,0,1,1,0
42,female,30.5,128.0,87.0,120.0,6.2,223.0,0,1,1,1.5,10,9,1,1,1,0
41,male,17.1,127.0,70.0,106.0,5.7,38.0,0,0,1,1.1,1,8,1,1,1,1
30,male,23.6,132.0,73.0,105.0,8.5,45.0,1,0,0,2.4,10,8,1,1,1,1
77,female,15.8,138.0,77.0,119.0,6.8,115.0,1,0,0,2.9,2,9,1,1,1,0
75,male,16.1,135.0,76.0,107.0,7.9,131.0,0,1,1,1.8,1,7,1,1,1,1
24,female,31.4,127.0,82.0,133.0,5.3,3.0,0,0,1,2.2,1,6,1,1,0,0
74,female,22.4,150.0,76.0,123.0,5.6,285.0,0,1,1,1.9,1,9,1,1,1,0
53,female,33.0,130.0,58.0,116.0,5.2,193.0,0,0,0,1.4,6,5,1,1,1,0
62,female,33.2,152.0,74.0,112.0,5.8,17.0,0,1,1,1.5,7,5,1,1,1,0
37,male,23.8,133.0,73.0,113.0,5.9,1.0,0,0,0,1.9,5,3,1,1,1,1
18,female,26.5,112.0,70.0,120.0,5.8,176.0,0,0,0,2.3,4,9,0,1,1,0
25,male,31.2,127.0,72.0,120.0,6.7,280.0,0,0,0,1.5,4,2,0,0,0,1
63,female,33.5,150.0,76.0,153.0,5.5,47.0,0,1,0,3.0,7,10,1,1,1,0
33,female,32.5,117.0,75.0,143.0,5.8,46.0,1,0,0,1.3,4,3,1,1,1,0
31,female,24.8,119.0,84.0,96.0,7.1,87.0,1,1,0,1.6,5,4,0,1,0,0
29,male,23.7,114.0,70.0,92.0,9.3,135.0,0,0,0,2.1,6,1,0,0,0,1
68,female,26.2,138.0,91.0,115.0,7.4,125.0,0,0,1,1.0,5,2,1,1,1,0
40,female,23.5,138.0,76.0,122.0,7.3,168.0,0,1,0,1.4,7,5,0,1,1,0
32,female,22.6,133.0,68.0,115.0,6.5,15.0,0,0,1,1.6,6,6,1,1,1,0
45,male,26.2,130.0,80.0,129.0,4.2,88.0,0,1,1,2.0,6,6,1,1,1,1
51,male,24.8,143.0,60.0,105.0,6.5,85.0,0,1,0,2.9,6,3,0,1,0,1
19,male,23.1,127.0,70.0,85.0,5.5,359.0,0,0,0,1.9,3,4,0,0,0,1
49,female,34.8,151.0,81.0,119.0,8.1,300.0,1,1,1,1.6,6,9,1,1,1,0
40,male,36.2,137.0,80.0,132.0,8.8,167.0,0,1,0,2.0,9,1,1,1,1,1
39,female,37.1,142.0,81.0,127.0,5.6,251.0,0,0,0,2.1,2,9,1,1,1,0
68,male,35.5,175.0,85.0,147.0,6.8,164.0,1,0,0,1.7,3,8,1,1,1,1
42,male,30.5,133.0,77.0,111.0,5.0,153.0,0,0,0,2.1,3,4,0,1,1,1
75,female,25.8,145.0,83.0,138.0,7.9,29.0,1,0,0,2.0,3,4,1,1,1,0
79,male,20.8,143.0,75.0,115.0,8.4,115.0,0,1,0,1.5,6,5,1,1,1,1
78,female,22.4,144.0,85.0,133.0,7.5,297.0,0,0,1,1.6,2,10,1,1,1,0
39,female,24.1,134.0,70.0,122.0,7.2,166.0,0,0,1,2.2,9,2,1,0,0,0
75,male,17.3,141.0,83.0,137.0,6.7,111.0,0,0,1,2.3,5,7,1,1,1,1
75,female,24.1,134.0,78.0,108.0,7.4,36.0,1,1,1,1.2,3,2,1,1,1,0
39,female,34.6,137.0,78.0,139.0,6.4,136.0,1,0,0,2.3,8,7,1,1,1,0
66,male,29.0,140.0,84.0,131.0,6.3,51.0,1,1,0,2.1,7,5,1,1,1,1
69,male,24.7,129.0,87.0,124.0,8.4,8.0,0,1,0,1.4,5,7,1,1,1,1
59,female,30.5,151.0,78.0,124.0,7.8,33.0,0,0,0,2.7,6,1,1,1,1,0
23,male,29.9,123.0,74.0,113.0,6.1,59.0,0,0,1,2.6,1,9,1,1,1,1
32,female,37.7,138.0,61.0,124.0,9.1,600.0,0,0,0,1.6,6,4,0,0,0,0
71,female,23.7,117.0,73.0,103.0,5.9,171.0,0,0,0,1.5,10,10,1,1,1,0
60,male,33.2,148.0,70.0,131.0,9.3,39.0,0,1,1,1.6,8,8,1,1,1,1
77,male,32.3,148.0,79.0,134.0,5.1,172.0,0,0,0,1.8,10,6,1,1,1,1
54,male,29.4,127.0,73.0,115.0,6.6,53.0,1,0,0,0.9,6,4,1,1,1,1
50,male,24.8,130.0,70.0,118.0,7.4,112.0,0,0,0,1.4,4,10,0,1,1,1
25,female,38.6,128.0,69.0,135.0,7.3,174.0,0,1,0,1.9,1,8,1,1,1,0
70,female,27.0,150.0,82.0,118.0,7.0,162.0,0,0,0,2.4,9,9,0,1,1,0
77,male,27.8,148.0,69.0,114.0,8.5,18.0,1,0,0,1.3,5,5,1,1,1,1
61,male,15.2,121.0,67.0,103.0,7.4,210.0,1,1,1,1.1,1,10,0,1,1,1
61,female,39.6,152.0,81.0,109.0,7.5,308.0,0,0,0,1.8,3,8,0,1,1,0
22,female,36.0,114.0,80.0,140.0,6.0,32.0,1,1,0,1.3,10,4,1,1,1,0
56,female,27.2,130.0,71.0,111.0,7.9,48.0,0,0,1,2.1,8,10,1,1,1,0
21,female,32.6,128.0,79.0,131.0,6.2,334.0,1,0,1,1.7,9,4,0,1,1,0
23,male,27.1,120.0,55.0,96.0,8.3,494.0,0,1,0,1.3,6,9,0,0,0,1
62,female,21.9,147.0,76.0,111.0,8.7,73.0,1,0,0,1.8,2,7,1,1,1,0
49,female,23.6,135.0,76.0,117.0,6.9,4.0,0,0,0,2.6,6,5,0,1,1,0
69,male,33.5,153.0,74.0,139.0,7.5,324.0,0,0,1,1.2,5,7,1,1,1,1
47,female,33.1,144.0,69.0,123.0,7.2,3.0,0,0,0,1.9,7,1,1,1,1,0
64,female,23.3,136.0,77.0,102.0,6.7,48.0,0,0,1,1.4,9,2,1,1,1,0
52,male,21.9,125.0,74.0,115.0,6.5,11.0,0,0,0,1.6,10,4,1,0,1,1
72,male,26.1,144.0,74.0,140.0,5.3,86.0,0,0,0,1.5,10,10,1,1,1,1
57,male,31.1,148.0,76.0,129.0,5.9,5.0,0,0,0,1.0,6,2,1,1,1,1
69,female,20.5,138.0,73.0,146.0,6.9,31.0,0,0,0,2.5,5,6,1,1,1,0
33,female,22.7,132.0,79.0,112.0,8.7,74.0,0,1,1,2.3,3,2,1,0,1,0
30,male,28.7,129.0,77.0,127.0,7.2,9.0,1,0,0,0.7,3,8,1,1,1,1
67,male,32.7,134.0,81.0,136.0,8.3,79.0,1,0,0,1.5,5,7,1,1,1,1
77,female,16.1,129.0,88.0,110.0,4.5,37.0,1,0,0,1.6,4,5,1,1,1,0
59,male,23.9,150.0,82.0,118.0,8.6,37.0,0,0,0,2.6,2,10,1,1,1,1
47,male,31.8,129.0,84.0,136.0,7.7,332.0,1,0,0,0.8,2,1,0,1,1,1
36,male,36.6,131.0,86.0,120.0,8.2,141.0,0,0,0,2.1,3,8,1,1,1,1
34,female,20.5,133.0,70.0,113.0,4.3,318.0,1,0,0,1.2,8,4,0,1,1,0
73,female,19.4,131.0,69.0,112.0,6.3,103.0,0,0,0,2.4,5,4,0,1,1,0
36,female,25.6,124.0,62.0,125.0,5.4,285.0,1,1,1,2.0,5,4,0,0,0,0
45,female,25.4,132.0,79.0,117.0,7.7,218.0,0,0,0,1.3,5,1,0,1,1,0
75,female,22.4,141.0,72.0,133.0,7.5,600.0,0,0,1,1.5,2,10,0,1,0,0
72,female,25.5,136.0,98.0,140.0,8.0,84.0,0,0,1,1.8,6,10,1,1,1,0
43,male,34.8,137.0,72.0,132.0,6.3,143.0,0,1,0,0.9,1,2,1,1,1,1
54,female,29.6,145.0,71.0,121.0,7.9,21.0,0,1,0,2.4,4,7,1,1,1,0
43,female,28.5,133.0,80.0,117.0,6.8,337.0,0,0,0,1.2,8,1,0,1,0,0
70,male,29.2,140.0,84.0,102.0,8.3,61.0,0,0,0,1.8,9,5,1,1,1,1
79,female,25.4,154.0,90.0,132.0,7.7,298.0,0,0,0,1.5,6,9,1,1,1,0
40,female,26.6,146.0,72.0,128.0,5.9,13.0,0,0,0,1.3,10,8,1,1,1,0
26,male,34.8,139.0,81.0,104.0,7.2,87.0,0,1,0,1.5,6,8,0,1,1,1
29,male,23.0,116.0,70.0,108.0,5.0,0.0,0,0,1,2.2,4,5,1,0,1,1
70,male,28.0,136.0,82.0,124.0,8.4,65.0,0,0,1,1.2,7,4,1,1,1,1
18,female,26.3,126.0,69.0,115.0,7.7,10.0,0,0,0,1.5,5,10,1,1,1,0
75,male,17.0,142.0,88.0,120.0,7.7,72.0,0,0,0,2.8,1,2,0,1,1,1
75,female,34.6,141.0,95.0,123.0,8.0,97.0,1,0,0,1.3,9,1,1,1,1,0
18,female,19.3,121.0,61.0,122.0,7.1,229.0,0,1,0,1.8,8,2,0,1,0,0
64,female,15.5,136.0,82.0,93.0,4.9,42.0,0,0,1,2.2,10,7,1,1,1,0
51,female,20.7,145.0,68.0,107.0,8.1,100.0,0,1,0,1.9,1,6,1,1,1,0
49,male,28.8,133.0,83.0,105.0,5.8,8.0,0,1,1,0.7,1,7,1,1,1,1
79,male,20.2,155.0,88.0,126.0,5.7,294.0,0,1,0,2.0,9,10,0,1,1,1
71,female,29.1,157.0,74.0,133.0,7.8,72.0,1,0,0,1.3,2,3,1,1,1,0
65,male,19.6,132.0,68.0,116.0,6.1,35.0,0,0,0,2.0,4,5,1,1,1,1
42,female,48.0,148.0,78.0,121.0,7.0,75.0,1,0,1,1.7,1,3,1,1,1,0
57,female,23.0,135.0,82.0,107.0,7.7,79.0,0,0,1,1.6,10,9,1,1,1,0
62,female,22.8,136.0,79.0,130.0,7.7,163.0,0,1,0,3.1,3,8,1,1,1,0
70,male,39.5,154.0,81.0,136.0,8.2,441.0,1,0,0,1.7,6,7,0,1,1,1
18,female,42.9,127.0,80.0,119.0,6.1,25.0,0,0,0,1.7,3,6,1,1,1,0
33,female,21.2,113.0,70.0,101.0,6.4,7.0,0,0,0,2.0,4,4,1,0,1,0
78,male,18.1,138.0,78.0,118.0,7.3,128.0,1,0,0,1.0,9,4,1,1,1,1
56,male,38.3,155.0,83.0,138.0,5.1,259.0,1,0,0,1.6,3,2,1,1,1,1
22,male,28.3,124.0,75.0,109.0,5.8,100.0,1,0,0,1.8,5,6,0,1,1,1
39,male,29.2,133.0,85.0,123.0,5.6,10.0,0,1,0,1.9,8,6,1,1,1,1
46,female,12.5,132.0,63.0,86.0,4.1,66.0,0,1,0,1.5,5,10,0,1,1,0
72,male,24.2,131.0,84.0,137.0,6.1,128.0,0,0,0,1.1,7,2,1,1,1,1
20,female,19.0,123.0,63.0,103.0,6.8,48.0,1,0,0,2.2,10,7,1,0,0,0
29,male,24.3,140.0,69.0,99.0,7.0,224.0,0,0,1,2.4,6,10,0,1,1,1
43,male,13.6,126.0,70.0,110.0,6.2,31.0,1,0,1,1.3,8,4,1,1,1,1
33,male,30.1,116.0,71.0,119.0,5.7,54.0,0,0,0,2.5,6,6,1,1,1,1
68,male,19.7,138.0,68.0,105.0,6.6,298.0,0,0,1,1.8,7,6,0,0,1,1
54,male,17.3,137.0,71.0,110.0,6.1,102.0,0,0,0,1.2,8,7,0,1,1,1
39,male,23.7,131.0,75.0,107.0,3.7,1.0,0,1,0,1.8,5,3,1,1,1,1
74,female,34.5,152.0,81.0,118.0,5.7,34.0,0,0,0,1.1,8,5,1,1,1,0
46,male,25.3,137.0,83.0,112.0,7.2,168.0,0,1,0,2.2,2,5,1,1,1,1
31,male,19.9,117.0,70.0,95.0,6.8,6.0,0,1,1,2.0,6,4,0,0,1,1
45,male,30.2,130.0,76.0,106.0,7.0,596.0,0,0,0,1.2,6,10,0,1,0,1
22,male,29.1,123.0,73.0,119.0,7.6,274.0,1,0,0,1.1,7,10,1,1,1,1
64,female,37.8,151.0,80.0,137.0,7.2,30.0,0,0,0,0.5,7,10,1,1,1,0
66,male,24.9,132.0,80.0,119.0,6.9,271.0,0,0,0,1.6,4,7,0,1,1,1
47,male,30.9,154.0,73.0,95.0,6.3,144.0,0,1,0,1.4,9,5,1,1,1,1
63,male,38.5,129.0,74.0,133.0,5.9,66.0,0,0,0,1.6,3,3,1,1,1,1
79,male,30.8,136.0,81.0,141.0,6.9,26.0,1,0,0,1.4,9,4,1,1,1,1
69,female,23.6,146.0,80.0,136.0,5.5,27.0,0,1,1,2.4,9,2,1,1,1,0
22,male,24.2,127.0,72.0,121.0,7.7,108.0,1,1,1,1.4,3,3,1,1,1,1
29,female,11.5,118.0,62.0,85.0,5.6,65.0,1,0,0,2.6,3,5,1,0,0,0
33,male,31.4,137.0,75.0,109.0,8.6,109.0,0,0,0,1.5,1,1,0,0,1,1
43,female,48.4,151.0,85.0,134.0,6.7,48.0,0,0,0,1.4,7,4,1,1,1,0
43,female,27.5,134.0,76.0,117.0,8.3,31.0,0,1,1,1.5,8,5,1,1,1,0
65,male,21.3,141.0,72.0,119.0,5.4,217.0,0,1,1,1.6,7,5,0,1,1,1
38,male,22.9,104.0,73.0,125.0,8.9,303.0,0,0,0,3.1,7,8,0,0,0,1
56,female,31.3,140.0,88.0,127.0,5.4,147.0,0,1,0,0.8,5,3,1,1,1,0
53,female,27.6,137.0,70.0,135.0,6.7,21.0,0,0,0,2.5,7,9,1,1,1,0
50,male,28.8,153.0,83.0,112.0,5.1,12.0,1,0,0,2.1,10,4,1,1,1,1
79,female,27.6,142.0,67.0,124.0,6.8,93.0,0,0,0,1.7,4,10,1,1,1,0
47,female,29.6,136.0,73.0,116.0,6.6,96.0,0,0,0,1.0,1,5,1,1,1,0
54,female,19.4,145.0,71.0,113.0,3.8,122.0,0,1,0,2.6,10,2,0,1,1,0
40,male,28.3,137.0,81.0,101.0,7.0,284.0,0,0,0,1.0,4,2,0,1,0,1
75,female,39.7,154.0,94.0,161.0,7.5,125.0,0,1,0,2.0,4,9,1,1,1,0
27,female,19.7,130.0,77.0,107.0,5.7,297.0,1,1,0,1.2,4,9,0,1,1,0
71,female,25.0,137.0,81.0,110.0,6.4,15.0,0,1,1,2.5,6,2,1,1,1,0
22,male,25.8,138.0,77.0,97.0,6.5,148.0,0,0,0,1.3,1,1,0,1,0,1
53,male,23.7,141.0,67.0,118.0,8.9,315.0,0,1,0,2.1,4,1,0,1,0,1
51,female,28.1,124.0,81.0,128.0,7.1,75.0,0,0,0,1.6,1,9,1,1,0,0
69,male,26.6,139.0,72.0,136.0,6.1,411.0,0,0,1,1.3,1,5,1,1,1,1
48,female,13.4,110.0,67.0,107.0,5.4,96.0,1,1,0,0.9,5,3,0,1,0,0
27,male,32.3,137.0,76.0,125.0,4.6,344.0,1,0,0,2.4,10,1,0,1,1,1
75,male,25.8,150.0,72.0,130.0,6.6,166.0,0,0,0,2.1,9,4,1,1,1,1
36,female,22.2,124.0,79.0,110.0,7.0,73.0,0,1,0,1.4,9,3,0,0,1,0
75,male,19.3,151.0,77.0,116.0,5.2,4.0,0,1,1,1.6,1,5,1,1,1,1
49,male,29.7,137.0,68.0,122.0,5.0,129.0,0,1,1,1.0,6,10,1,1,1,1
18,male,20.9,141.0,78.0,103.0,7.4,35.0,0,1,0,1.3,9,8,0,1,1,1
73,female,17.9,130.0,75.0,118.0,8.1,41.0,0,0,1,1.8,1,7,1,1,0,0
22,male,19.2,125.0,68.0,109.0,6.4,2.0,0,0,0,1.1,2,5,1,0,1,1
62,male,21.4,134.0,74.0,137.0,7.5,98.0,1,1,0,1.8,10,10,1,1,1,1
21,female,23.2,117.0,55.0,95.0,6.7,41.0,0,0,1,2.2,3,3,0,0,1,0
33,male,16.8,122.0,78.0,106.0,10.0,485.0,0,0,0,1.9,5,5,0,1,0,1
41,male,38.7,143.0,78.0,131.0,6.7,166.0,0,0,0,1.0,10,1,0,1,1,1
33,male,21.2,126.0,72.0,105.0,8.6,53.0,0,1,1,1.8,8,3,1,1,1,1
72,male,24.5,149.0,82.0,137.0,7.5,42.0,0,1,0,2.8,3,2,1,1,1,1
19,male,27.0,129.0,69.0,104.0,6.1,151.0,1,0,1,2.7,7,1,0,0,1,1
66,female,29.7,156.0,72.0,135.0,7.6,35.0,0,0,0,1.6,1,5,1,1,1,0
45,female,23.7,123.0,68.0,130.0,6.7,71.0,0,1,1,1.5,10,1,1,0,1,0
49,male,27.3,123.0,81.0,124.0,5.5,21.0,0,0,0,2.3,5,2,0,1,1,1
44,male,25.0,132.0,74.0,114.0,6.9,35.0,0,1,1,1.5,2,1,1,0,1,1
37,male,37.4,131.0,83.0,130.0,6.2,12.0,0,0,0,0.9,5,10,1,1,1,1
41,female,23.8,138.0,80.0,109.0,6.7,67.0,0,0,0,2.1,5,8,1,1,1,0
29,female,26.3,119.0,78.0,104.0,6.7,314.0,0,1,0,1.3,10,8,0,0,0,0
67,male,24.5,137.0,85.0,127.0,6.5,13.0,0,0,1,1.5,6,1,1,1,1,1
52,male,22.2,131.0,70.0,125.0,5.6,69.0,1,0,0,1.8,5,7,1,1,1,1
77,female,17.2,155.0,80.0,120.0,8.4,43.0,1,0,1,1.4,1,3,1,1,1,0
50,male,21.9,150.0,71.0,121.0,6.7,54.0,0,1,0,2.2,10,3,1,1,1,1
50,female,29.7,129.0,70.0,149.0,7.1,177.0,0,0,1,2.2,2,2,1,1,1,0
78,female,19.5,125.0,80.0,136.0,6.5,69.0,0,1,1,2.2,7,2,1,1,1,0
68,male,34.9,144.0,85.0,125.0,6.3,126.0,0,0,0,2.6,3,10,1,1,1,1
60,female,21.8,137.0,73.0,120.0,7.1,430.0,0,1,0,1.8,8,6,0,1,0,0
54,male,15.1,130.0,73.0,113.0,8.6,115.0,0,1,1,1.3,2,5,1,1,0,1
29,male,29.0,128.0,77.0,105.0,4.8,49.0,0,1,0,1.2,3,6,0,1,0,1
20,male,16.4,124.0,64.0,108.0,5.4,61.0,0,0,0,1.2,10,10,0,0,1,1
18,male,19.4,116.0,73.0,94.0,6.4,143.0,0,1,1,0.9,7,3,0,0,0,1
50,male,35.4,143.0,73.0,135.0,5.8,142.0,1,0,0,1.2,1,7,1,1,1,1
57,male,39.0,151.0,83.0,155.0,9.4,55.0,0,0,0,2.1,10,10,1,1,1,1
27,female,33.9,133.0,67.0,117.0,6.3,155.0,0,1,0,1.7,5,4,1,0,1,0
60,female,19.2,141.0,83.0,120.0,7.4,96.0,0,0,0,2.2,7,2,1,1,1,0
61,female,33.6,131.0,83.0,132.0,6.4,472.0,0,0,1,1.0,1,7,1,1,1,0
46,female,26.6,135.0,87.0,107.0,3.5,286.0,0,1,0,1.5,1,4,0,1,0,0
30,male,31.9,133.0,68.0,109.0,6.3,208.0,0,0,1,3.5,4,1,0,1,1,1
29,female,35.9,132.0,79.0,125.0,5.3,4.0,0,1,1,2.6,7,9,1,1,1,0
48,female,36.4,136.0,78.0,129.0,7.2,57.0,0,1,0,3.2,1,1,1,1,1,0
63,female,28.9,146.0,69.0,123.0,6.4,102.0,1,1,0,2.9,6,1,1,1,1,0
19,male,20.8,121.0,70.0,116.0,5.8,88.0,0,0,0,1.8,4,7,0,0,0,1
78,female,25.8,146.0,83.0,132.0,6.7,173.0,0,0,0,2.0,5,7,1,1,1,0
68,male,23.3,139.0,89.0,148.0,6.2,288.0,0,0,0,1.9,2,9,1,1,1,1
67,female,20.6,137.0,73.0,108.0,8.1,186.0,0,1,1,1.5,2,5,0,1,1,0
52,male,32.7,134.0,80.0,120.0,7.5,30.0,0,0,0,2.8,10,2,0,1,1,1
40,male,39.2,136.0,80.0,145.0,9.1,80.0,0,0,1,2.5,9,8,1,1,1,1
34,female,29.5,124.0,73.0,137.0,7.7,60.0,0,0,0,2.5,6,3,1,0,0,0
43,male,26.2,130.0,74.0,106.0,7.4,174.0,0,1,0,1.1,3,5,1,1,0,1
25,male,16.3,123.0,73.0,97.0,7.6,271.0,0,0,0,1.4,2,6,0,1,0,1
46,female,25.9,141.0,74.0,115.0,7.8,41.0,0,0,0,2.0,9,3,0,1,1,0
43,female,29.8,135.0,74.0,137.0,4.5,81.0,0,1,1,1.1,7,6,1,1,1,0
27,female,32.1,129.0,71.0,115.0,7.5,158.0,0,0,1,1.8,9,5,1,0,0,0
43,male,21.7,131.0,64.0,110.0,4.7,6.0,0,0,0,1.0,8,7,1,1,1,1
79,male,14.7,148.0,82.0,114.0,4.3,396.0,1,0,0,1.0,8,10,0,1,1,1
51,male,37.2,141.0,76.0,130.0,5.4,193.0,0,0,1,2.8,5,2,1,1,1,1
68,female,18.0,142.0,83.0,121.0,7.1,94.0,0,1,1,3.3,7,8,1,1,1,0
58,male,27.7,143.0,85.0,145.0,5.1,181.0,0,0,0,2.4,5,6,1,1,1,1
24,male,21.8,118.0,85.0,124.0,7.5,217.0,0,0,0,1.4,10,1,0,0,0,1
21,male,12.9,122.0,70.0,85.0,8.9,82.0,0,0,1,1.7,7,2,0,0,0,1
75,male,31.4,132.0,84.0,128.0,6.4,70.0,0,0,0,2.1,6,3,1,1,1,1
70,male,27.4,153.0,82.0,126.0,7.1,218.0,0,0,1,2.2,4,3,1,1,1,1
67,male,16.9,127.0,77.0,110.0,5.9,236.0,0,1,1,1.8,7,10,0,1,1,1
62,male,28.7,141.0,85.0,136.0,5.2,16.0,0,0,1,2.3,6,3,1,1,1,1
28,female,18.5,129.0,69.0,121.0,6.5,286.0,0,1,1,1.9,7,5,0,1,1,0
46,female,20.7,127.0,76.0,107.0,5.8,39.0,0,1,0,1.3,10,9,0,1,1,0
73,female,20.7,144.0,77.0,121.0,6.2,132.0,0,0,0,2.1,1,6,1,1,1,0
53,male,28.2,145.0,69.0,132.0,5.9,148.0,0,0,0,2.5,9,9,1,1,1,1
42,male,17.3,142.0,76.0,121.0,5.1,39.0,0,0,0,2.0,10,3,1,1,1,1
38,female,15.7,124.0,55.0,99.0,6.6,44.0,0,0,0,1.3,8,9,0,0,1,0
78,male,23.7,147.0,82.0,131.0,4.3,147.0,0,0,1,1.9,3,4,1,1,1,1
74,female,31.0,149.0,87.0,122.0,7.5,23.0,0,1,1,1.4,1,7,1,1,1,0
53,male,24.6,134.0,79.0,131.0,4.6,235.0,0,1,0,1.2,2,1,0,0,0,1
27,male,37.9,123.0,71.0,114.0,6.0,30.0,0,1,0,1.2,6,10,0,1,1,1
54,female,22.6,126.0,84.0,118.0,8.3,52.0,0,0,0,1.3,7,3,1,1,1,0
26,female,22.3,124.0,81.0,102.0,7.7,37.0,0,1,1,2.0,2,4,1,1,0,0
41,female,19.9,131.0,76.0,98.0,6.8,34.0,0,0,0,2.7,8,8,1,1,1,0
52,female,21.7,144.0,85.0,108.0,9.6,463.0,0,1,0,2.4,6,1,0,1,0,0
66,female,25.4,140.0,90.0,118.0,6.9,35.0,0,0,0,2.1,5,7,1,1,1,0
52,male,23.5,147.0,71.0,132.0,8.2,104.0,0,0,0,2.3,5,4,1,1,1,1
65,male,27.2,133.0,72.0,118.0,6.0,164.0,0,0,1,2.6,6,3,1,1,1,1
53,male,21.7,136.0,79.0,116.0,3.0,5.0,0,0,0,2.6,1,8,1,1,1,1
35,female,30.1,130.0,55.0,110.0,7.1,256.0,0,1,0,1.8,3,5,0,0,1,0
66,female,22.3,129.0,75.0,131.0,7.4,20.0,1,0,0,1.5,7,6,1,1,1,0
56,female,32.3,128.0,74.0,139.0,7.3,106.0,1,0,0,3.0,6,2,1,1,1,0
49,female,27.1,132.0,74.0,128.0,4.9,123.0,0,0,1,2.2,7,1,1,1,1,0
41,female,25.4,129.0,66.0,111.0,10.0,119.0,0,0,1,2.4,2,7,1,1,1,0
40,female,25.4,124.0,73.0,107.0,5.4,159.0,0,0,1,1.1,6,8,1,1,0,0
79,male,20.9,150.0,82.0,111.0,6.9,321.0,0,0,0,2.7,5,3,0,1,1,1
49,male,26.6,132.0,86.0,128.0,7.1,314.0,1,0,1,1.4,3,6,1,1,1,1
54,male,26.8,130.0,79.0,115.0,7.9,104.0,0,0,1,1.5,10,1,1,1,1,1
29,male,16.0,119.0,59.0,113.0,5.9,55.0,0,1,1,1.2,2,4,1,0,0,1
66,male,31.6,140.0,80.0,118.0,7.5,47.0,0,0,0,1.8,5,2,1,1,1,1
72,female,21.6,155.0,86.0,119.0,8.9,261.0,0,0,1,1.8,7,1,0,1,0,0
30,female,27.2,126.0,71.0,108.0,6.2,230.0,0,0,0,1.7,6,3,0,1,1,0
40,female,11.0,115.0,73.0,93.0,6.1,42.0,0,0,1,1.8,3,2,0,0,1,0
42,female,28.9,147.0,82.0,98.0,5.5,20.0,0,0,0,1.1,6,5,1,1,1,0
52,female,42.6,152.0,82.0,118.0,7.1,237.0,0,1,1,2.2,9,9,1,1,1,0
58,female,23.8,138.0,78.0,132.0,5.6,112.0,1,0,0,3.0,3,8,1,1,1,0
47,male,22.5,126.0,77.0,104.0,7.7,45.0,1,0,0,1.4,2,2,0,1,1,1
34,female,23.6,134.0,70.0,119.0,6.2,113.0,0,0,1,1.3,9,7,1,0,1,0
66,female,33.0,134.0,79.0,130.0,6.5,8.0,0,0,1,1.7,5,3,1,1,1,0
79,female,25.7,153.0,74.0,123.0,5.5,25.0,0,1,0,1.6,1,6,1,1,1,0
37,female,26.4,133.0,71.0,110.0,9.6,95.0,0,0,0,1.1,1,9,1,1,1,0
65,male,44.0,160.0,88.0,138.0,6.9,93.0,0,1,1,0.9,9,3,1,1,1,1
42,male,31.3,117.0,79.0,129.0,5.3,34.0,0,1,0,2.5,8,10,1,1,0,1
39,female,22.0,121.0,66.0,97.0,7.2,483.0,1,0,0,0.7,2,10,0,1,0,0
30,male,19.8,116.0,65.0,106.0,4.6,64.0,1,0,0,1.8,1,2,0,1,1,1
76,male,18.3,132.0,73.0,124.0,5.9,148.0,0,0,0,1.1,10,2,1,1,1,1
36,female,31.0,136.0,66.0,128.0,7.4,36.0,0,1,0,2.6,9,5,1,0,1,0
66,female,20.8,137.0,78.0,131.0,7.5,66.0,1,0,1,1.0,4,6,1,1,1,0
53,female,42.9,140.0,77.0,132.0,8.0,214.0,0,0,0,1.3,6,4,1,1,1,0
29,female,23.0,117.0,74.0,93.0,8.5,227.0,0,0,1,1.0,4,6,0,0,0,0
78,female,22.4,137.0,85.0,128.0,6.6,17.0,0,0,0,1.3,10,4,1,1,1,0
58,male,20.6,142.0,65.0,114.0,8.0,53.0,0,0,0,1.1,4,5,1,1,1,1
36,female,32.0,133.0,71.0,134.0,7.8,27.0,0,0,0,2.1,8,7,1,1,1,0
29,female,19.9,130.0,61.0,109.0,7.9,265.0,0,0,0,2.1,9,6,0,0,0,0
26,female,28.2,149.0,61.0,128.0,4.9,168.0,0,1,0,3.5,5,2,0,1,1,0
24,male,23.3,123.0,74.0,102.0,7.1,99.0,0,1,1,0.6,3,9,1,1,1,1
45,female,27.4,123.0,76.0,133.0,6.4,126.0,0,0,1,2.3,7,10,1,1,1,0
31,female,30.8,130.0,71.0,119.0,8.5,295.0,0,1,1,1.6,2,5,1,1,1,0
48,female,21.1,147.0,68.0,118.0,6.9,43.0,0,0,0,2.2,2,9,1,1,1,0
69,male,32.9,156.0,74.0,110.0,6.3,2.0,0,1,0,1.6,9,5,1,1,1,1
36,female,29.2,127.0,75.0,130.0,6.4,3.0,0,0,0,2.4,6,3,1,1,1,0
75,female,32.7,147.0,80.0,130.0,6.3,6.0,0,0,0,3.0,9,7,1,1,1,0
64,female,27.1,148.0,72.0,130.0,7.0,17.0,0,0,0,1.3,5,8,1,1,1,0
33,male,37.7,140.0,79.0,120.0,7.2,102.0,0,0,0,1.2,1,5,1,1,1,1
70,female,26.4,150.0,80.0,139.0,6.5,476.0,1,1,0,1.1,2,9,0,1,1,0
22,female,20.8,119.0,64.0,108.0,6.4,65.0,0,0,1,0.9,3,3,0,0,0,0
52,female,21.3,137.0,71.0,116.0,5.6,150.0,0,0,0,1.4,10,8,1,1,1,0
29,male,24.7,124.0,77.0,134.0,8.7,189.0,0,0,1,1.5,8,2,1,1,0,1
42,female,24.5,143.0,78.0,85.0,6.4,194.0,0,1,0,1.9,3,10,0,1,1,0
69,female,27.7,132.0,75.0,121.0,7.1,70.0,0,0,0,1.5,3,1,1,1,1,0
76,female,23.5,132.0,88.0,122.0,7.3,96.0,0,1,0,1.4,7,7,1,1,1,0
38,male,16.9,120.0,70.0,97.0,7.2,48.0,0,0,1,1.9,9,10,1,0,0,1
53,male,24.8,131.0,80.0,122.0,6.2,140.0,0,0,0,1.7,4,5,0,1,0,1
70,female,24.0,130.0,71.0,106.0,7.6,58.0,0,0,0,2.5,4,7,1,1,1,0
40,male,14.2,111.0,69.0,89.0,8.7,45.0,0,0,0,2.5,9,3,0,0,0,1
33,male,19.6,133.0,65.0,113.0,7.7,118.0,0,1,1,1.4,5,3,1,0,0,1
74,male,30.8,147.0,70.0,119.0,7.4,50.0,0,1,0,1.0,6,1,1,1,1,1
56,female,22.9,134.0,75.0,124.0,7.6,63.0,0,0,0,1.6,7,3,1,1,1,0
62,female,22.0,138.0,74.0,111.0,6.9,149.0,0,0,1,1.6,6,1,0,1,1,0
70,male,24.9,156.0,84.0,113.0,6.4,230.0,0,1,0,3.0,2,4,0,1,1,1
59,male,28.3,142.0,74.0,111.0,9.3,68.0,0,0,1,1.8,9,10,1,1,1,1
75,male,24.4,144.0,80.0,113.0,8.8,89.0,0,0,0,1.6,2,5,1,1,1,1
56,female,25.4,133.0,74.0,114.0,6.2,165.0,0,1,0,0.6,9,10,0,1,1,0
31,female,36.7,139.0,70.0,113.0,8.3,31.0,0,0,0,2.2,6,9,1,1,1,0
48,male,24.2,133.0,79.0,115.0,7.4,64.0,0,0,0,1.7,5,1,1,1,1,1
75,male,26.5,159.0,76.0,104.0,7.0,200.0,1,0,1,2.3,8,8,1,1,1,1
22,male,19.7,119.0,67.0,94.0,8.8,270.0,0,1,0,2.7,2,4,0,0,0,1
52,male,26.3,145.0,69.0,134.0,7.0,124.0,1,0,0,1.2,1,4,1,1,1,1
40,female,20.5,123.0,62.0,95.0,7.1,60.0,0,0,0,2.4,7,1,1,0,1,0
46,male,27.4,129.0,78.0,111.0,7.4,112.0,1,0,0,2.2,6,8,1,1,1,1
60,female,13.3,117.0,72.0,125.0,5.2,24.0,1,1,0,1.5,4,5,1,1,1,0
28,male,24.4,132.0,77.0,110.0,7.2,4.0,0,1,0,1.2,4,3,0,0,0,1
35,male,28.6,131.0,77.0,96.0,5.0,9.0,0,0,0,1.2,6,5,0,1,1,1
64,male,26.5,147.0,70.0,130.0,7.6,14.0,0,0,0,1.5,7,7,1,1,1,1
29,male,26.3,141.0,72.0,127.0,7.5,31.0,0,0,0,1.8,2,9,1,1,1,1
26,male,22.3,117.0,70.0,108.0,8.3,74.0,0,0,0,2.5,7,9,1,1,0,1
27,female,21.4,116.0,77.0,101.0,7.6,32.0,0,0,0,2.5,10,7,1,1,1,0
75,male,27.4,140.0,87.0,106.0,10.0,106.0,1,0,1,1.6,7,9,1,1,1,1
61,male,25.4,123.0,66.0,115.0,5.0,600.0,0,1,1,0.9,6,9,0,1,1,1
34,male,14.9,121.0,76.0,89.0,6.8,83.0,0,0,0,1.3,3,3,0,0,0,1
78,female,29.3,156.0,86.0,130.0,8.2,170.0,0,0,0,1.6,8,5,1,1,1,0
55,female,20.0,134.0,69.0,124.0,8.3,42.0,0,0,0,1.5,1,2,1,0,1,0
24,female,21.6,110.0,70.0,95.0,6.1,395.0,0,0,0,2.6,8,10,0,0,0,0
63,female,37.7,145.0,68.0,141.0,8.3,34.0,0,0,0,1.5,7,5,1,1,1,0
30,male,27.2,129.0,72.0,92.0,4.9,109.0,0,1,0,0.6,2,7,0,1,0,1
57,male,19.0,142.0,68.0,111.0,5.8,491.0,0,0,0,2.4,1,5,0,1,0,1
59,male,18.5,141.0,78.0,90.0,7.3,198.0,0,1,0,2.2,8,8,0,1,1,1
26,female,16.8,118.0,71.0,105.0,7.2,580.0,0,0,1,1.2,4,10,0,1,0,0
67,male,29.2,142.0,78.0,140.0,8.4,57.0,0,0,1,1.7,10,2,1,1,1,1
44,male,22.3,136.0,74.0,108.0,8.0,10.0,0,1,0,1.3,10,6,1,1,1,1
75,female,15.7,135.0,71.0,119.0,6.2,33.0,0,1,0,2.9,9,10,0,1,1,0
19,female,33.4,134.0,66.0,110.0,8.4,379.0,0,0,0,0.8,4,6,0,0,0,0
22,female,30.8,122.0,85.0,119.0,7.5,56.0,0,0,1,1.2,8,4,1,1,0,0
46,male,44.4,157.0,86.0,143.0,7.9,16.0,0,0,1,1.5,8,1,1,1,1,1
54,male,26.6,139.0,77.0,120.0,7.8,108.0,0,0,1,2.1,1,6,1,1,1,1
55,female,23.2,120.0,74.0,111.0,6.5,83.0,1,0,1,2.4,5,9,1,1,1,0
36,male,29.1,137.0,89.0,120.0,8.1,8.0,0,0,1,2.4,4,1,1,1,1,1
25,female,22.5,126.0,81.0,130.0,7.2,72.0,0,0,0,2.1,4,6,0,1,0,0
65,female,24.4,145.0,75.0,125.0,8.0,120.0,0,0,0,0.7,9,4,1,1,1,0
62,male,29.0,160.0,72.0,109.0,8.7,32.0,0,0,0,1.4,3,9,1,1,1,1
18,female,19.0,117.0,69.0,125.0,6.7,16.0,0,0,1,2.0,8,9,1,0,1,0
39,female,27.5,120.0,72.0,107.0,8.2,240.0,1,0,0,2.1,9,7,0,1,0,0
69,female,22.2,151.0,71.0,111.0,6.4,118.0,1,0,0,1.3,8,1,0,1,1,0
34,male,54.2,132.0,90.0,151.0,6.2,20.0,1,1,1,1.5,4,3,1,1,1,1
24,female,34.2,124.0,77.0,113.0,6.8,119.0,0,1,1,1.6,2,1,0,0,1,0
42,female,16.2,127.0,69.0,113.0,6.8,159.0,0,1,0,2.6,10,5,0,1,0,0
62,female,23.0,131.0,74.0,124.0,7.4,109.0,0,1,0,1.9,7,7,1,1,1,0
21,female,29.8,126.0,72.0,118.0,5.3,15.0,0,1,0,1.2,3,5,1,0,1,0
53,female,23.8,134.0,72.0,135.0,7.5,16.0,0,0,0,1.3,6,3,1,1,1,0
23,female,17.2,132.0,65.0,99.0,6.6,6.0,0,0,1,1.7,3,5,1,0,0,0
77,female,27.2,128.0,92.0,128.0,4.3,32.0,1,0,0,0.9,4,9,1,1,1,0
48,male,26.5,136.0,70.0,107.0,7.3,7.0,0,0,0,1.2,2,3,1,1,1,1
36,male,18.2,118.0,58.0,116.0,8.6,196.0,0,0,1,1.9,5,10,1,0,0,1
78,female,34.7,148.0,86.0,137.0,8.2,2.0,0,0,0,1.9,10,6,1,1,1,0
61,male,16.3,140.0,81.0,128.0,6.8,104.0,0,0,0,2.6,7,2,1,1,0,1
71,male,27.0,149.0,80.0,130.0,6.2,199.0,0,1,0,1.2,2,4,1,1,1,1
56,female,21.1,138.0,65.0,137.0,7.9,270.0,0,0,0,1.9,5,7,1,1,1,0
44,male,33.8,128.0,76.0,122.0,6.2,63.0,0,1,0,2.7,6,9,1,1,1,1
27,female,36.0,142.0,72.0,123.0,6.7,116.0,1,1,0,2.4,6,4,1,1,1,0
43,female,24.9,125.0,82.0,116.0,10.0,362.0,0,0,1,2.8,2,10,0,1,0,0
36,female,19.0,137.0,66.0,100.0,8.7,134.0,1,1,1,0.9,2,3,0,0,1,0
56,female,32.8,137.0,80.0,103.0,6.6,278.0,1,1,1,2.2,2,7,1,1,1,0
79,female,38.3,163.0,87.0,141.0,7.7,138.0,1,1,0,1.0,3,2,1,1,1,0
20,male,25.8,124.0,66.0,90.0,8.9,8.0,1,1,0,3.3,2,4,1,1,0,1
62,female,25.8,127.0,73.0,127.0,7.4,26.0,0,1,1,2.4,9,5,1,1,1,0
30,male,27.5,126.0,75.0,128.0,5.4,339.0,0,0,0,2.3,10,3,0,1,0,1
67,female,30.1,158.0,60.0,126.0,7.2,223.0,1,0,0,1.4,5,5,1,1,1,0
45,female,15.3,134.0,80.0,112.0,6.5,66.0,0,0,0,2.0,9,2,0,1,1,0
79,female,27.1,144.0,74.0,133.0,6.5,21.0,0,0,1,2.1,8,8,1,1,1,0
75,male,22.6,154.0,78.0,134.0,5.9,21.0,0,0,1,1.4,5,5,1,1,1,1
37,female,24.3,132.0,65.0,112.0,5.4,282.0,0,0,0,1.8,7,8,0,1,1,0
45,female,15.5,140.0,79.0,93.0,6.1,22.0,1,0,0,0.3,2,3,0,1,1,0
25,female,31.0,128.0,73.0,94.0,7.8,59.0,0,0,1,2.9,10,2,1,1,1,0
78,female,26.4,145.0,81.0,123.0,8.1,277.0,0,1,1,2.1,10,9,1,1,1,0
58,male,34.0,152.0,82.0,108.0,9.6,4.0,0,0,1,1.5,7,5,1,1,1,1
56,female,31.9,144.0,84.0,126.0,6.2,120.0,0,0,0,2.3,5,8,1,1,1,0
18,male,31.5,131.0,65.0,117.0,5.8,52.0,0,0,0,0.7,6,10,1,0,1,1
20,female,15.5,110.0,66.0,94.0,8.0,14.0,1,0,0,2.4,9,5,0,0,1,0
30,male,24.3,136.0,79.0,120.0,4.9,101.0,0,0,0,1.7,8,6,0,1,1,1
45,male,29.7,144.0,73.0,122.0,4.2,80.0,0,1,1,0.7,2,2,1,1,1,1
79,female,33.1,162.0,90.0,126.0,7.9,13.0,0,0,1,1.8,10,1,1,1,1,0
74,female,29.4,136.0,81.0,123.0,5.6,37.0,1,0,0,2.4,6,2,1,1,1,0
77,male,22.0,135.0,76.0,139.0,5.9,162.0,0,1,0,2.3,1,2,1,1,1,1
66,female,30.2,139.0,83.0,107.0,7.6,169.0,0,0,0,1.8,8,9,1,1,1,0
42,female,30.8,133.0,75.0,117.0,6.9,110.0,1,0,1,1.8,1,7,0,1,1,0
73,female,27.1,135.0,84.0,129.0,6.5,14.0,0,0,0,1.1,2,5,1,1,1,0
50,male,26.9,141.0,73.0,112.0,5.1,230.0,0,0,1,1.8,4,9,1,1,1,1
55,female,20.3,131.0,79.0,106.0,6.1,23.0,0,1,1,2.1,10,8,1,1,1,0
70,female,24.8,153.0,81.0,137.0,6.2,153.0,0,1,1,2.6,2,10,1,1,1,0
23,female,29.1,143.0,70.0,138.0,6.3,5.0,1,0,0,1.0,5,7,1,1,1,0
75,male,23.6,139.0,67.0,120.0,7.6,48.0,0,0,1,1.5,7,5,1,1,1,1
61,female,24.5,133.0,79.0,121.0,7.2,78.0,0,1,1,2.1,7,8,1,1,1,0
62,male,31.0,149.0,85.0,133.0,6.5,3.0,0,0,1,0.6,10,10,1,1,1,1
49,female,14.1,129.0,73.0,95.0,7.0,23.0,0,0,1,1.5,5,5,0,1,1,0
62,male,29.2,145.0,65.0,126.0,9.1,46.0,0,0,0,2.8,3,5,1,1,1,1
78,female,27.6,158.0,87.0,147.0,7.3,486.0,0,0,1,1.0,5,5,1,1,1,0
64,female,19.9,135.0,78.0,146.0,8.7,181.0,1,0,1,2.1,4,2,1,1,1,0
38,male,17.2,117.0,75.0,92.0,6.1,220.0,0,0,0,1.9,6,9,0,1,0,1
33,male,30.3,122.0,74.0,106.0,6.6,132.0,0,0,0,1.9,1,10,0,1,0,1
71,male,16.1,137.0,64.0,111.0,6.4,42.0,1,0,0,2.1,1,6,1,1,1,1
38,female,28.1,129.0,78.0,112.0,7.3,148.0,0,0,1,1.5,8,2,1,1,1,0
28,female,28.6,135.0,71.0,127.0,7.4,134.0,0,0,0,1.7,6,1,1,0,0,0
77,female,28.7,159.0,76.0,129.0,7.5,113.0,1,0,0,1.8,9,4,1,1,1,0
54,female,27.8,149.0,87.0,133.0,3.8,43.0,0,0,0,2.3,10,4,1,1,1,0
53,male,25.2,131.0,79.0,121.0,5.6,37.0,0,0,0,2.1,1,5,1,1,0,1
52,female,23.4,128.0,76.0,115.0,7.1,49.0,0,1,1,1.9,7,4,1,1,1,0
36,female,17.3,110.0,65.0,112.0,9.2,45.0,0,0,0,1.3,1,1,1,0,0,0
37,female,20.3,127.0,66.0,82.0,6.1,10.0,0,0,1,1.3,7,2,0,0,0,0
74,female,41.1,161.0,86.0,135.0,9.7,195.0,0,1,0,1.0,7,6,1,1,1,0
35,female,21.7,121.0,60.0,107.0,5.1,55.0,0,1,1,1.4,8,10,1,0,1,0
64,female,30.8,132.0,82.0,110.0,7.1,147.0,0,0,1,2.0,5,9,1,1,1,0
58,female,28.4,155.0,81.0,139.0,6.6,39.0,0,1,0,2.6,8,8,1,1,1,0
66,male,19.9,133.0,84.0,115.0,6.2,111.0,0,0,1,1.9,10,7,1,1,1,1
31,female,29.4,129.0,79.0,120.0,8.0,4.0,0,1,0,1.4,5,7,1,1,1,0
32,female,22.7,123.0,78.0,120.0,6.7,13.0,1,0,1,1.8,9,1,1,0,1,0
48,female,37.6,131.0,75.0,118.0,4.8,54.0,0,0,0,1.4,8,5,1,1,1,0
18,female,22.9,128.0,61.0,109.0,4.3,38.0,0,1,0,2.2,7,4,0,0,0,0
70,male,22.8,128.0,78.0,102.0,5.4,52.0,0,1,1,1.0,7,5,1,1,1,1
71,male,18.6,149.0,79.0,125.0,7.6,320.0,0,0,0,2.3,3,6,0,1,1,1
71,male,35.0,152.0,87.0,126.0,6.5,9.0,0,1,1,2.2,6,6,1,1,1,1
20,male,31.5,125.0,81.0,111.0,8.1,75.0,1,0,1,1.4,6,10,1,1,1,1
33,male,29.7,129.0,67.0,130.0,6.6,27.0,1,1,0,1.4,5,5,1,1,1,1
40,male,27.9,136.0,79.0,139.0,7.2,53.0,0,0,0,1.5,2,3,1,1,1,1
74,female,25.4,140.0,65.0,116.0,8.8,136.0,0,0,0,2.1,10,3,0,1,1,0
28,male,19.0,124.0,72.0,95.0,6.6,433.0,1,0,0,1.2,7,8,0,1,0,1
29,male,27.9,121.0,77.0,122.0,9.3,142.0,0,1,0,0.9,5,8,1,0,1,1
27,female,25.9,109.0,63.0,119.0,7.7,259.0,0,0,0,1.7,2,8,0,0,0,0
49,male,27.2,141.0,79.0,105.0,5.6,19.0,0,1,0,2.2,4,7,1,1,1,1
33,female,26.5,149.0,66.0,113.0,5.2,24.0,0,0,1,0.8,1,5,1,1,1,0
25,female,30.6,133.0,71.0,115.0,4.9,251.0,0,0,0,0.3,8,6,0,1,1,0
55,male,23.7,136.0,81.0,117.0,6.8,112.0,1,0,0,2.2,5,6,1,1,1,1
29,female,22.2,122.0,69.0,117.0,4.7,188.0,1,0,0,1.9,8,9,0,1,1,0
41,male,15.1,123.0,69.0,124.0,9.1,30.0,0,0,1,1.8,1,5,1,0,1,1
45,male,25.5,130.0,76.0,114.0,9.7,51.0,0,0,0,1.6,8,7,1,1,1,1
70,female,34.9,151.0,86.0,154.0,4.7,10.0,0,0,0,1.8,5,9,1,1,1,0
25,female,34.1,111.0,74.0,117.0,7.1,271.0,0,0,1,2.2,7,9,0,1,1,0
75,male,24.9,124.0,88.0,144.0,4.2,376.0,0,0,0,2.8,3,1,0,1,0,1
45,female,30.9,140.0,74.0,126.0,7.7,234.0,0,1,0,2.1,3,7,0,1,0,0
53,female,24.9,135.0,83.0,131.0,8.0,69.0,1,1,1,1.3,9,9,1,1,1,0
43,male,31.6,128.0,79.0,133.0,6.8,50.0,1,1,0,1.6,7,4,1,1,1,1
25,male,35.5,123.0,78.0,110.0,7.2,75.0,0,0,0,1.8,6,3,1,1,0,1
75,female,20.2,138.0,70.0,125.0,5.9,122.0,0,1,0,2.0,4,1,1,1,1,0
77,male,17.4,138.0,84.0,108.0,6.9,68.0,1,0,0,2.0,5,7,1,1,1,1
67,male,34.7,159.0,81.0,130.0,7.7,66.0,0,0,0,1.9,8,8,1,1,1,1
45,male,23.6,124.0,88.0,101.0,6.6,68.0,0,0,1,2.7,1,9,1,1,1,1
45,male,23.9,138.0,75.0,113.0,8.4,164.0,0,0,0,2.2,2,3,0,1,1,1
54,male,19.8,138.0,74.0,115.0,5.9,185.0,1,0,1,1.1,3,3,0,1,1,1
58,male,18.5,133.0,71.0,104.0,6.4,245.0,0,1,0,1.8,5,1,0,1,0,1
53,male,30.5,146.0,77.0,123.0,4.1,33.0,0,1,1,2.5,8,5,1,1,1,1
44,female,31.7,140.0,85.0,131.0,9.8,21.0,0,1,0,1.5,5,8,1,1,1,0
71,male,32.4,138.0,85.0,119.0,4.2,51.0,0,0,1,1.5,5,7,1,1,1,1
34,female,30.7,127.0,76.0,129.0,8.2,65.0,1,0,1,1.7,6,7,1,1,1,0
26,female,19.5,125.0,75.0,116.0,7.4,145.0,0,0,0,1.7,9,4,0,0,0,0
50,female,43.5,141.0,78.0,123.0,6.8,170.0,0,1,0,1.6,9,1,1,1,1,0
70,male,26.9,149.0,75.0,94.0,5.6,497.0,0,1,0,1.5,9,7,0,1,1,1
37,male,19.8,136.0,68.0,122.0,6.2,57.0,0,0,1,2.6,5,3,1,1,1,1
30,female,18.9,123.0,76.0,103.0,6.3,62.0,0,0,1,2.0,6,5,0,0,1,0
45,male,26.7,129.0,81.0,118.0,6.1,94.0,1,0,0,1.2,7,9,1,1,1,1
65,female,27.3,137.0,73.0,148.0,4.0,206.0,0,1,1,1.0,3,3,1,1,1,0
46,male,15.4,125.0,67.0,113.0,7.6,130.0,0,0,1,1.6,1,2,0,0,0,1
30,male,21.5,121.0,70.0,114.0,7.7,102.0,0,0,0,2.0,2,10,0,0,1,1
63,female,21.7,145.0,70.0,118.0,6.3,125.0,1,1,0,2.0,4,8,0,1,1,0
52,female,25.5,131.0,77.0,116.0,6.7,75.0,0,0,1,2.0,9,2,1,1,1,0
78,female,24.8,145.0,88.0,125.0,7.6,171.0,1,0,1,2.2,1,6,1,1,1,0
23,male,33.7,136.0,76.0,115.0,5.0,9.0,0,1,0,1.7,6,6,1,1,0,1
35,female,15.5,121.0,76.0,84.0,4.7,85.0,1,0,0,2.6,4,2,0,1,0,0
68,male,24.4,138.0,70.0,110.0,6.8,197.0,0,1,0,1.6,6,5,0,1,1,1
22,male,33.2,136.0,70.0,116.0,6.4,43.0,0,0,1,1.3,2,1,1,1,1,1
64,male,21.1,148.0,65.0,143.0,6.2,222.0,0,0,1,0.3,2,7,1,1,1,1
42,female,24.0,131.0,73.0,98.0,7.6,183.0,0,1,1,2.3,7,2,0,1,1,0
19,female,28.4,138.0,84.0,105.0,6.3,104.0,1,1,0,1.0,5,9,1,1,1,0
27,female,34.6,133.0,85.0,113.0,7.4,35.0,0,1,0,2.6,6,1,1,1,1,0
73,male,33.2,156.0,83.0,140.0,9.1,237.0,0,0,1,0.3,4,4,1,1,1,1
47,male,16.0,144.0,72.0,110.0,9.5,4.0,0,0,0,1.9,1,6,1,1,1,1
67,female,20.6,134.0,79.0,111.0,7.9,108.0,0,0,0,1.2,8,3,1,1,1,0
76,male,23.5,140.0,71.0,138.0,3.7,183.0,0,0,1,2.1,1,6,1,1,1,1
62,male,32.6,151.0,81.0,116.0,7.6,80.0,1,0,0,1.4,8,4,1,1,1,1
22,female,19.7,119.0,56.0,98.0,8.8,13.0,0,0,0,2.6,1,2,0,0,0,0
72,female,26.0,137.0,63.0,112.0,7.1,215.0,0,1,0,1.1,10,10,1,1,1,0
73,female,21.3,139.0,75.0,133.0,5.9,288.0,0,1,1,1.9,10,5,1,1,1,0
50,male,17.5,119.0,87.0,110.0,6.3,99.0,1,1,0,1.9,4,10,1,1,1,1
71,male,20.9,141.0,87.0,112.0,8.4,186.0,1,1,1,1.4,6,8,1,1,1,1
18,male,28.1,125.0,78.0,116.0,6.1,113.0,0,1,0,2.3,1,2,0,0,0,1
35,male,29.0,140.0,74.0,136.0,5.6,102.0,0,0,1,1.0,9,6,1,1,1,1
49,male,28.2,146.0,85.0,93.0,6.0,17.0,0,1,1,2.0,7,8,1,1,1,1
64,female,25.6,138.0,74.0,130.0,6.9,69.0,1,0,1,2.2,1,6,1,1,1,0
66,male,18.3,154.0,68.0,137.0,6.5,136.0,0,1,0,1.2,10,5,0,1,1,1
28,male,30.5,121.0,70.0,135.0,4.7,73.0,0,0,0,2.4,2,3,1,0,1,1
38,male,18.8,115.0,62.0,105.0,6.2,115.0,0,0,1,1.7,5,8,1,0,1,1
43,female,28.8,125.0,89.0,120.0,9.3,270.0,0,1,1,1.3,3,10,1,1,0,0
42,female,31.5,126.0,79.0,123.0,7.0,55.0,0,0,0,1.8,1,2,0,0,1,0
39,female,26.9,138.0,69.0,113.0,7.6,212.0,0,1,1,1.2,5,10,1,1,1,0
76,male,21.3,157.0,77.0,133.0,5.0,4.0,0,0,0,1.7,8,9,1,1,1,1
44,female,28.5,148.0,74.0,100.0,7.7,230.0,0,0,0,0.6,1,8,0,1,1,0
66,female,17.2,122.0,84.0,122.0,8.8,14.0,0,0,0,2.3,6,6,1,1,0,0
30,female,15.5,128.0,83.0,102.0,7.2,47.0,0,1,1,2.3,1,9,1,1,1,0
50,male,30.0,150.0,83.0,134.0,5.2,86.0,0,1,0,3.2,8,6,1,1,1,1
51,female,25.8,144.0,80.0,132.0,7.6,126.0,0,1,0,1.7,5,8,1,1,1,0
58,male,25.9,134.0,78.0,122.0,7.9,367.0,0,0,1,2.1,3,5,0,1,0,1
52,male,31.2,141.0,78.0,116.0,5.9,44.0,0,0,0,1.7,8,7,1,1,1,1
18,female,29.4,117.0,72.0,124.0,8.2,11.0,0,0,1,2.0,10,2,1,0,0,0
38,male,26.7,137.0,74.0,100.0,7.4,74.0,0,0,1,2.9,8,1,1,1,1,1
65,female,30.6,133.0,78.0,114.0,4.2,51.0,0,0,1,2.3,3,8,1,1,1,0
72,male,25.8,150.0,76.0,124.0,6.0,110.0,0,0,1,2.0,7,5,1,1,1,1
23,female,32.8,123.0,67.0,110.0,6.4,307.0,0,0,0,0.7,1,9,0,0,0,0
45,female,16.6,131.0,70.0,106.0,6.7,124.0,1,1,1,2.0,3,7,1,1,1,0
34,female,28.1,128.0,66.0,112.0,6.8,104.0,1,0,1,1.0,7,4,1,1,1,0
22,male,31.0,125.0,69.0,114.0,7.8,34.0,0,0,0,2.0,3,5,1,0,0,1
48,female,26.3,143.0,74.0,136.0,7.9,37.0,0,0,1,2.0,7,3,1,1,1,0
22,male,33.3,141.0,75.0,103.0,8.9,69.0,0,1,0,1.2,3,5,1,1,0,1
55,female,31.2,134.0,79.0,119.0,7.2,266.0,0,1,0,1.5,3,10,1,1,1,0
20,male,28.9,127.0,75.0,122.0,8.7,104.0,0,0,1,2.5,2,4,1,0,1,1
70,male,23.6,133.0,80.0,123.0,8.0,82.0,0,0,0,2.5,5,3,1,1,1,1
40,female,18.2,123.0,82.0,97.0,8.4,94.0,0,0,0,3.0,1,8,0,1,0,0
54,female,24.1,130.0,85.0,117.0,8.9,215.0,0,0,0,1.0,4,4,0,1,0,0
70,female,23.0,132.0,75.0,104.0,6.4,136.0,0,0,0,2.2,4,10,0,1,1,0
54,female,13.2,138.0,78.0,120.0,6.7,315.0,0,1,1,2.3,10,4,0,1,0,0
27,female,27.6,128.0,71.0,114.0,4.1,105.0,0,0,0,2.5,3,8,0,1,1,0
27,male,24.8,121.0,61.0,137.0,8.2,26.0,0,0,1,2.6,5,5,1,0,1,1
36,female,33.9,134.0,80.0,108.0,8.1,2.0,0,0,0,2.2,4,5,1,1,0,0
34,female,21.8,136.0,68.0,102.0,7.0,46.0,1,0,1,2.7,8,5,0,1,1,0
38,male,33.4,143.0,72.0,124.0,7.8,8.0,1,0,1,1.9,8,6,1,1,1,1
31,female,25.9,132.0,69.0,128.0,8.2,63.0,0,0,0,1.3,10,5,1,1,1,0
26,female,26.9,121.0,67.0,106.0,6.8,25.0,0,0,1,0.8,1,1,1,0,1,0
63,male,42.6,152.0,93.0,129.0,7.4,62.0,1,0,0,0.9,8,1,1,1,1,1
18,female,17.9,109.0,61.0,102.0,6.8,61.0,0,1,1,2.1,9,6,0,0,1,0
68,female,16.3,136.0,74.0,107.0,6.7,39.0,0,1,0,0.9,4,2,0,1,1,0
62,female,50.4,163.0,74.0,150.0,5.9,127.0,0,0,1,1.8,8,3,1,1,1,0
30,male,27.0,138.0,68.0,114.0,5.0,68.0,0,0,0,1.6,9,6,1,0,0,1
21,female,20.9,116.0,62.0,113.0,5.1,269.0,0,0,0,1.4,2,2,0,0,0,0
79,male,18.2,149.0,80.0,131.0,6.7,9.0,0,1,0,2.2,9,6,1,1,1,1
18,female,32.4,132.0,63.0,119.0,5.3,63.0,0,0,0,1.6,6,6,1,0,0,0
66,male,22.4,138.0,85.0,134.0,5.6,180.0,0,0,1,1.5,9,2,1,1,1,1
57,female,19.4,140.0,66.0,110.0,5.7,82.0,0,0,0,1.8,8,10,1,1,1,0
49,male,33.9,150.0,71.0,108.0,6.4,406.0,0,0,0,1.7,4,2,0,1,0,1
51,male,26.6,143.0,80.0,106.0,8.3,23.0,0,1,1,1.9,7,7,1,1,1,1
45,male,32.6,129.0,88.0,122.0,4.0,46.0,0,1,0,2.5,3,9,1,1,1,1
48,male,26.2,133.0,72.0,123.0,6.9,15.0,1,1,0,1.7,1,1,1,1,1,1
25,male,26.9,129.0,75.0,119.0,5.6,34.0,0,0,1,2.2,4,8,1,1,1,1
56,male,23.0,130.0,69.0,110.0,6.7,134.0,0,0,0,1.5,4,4,1,1,1,1
43,female,30.8,148.0,73.0,131.0,6.0,80.0,0,0,0,1.3,5,6,1,1,1,0
75,female,16.5,142.0,76.0,90.0,6.6,21.0,1,0,0,1.9,4,3,1,1,1,0
51,male,29.0,134.0,71.0,115.0,4.8,77.0,0,0,0,1.7,9,10,1,1,1,1
71,male,22.8,138.0,84.0,128.0,7.3,226.0,0,1,0,1.4,5,1,0,1,1,1
71,male,21.7,136.0,82.0,132.0,6.9,70.0,0,1,1,2.2,5,1,1,1,1,1
20,male,24.7,128.0,67.0,117.0,7.0,2.0,0,0,0,0.7,8,5,1,1,0,1
76,female,17.5,148.0,62.0,130.0,8.1,7.0,0,0,1,2.0,7,4,1,1,1,0
67,male,30.1,140.0,75.0,129.0,5.0,69.0,0,0,0,1.6,2,8,1,1,1,1
29,female,32.5,143.0,82.0,116.0,5.4,108.0,0,0,0,1.5,1,3,0,1,1,0
18,female,19.9,116.0,68.0,81.0,9.0,261.0,0,1,1,2.8,1,3,0,0,0,0
71,male,30.3,140.0,86.0,126.0,7.5,482.0,0,0,0,2.5,1,2,0,1,0,1
61,male,27.1,144.0,87.0,109.0,4.3,472.0,0,0,0,2.1,10,9,0,1,1,1
22,female,24.4,114.0,74.0,116.0,6.6,98.0,1,0,0,1.4,6,5,0,1,0,0
47,female,21.7,121.0,80.0,97.0,8.2,4.0,0,0,0,0.8,5,9,1,1,1,0
47,male,27.5,128.0,72.0,117.0,9.5,29.0,0,1,0,2.9,9,7,1,1,1,1
76,male,25.5,139.0,86.0,112.0,8.8,68.0,0,0,0,1.0,6,8,1,1,1,1
74,male,28.7,153.0,78.0,128.0,6.2,254.0,0,0,0,2.5,10,7,0,1,1,1
34,female,25.5,119.0,68.0,112.0,6.6,3.0,0,0,1,2.0,10,5,1,0,1,0
65,female,29.3,147.0,91.0,105.0,4.4,85.0,0,0,0,1.7,5,2,1,1,1,0
64,male,24.7,147.0,77.0,126.0,6.9,127.0,1,0,0,1.8,7,8,1,1,1,1
40,female,19.7,139.0,68.0,106.0,7.1,41.0,0,0,1,2.4,5,5,1,0,1,0
32,female,35.9,130.0,78.0,122.0,8.0,46.0,0,0,1,2.8,1,8,1,0,1,0
54,male,13.1,126.0,66.0,103.0,3.9,59.0,1,0,0,2.5,9,5,0,0,1,1
38,male,42.3,157.0,71.0,121.0,5.6,39.0,0,1,0,2.0,4,1,1,1,1,1
31,female,23.4,137.0,70.0,119.0,6.5,69.0,0,0,1,3.1,5,10,1,1,1,0
19,female,24.8,120.0,62.0,120.0,7.9,21.0,1,0,0,2.2,4,9,1,1,0,0
28,male,29.4,138.0,70.0,126.0,6.3,27.0,0,1,0,1.6,6,5,1,1,1,1
68,male,28.4,146.0,71.0,110.0,9.9,5.0,0,0,1,2.3,9,2,1,1,1,1
56,male,21.0,135.0,81.0,132.0,5.4,64.0,0,0,1,1.9,1,4,1,1,1,1
55,male,32.6,161.0,88.0,133.0,6.2,147.0,0,1,1,2.1,4,1,1,1,1,1
77,male,33.2,159.0,73.0,148.0,5.4,85.0,0,0,1,2.4,10,4,1,1,1,1
51,female,39.1,159.0,92.0,145.0,6.5,91.0,0,1,0,2.1,3,5,1,1,1,0
55,female,18.2,124.0,78.0,117.0,7.4,72.0,0,1,0,2.0,3,2,0,1,0,0
67,female,30.8,160.0,81.0,118.0,7.0,105.0,0,0,0,1.5,8,6,1,1,1,0
51,female,16.0,129.0,63.0,101.0,5.7,31.0,0,0,0,3.1,8,4,1,1,0,0
35,male,23.1,126.0,62.0,103.0,8.4,28.0,0,0,1,2.0,7,5,1,0,1,1
47,male,27.4,138.0,75.0,117.0,8.6,342.0,1,0,1,1.8,10,10,1,1,1,1
32,male,23.9,131.0,71.0,99.0,5.9,72.0,0,1,1,2.3,5,10,1,1,1,1
44,female,28.9,143.0,73.0,99.0,10.0,211.0,0,0,1,2.5,2,5,1,1,0,0
68,female,22.8,148.0,77.0,101.0,5.4,298.0,0,0,0,1.9,5,4,0,1,0,0
51,female,28.6,132.0,72.0,121.0,6.9,115.0,0,0,0,1.3,4,1,1,1,0,0
69,male,27.0,136.0,77.0,122.0,6.9,43.0,1,0,1,1.5,8,5,1,1,1,1
74,female,40.1,152.0,83.0,144.0,5.3,137.0,0,1,0,1.1,6,4,1,1,1,0
55,male,30.2,140.0,93.0,121.0,7.1,68.0,0,0,0,1.7,1,6,1,1,1,1
50,male,19.3,132.0,60.0,126.0,6.6,434.0,0,0,0,1.8,5,7,0,1,0,1
41,male,24.3,142.0,76.0,107.0,7.3,200.0,0,0,1,1.7,8,4,0,1,0,1
32,male,26.7,130.0,73.0,118.0,6.8,202.0,0,0,0,2.5,1,3,0,1,0,1
77,male,26.4,168.0,80.0,134.0,7.8,107.0,0,0,1,1.1,1,1,1,1,1,1
47,male,33.0,150.0,79.0,124.0,7.6,1.0,0,0,1,2.1,3,2,1,1,1,1
72,female,25.9,142.0,90.0,137.0,5.5,214.0,0,0,1,1.2,1,1,1,1,1,0
59,male,26.3,125.0,79.0,128.0,6.4,3.0,0,0,0,2.5,6,9,1,1,1,1
68,male,20.8,159.0,67.0,129.0,5.7,16.0,1,1,1,0.6,5,4,1,1,1,1
34,female,25.5,127.0,75.0,105.0,9.0,219.0,0,0,0,1.9,5,7,0,1,0,0
22,male,14.3,125.0,67.0,97.0,8.0,30.0,1,0,0,2.4,3,6,0,1,0,1
46,female,33.3,133.0,73.0,97.0,7.2,221.0,0,0,0,2.0,2,1,0,1,1,0
21,female,26.6,137.0,72.0,110.0,7.5,32.0,1,1,1,1.1,1,2,1,1,1,0
27,female,18.4,129.0,69.0,88.0,6.7,177.0,0,0,0,2.1,2,4,0,1,0,0
73,male,27.0,137.0,78.0,154.0,7.0,94.0,0,1,0,1.9,10,6,1,1,1,1
34,male,23.6,112.0,72.0,115.0,5.8,133.0,0,0,0,0.8,9,5,1,1,1,1
27,female,33.0,132.0,67.0,113.0,5.9,218.0,0,1,0,1.3,10,3,0,1,0,0
34,male,20.8,130.0,76.0,118.0,7.6,496.0,0,0,1,1.4,5,9,0,1,0,1
77,male,27.7,154.0,79.0,111.0,5.4,11.0,0,0,1,1.0,8,7,1,1,1,1
37,female,34.8,129.0,78.0,116.0,5.9,139.0,0,0,0,2.0,3,6,1,1,0,0
41,female,22.6,125.0,68.0,108.0,6.5,383.0,0,1,0,3.1,5,5,0,1,0,0
22,male,31.3,112.0,66.0,122.0,4.8,56.0,0,0,0,1.8,7,8,1,1,1,1
51,female,29.8,134.0,74.0,110.0,8.1,49.0,0,1,0,1.4,2,8,0,1,1,0
23,female,20.5,108.0,69.0,97.0,7.7,137.0,0,1,1,1.5,3,10,0,0,0,0
70,female,27.6,139.0,76.0,127.0,7.4,62.0,0,0,0,0.5,3,10,1,1,1,0
19,male,25.9,126.0,71.0,117.0,6.3,29.0,0,1,1,0.8,9,10,1,0,1,1
30,male,37.2,137.0,63.0,125.0,8.3,21.0,1,1,1,2.2,1,10,1,1,1,1
79,male,28.6,143.0,92.0,119.0,7.3,26.0,0,0,1,1.6,9,5,1,1,1,1
60,female,31.9,145.0,74.0,128.0,8.1,146.0,1,0,0,0.8,1,1,0,1,1,0
60,male,34.9,157.0,73.0,121.0,8.2,301.0,0,1,1,1.9,10,3,1,1,1,1
65,female,24.4,138.0,84.0,110.0,6.2,197.0,0,0,1,1.6,7,4,1,1,1,0
28,male,36.3,123.0,68.0,126.0,5.6,71.0,0,1,0,2.2,4,1,1,1,0,1
68,male,34.5,154.0,82.0,138.0,5.5,90.0,0,1,1,1.4,10,1,1,1,1,1
64,female,21.9,147.0,69.0,119.0,6.9,116.0,1,0,0,3.0,8,4,1,1,1,0
74,male,21.7,137.0,76.0,128.0,3.3,104.0,0,0,1,1.0,1,4,1,1,1,1
40,female,18.2,121.0,70.0,118.0,5.4,415.0,0,1,0,1.2,1,7,0,0,0,0
72,male,17.1,123.0,71.0,88.0,5.9,261.0,0,1,0,0.8,6,6,0,1,1,1
33,male,24.8,124.0,78.0,117.0,6.0,5.0,0,0,1,1.4,5,1,1,0,1,1
48,female,26.7,128.0,84.0,137.0,7.6,217.0,0,1,0,1.7,5,1,1,1,0,0
28,female,31.6,118.0,69.0,113.0,4.9,15.0,0,0,0,2.3,2,6,1,1,0,0
71,female,30.9,144.0,81.0,148.0,4.6,141.0,0,0,0,1.7,2,7,1,1,1,0
33,male,38.8,136.0,69.0,129.0,4.6,40.0,0,0,0,2.1,4,2,1,0,1,1
25,male,16.0,118.0,69.0,103.0,7.5,178.0,1,1,0,2.3,2,3,0,0,0,1
21,male,18.4,117.0,74.0,106.0,6.0,1.0,0,0,1,1.4,4,2,0,0,1,1
57,female,21.6,148.0,76.0,98.0,6.0,58.0,1,0,1,1.0,5,6,1,1,1,0
21,female,29.8,129.0,69.0,133.0,9.1,3.0,0,0,0,1.8,4,1,1,0,0,0
73,female,21.0,147.0,76.0,115.0,7.4,368.0,0,1,0,2.4,6,7,0,1,0,0
42,male,33.2,151.0,73.0,108.0,5.9,2.0,0,0,0,2.7,3,10,1,1,1,1
20,male,20.4,128.0,68.0,98.0,5.0,20.0,0,0,0,0.6,2,2,1,0,1,1
49,female,21.9,131.0,70.0,115.0,9.2,93.0,0,0,0,0.8,1,5,1,0,0,0
20,male,33.6,113.0,74.0,130.0,7.1,125.0,0,0,1,0.9,5,1,0,1,1,1
44,female,24.3,129.0,67.0,114.0,6.2,157.0,1,1,0,2.5,4,10,1,1,1,0
46,male,28.9,147.0,59.0,116.0,7.1,34.0,0,1,0,2.5,9,10,1,1,1,1
49,male,24.1,142.0,81.0,113.0,6.3,43.0,1,0,0,1.7,10,7,1,1,1,1
67,female,22.8,138.0,77.0,104.0,7.5,33.0,0,0,0,1.8,1,5,1,1,1,0
78,male,19.0,142.0,78.0,114.0,4.6,34.0,0,1,0,2.2,9,5,1,1,1,1
75,male,25.0,146.0,74.0,118.0,6.3,183.0,0,0,0,2.1,8,8,0,1,1,1
68,female,18.7,133.0,73.0,120.0,5.4,355.0,0,0,0,2.9,10,8,0,1,1,0
36,female,40.7,134.0,71.0,107.0,6.7,109.0,0,1,0,1.6,4,8,1,1,1,0
38,male,31.9,129.0,82.0,115.0,5.6,21.0,1,0,1,2.2,2,3,1,1,1,1
22,female,22.0,126.0,67.0,122.0,6.0,8.0,0,0,1,1.8,3,8,1,0,0,0
35,male,18.0,116.0,61.0,112.0,6.1,33.0,0,1,0,2.5,10,5,1,0,1,1
45,female,24.5,144.0,78.0,127.0,7.1,23.0,0,0,0,2.2,9,1,1,1,1,0
59,male,32.8,143.0,86.0,123.0,6.3,104.0,0,0,1,1.8,10,4,1,1,1,1
78,male,25.3,138.0,78.0,146.0,5.5,144.0,0,0,0,1.5,2,5,1,1,1,1
39,female,27.0,140.0,83.0,126.0,7.3,1.0,0,0,0,1.7,8,8,1,1,1,0
38,male,32.3,147.0,77.0,121.0,9.5,69.0,0,1,0,1.1,10,10,1,1,1,1
23,male,16.7,144.0,68.0,110.0,6.3,117.0,0,0,0,2.3,1,2,0,0,0,1
18,female,21.8,131.0,69.0,90.0,8.5,26.0,1,0,1,1.5,4,6,1,1,1,0
22,female,19.1,113.0,72.0,89.0,4.8,277.0,0,0,0,1.9,3,4,0,0,0,0
58,male,15.4,134.0,80.0,121.0,5.8,96.0,0,0,1,0.9,10,3,1,1,1,1
29,female,38.0,155.0,79.0,136.0,8.5,51.0,0,0,0,2.0,2,9,1,1,1,0
43,female,30.2,129.0,77.0,109.0,7.1,2.0,0,0,0,1.5,3,5,1,1,1,0
63,male,24.2,130.0,77.0,131.0,5.9,79.0,0,0,0,3.4,3,2,1,1,1,1
51,male,20.1,129.0,78.0,120.0,7.9,49.0,0,0,0,2.2,9,3,0,1,0,1
66,female,28.1,135.0,75.0,116.0,5.5,419.0,0,1,0,0.5,3,9,0,1,1,0
31,female,26.6,123.0,64.0,101.0,6.9,57.0,0,0,0,2.5,9,8,1,0,1,0
43,female,27.3,128.0,76.0,109.0,8.0,305.0,0,0,0,1.9,4,6,0,1,0,0
62,male,21.6,143.0,70.0,112.0,7.3,139.0,0,0,0,0.9,1,8,1,1,1,1
44,male,22.1,120.0,64.0,108.0,10.0,9.0,0,0,0,1.1,8,1,0,0,0,1
26,male,20.3,124.0,80.0,87.0,6.1,324.0,0,0,1,1.2,10,2,0,0,0,1
43,male,23.1,125.0,55.0,108.0,7.7,22.0,0,0,1,2.7,5,6,1,0,1,1
74,male,16.8,144.0,80.0,121.0,7.9,71.0,0,1,0,1.0,2,5,1,1,1,1
64,male,18.8,142.0,69.0,124.0,6.5,308.0,0,0,0,1.8,9,1,0,1,0,1
74,male,34.9,158.0,77.0,127.0,5.6,212.0,0,0,0,1.3,7,4,1,1,1,1
39,female,20.0,135.0,74.0,128.0,8.3,80.0,0,0,0,1.4,6,8,1,1,1,0
64,female,31.3,139.0,93.0,128.0,6.1,28.0,1,0,1,2.0,2,9,1,1,1,0
73,male,27.9,146.0,84.0,157.0,7.6,85.0,0,0,1,2.1,6,1,1,1,1,1
47,male,26.4,146.0,69.0,109.0,7.4,95.0,0,0,0,1.1,7,2,0,1,1,1
60,male,23.5,142.0,76.0,123.0,7.0,600.0,0,1,0,0.6,5,3,0,1,0,1
65,female,21.4,146.0,74.0,118.0,8.6,208.0,0,0,1,1.0,5,7,1,1,1,0
78,male,30.5,140.0,68.0,123.0,7.2,237.0,1,0,0,1.6,4,5,0,1,1,1
34,female,28.7,138.0,74.0,126.0,7.6,514.0,0,0,0,2.1,10,2,0,1,0,0
43,female,28.8,119.0,71.0,128.0,7.3,89.0,0,0,0,2.1,1,3,1,1,0,0
53,female,22.7,123.0,79.0,113.0,6.9,106.0,0,1,0,2.7,10,8,1,1,1,0
18,female,21.5,113.0,67.0,109.0,6.3,73.0,0,1,0,2.2,7,4,0,0,0,0
25,female,18.5,125.0,79.0,107.0,6.8,16.0,0,0,0,1.4,3,10,1,1,0,0
66,male,31.7,150.0,82.0,125.0,7.6,89.0,0,0,0,2.0,5,9,1,1,1,1
52,male,25.2,129.0,77.0,109.0,7.4,105.0,0,1,0,0.6,8,6,0,1,1,1
78,female,19.3,127.0,89.0,121.0,7.6,33.0,0,0,0,2.2,2,8,1,1,1,0
69,male,34.7,156.0,83.0,130.0,10.0,183.0,0,0,0,2.2,4,10,1,1,1,1
32,female,31.4,136.0,84.0,105.0,6.1,16.0,1,0,0,1.1,9,6,1,1,1,0
64,female,39.3,153.0,75.0,142.0,4.7,84.0,1,1,0,2.9,2,2,1,1,1,0
73,male,23.5,159.0,66.0,124.0,6.3,130.0,0,0,1,2.3,8,10,1,1,1,1
39,male,16.4,127.0,72.0,105.0,6.3,7.0,1,1,0,2.6,9,8,1,1,1,1
31,male,20.7,117.0,78.0,90.0,7.4,196.0,0,0,1,2.4,3,7,0,0,1,1
43,male,16.7,138.0,65.0,112.0,6.5,44.0,0,0,0,1.4,5,4,1,1,1,1
45,male,16.1,124.0,69.0,90.0,7.8,152.0,1,0,1,1.5,4,6,0,1,1,1
40,female,29.9,133.0,65.0,121.0,5.8,14.0,0,0,0,1.3,10,9,1,0,1,0
31,male,21.5,121.0,71.0,119.0,7.6,116.0,0,0,0,0.4,10,1,0,0,0,1
41,male,20.7,122.0,72.0,131.0,4.9,98.0,0,0,0,2.2,8,9,1,1,1,1
19,male,23.1,118.0,73.0,107.0,6.8,20.0,0,1,0,2.6,8,10,1,0,1,1
62,female,33.1,157.0,76.0,149.0,5.7,118.0,1,1,0,1.7,5,4,1,1,1,0
43,male,23.9,123.0,72.0,123.0,6.3,141.0,1,0,0,3.6,5,1,1,1,1,1
31,female,29.4,139.0,77.0,121.0,4.1,83.0,0,1,0,1.4,1,8,1,1,1,0
76,male,20.7,128.0,79.0,135.0,7.9,104.0,0,1,0,1.0,5,8,1,1,1,1
73,male,15.8,151.0,78.0,132.0,6.3,262.0,1,0,1,2.0,1,9,0,1,1,1
68,female,20.0,153.0,81.0,128.0,6.7,144.0,0,0,0,1.8,4,10,1,1,1,0
24,male,26.0,117.0,76.0,109.0,7.3,284.0,0,0,1,2.3,7,1,0,0,0,1
20,male,22.8,122.0,82.0,100.0,5.8,96.0,0,0,0,2.0,2,2,0,0,0,1
64,female,28.3,148.0,81.0,109.0,6.2,23.0,0,1,0,2.6,1,6,0,1,1,0
40,male,30.1,129.0,78.0,121.0,4.5,34.0,1,0,0,0.9,2,5,1,1,1,1
63,female,33.2,160.0,78.0,143.0,6.4,23.0,0,0,1,1.8,7,3,1,1,1,0
60,female,20.8,137.0,76.0,105.0,8.8,49.0,0,0,1,1.6,3,3,1,0,1,0
64,female,39.8,145.0,74.0,122.0,7.2,78.0,0,0,0,2.3,5,9,1,1,1,0
77,female,31.2,150.0,77.0,153.0,4.8,35.0,0,0,0,1.3,1,1,1,1,1,0
62,female,26.0,135.0,84.0,119.0,7.4,77.0,0,0,0,1.2,10,4,1,1,1,0
35,male,18.0,125.0,61.0,86.0,8.5,54.0,0,0,0,1.8,10,7,0,0,1,1
75,male,16.4,136.0,85.0,100.0,5.5,97.0,0,0,0,1.9,10,5,0,1,1,1
55,male,30.5,134.0,76.0,129.0,6.5,67.0,0,0,0,2.1,8,9,1,1,1,1
52,female,27.6,144.0,71.0,115.0,6.6,68.0,0,0,0,1.3,4,10,1,1,1,0
68,female,25.4,129.0,76.0,129.0,7.0,81.0,0,0,0,2.3,10,8,0,1,1,0
32,female,27.2,143.0,76.0,111.0,6.9,530.0,0,0,0,1.1,2,1,0,1,0,0
42,female,19.4,130.0,73.0,113.0,7.6,98.0,0,0,0,1.4,8,8,1,1,0,0
72,male,27.8,160.0,91.0,148.0,6.6,154.0,1,0,0,1.7,10,10,1,1,1,1
54,male,22.4,143.0,77.0,114.0,8.4,65.0,0,0,1,2.4,5,10,1,1,1,1
45,female,31.7,126.0,79.0,136.0,4.3,47.0,0,0,0,1.0,2,5,1,1,1,0
27,female,28.9,129.0,76.0,115.0,5.3,298.0,0,1,1,2.3,9,6,0,1,0,0
56,male,13.7,116.0,73.0,95.0,8.7,163.0,0,0,0,1.8,6,1,0,0,0,1
74,female,26.1,138.0,77.0,149.0,6.2,105.0,0,0,1,2.1,8,5,1,1,1,0
34,female,21.5,125.0,72.0,135.0,7.5,49.0,0,0,1,1.4,2,4,1,0,1,0
56,female,30.6,135.0,79.0,122.0,6.6,36.0,0,1,0,1.7,5,9,1,1,1,0
39,male,15.9,121.0,70.0,108.0,8.0,35.0,0,0,0,2.0,3,4,0,0,0,1
43,male,21.2,125.0,80.0,127.0,7.3,84.0,1,0,0,2.9,8,6,1,1,1,1
79,female,23.8,164.0,86.0,123.0,10.0,249.0,1,1,0,0.9,1,10,0,1,1,0
61,male,19.1,137.0,68.0,127.0,6.8,255.0,0,0,0,1.4,9,3,1,1,1,1
42,female,21.4,135.0,79.0,102.0,6.3,164.0,0,0,1,1.5,6,9,1,1,1,0
34,female,24.8,128.0,72.0,135.0,8.5,94.0,1,0,1,1.9,1,8,1,1,1,0
30,male,23.8,129.0,70.0,115.0,7.7,32.0,0,1,0,0.9,3,9,1,1,1,1
37,female,29.7,116.0,79.0,127.0,5.7,78.0,0,0,1,1.0,8,10,1,1,1,0
42,female,23.1,144.0,75.0,130.0,7.9,142.0,0,0,1,2.9,8,6,1,1,1,0
21,male,29.9,121.0,67.0,123.0,7.1,108.0,0,0,0,1.7,3,8,0,0,1,1
27,female,20.7,132.0,75.0,106.0,6.9,87.0,0,0,0,1.5,10,1,0,0,0,0
20,female,27.3,134.0,71.0,131.0,7.4,67.0,0,1,0,3.3,8,1,0,1,1,0
58,female,23.6,123.0,81.0,129.0,7.9,168.0,1,0,0,1.5,6,10,1,1,1,0
62,male,25.8,141.0,77.0,120.0,7.0,222.0,1,0,0,1.5,7,4,1,1,1,1
35,female,30.1,135.0,79.0,100.0,6.5,154.0,0,0,0,1.9,2,1,0,1,0,0
64,male,22.8,140.0,82.0,120.0,9.5,334.0,0,0,0,2.3,1,7,0,1,0,1
53,female,17.6,132.0,80.0,105.0,6.7,182.0,0,0,0,0.8,1,4,0,0,1,0
64,female,33.1,142.0,76.0,129.0,8.5,72.0,0,1,0,2.9,3,1,1,1,1,0
39,female,21.5,123.0,83.0,103.0,6.1,115.0,0,0,0,2.4,7,1,0,0,0,0
51,female,30.0,147.0,76.0,127.0,5.7,84.0,0,1,1,2.2,9,6,1,1,1,0
64,male,15.7,138.0,67.0,108.0,8.1,95.0,0,1,0,1.4,2,6,1,1,1,1
25,male,37.3,134.0,76.0,138.0,6.5,271.0,0,0,1,1.7,6,6,0,1,0,1
57,female,36.9,132.0,79.0,138.0,4.3,43.0,0,1,1,2.2,8,9,1,1,1,0
66,female,32.5,144.0,76.0,123.0,6.5,2.0,0,0,0,1.5,9,7,1,1,1,0
61,female,42.3,149.0,82.0,136.0,7.5,143.0,1,1,1,2.4,10,7,1,1,1,0
36,female,22.9,135.0,77.0,118.0,5.9,24.0,0,1,0,1.9,3,1,1,1,1,0
59,female,26.2,125.0,79.0,103.0,5.7,20.0,0,0,0,0.9,5,8,1,1,1,0
58,female,28.9,132.0,85.0,129.0,7.1,587.0,0,0,0,1.2,5,6,0,1,1,0
54,female,21.1,149.0,74.0,95.0,5.3,37.0,0,1,0,1.4,8,5,0,1,1,0
23,female,29.2,120.0,75.0,132.0,7.2,27.0,0,0,0,1.7,1,6,1,1,0,0
69,male,16.7,123.0,77.0,111.0,8.1,25.0,0,0,1,1.7,3,9,1,1,1,1
43,male,22.5,125.0,84.0,126.0,8.5,64.0,0,1,0,1.4,6,4,1,0,1,1
51,male,38.1,137.0,73.0,116.0,6.0,63.0,0,0,1,1.4,6,7,1,1,1,1
76,female,16.0,145.0,73.0,124.0,9.1,120.0,1,1,1,1.7,4,3,1,1,1,0
73,female,29.5,152.0,92.0,114.0,7.6,13.0,0,0,0,1.7,5,2,1,1,1,0
76,female,19.6,134.0,76.0,117.0,5.9,121.0,0,0,1,1.0,10,3,1,1,1,0
62,male,24.4,136.0,67.0,132.0,6.3,73.0,0,0,1,1.9,3,7,1,1,1,1
23,female,21.8,127.0,82.0,114.0,5.9,28.0,0,1,1,2.1,4,6,1,1,1,0
54,male,31.3,145.0,72.0,131.0,4.1,181.0,0,0,0,2.0,10,3,1,1,1,1
74,female,23.5,135.0,79.0,119.0,8.6,77.0,0,1,0,1.5,10,4,1,1,1,0
50,male,19.5,124.0,80.0,100.0,7.1,152.0,1,0,0,2.0,1,1,0,1,1,1
70,male,23.8,159.0,83.0,132.0,7.6,304.0,0,0,1,2.0,6,7,1,1,1,1
39,male,38.2,136.0,72.0,115.0,6.9,52.0,0,1,0,2.1,5,5,1,1,1,1
38,female,29.3,145.0,89.0,110.0,4.8,274.0,0,0,0,2.1,5,1,0,1,0,0
23,male,18.7,122.0,72.0,121.0,7.2,27.0,0,1,0,2.1,4,4,1,0,1,1
23,female,26.2,134.0,71.0,117.0,8.0,30.0,1,1,0,1.0,9,4,0,1,1,0
72,female,21.6,147.0,71.0,105.0,8.0,131.0,0,0,0,1.5,9,7,0,1,1,0
65,female,22.7,141.0,79.0,120.0,8.2,13.0,0,0,0,1.2,5,6,1,1,1,0
21,female,25.3,125.0,80.0,107.0,6.9,73.0,1,1,0,0.9,7,10,1,1,1,0
47,female,29.0,126.0,74.0,116.0,3.7,29.0,1,1,1,0.6,3,10,1,1,1,0
28,male,28.6,127.0,62.0,110.0,7.7,102.0,0,0,0,2.7,1,4,0,1,1,1
79,female,25.7,143.0,75.0,143.0,6.9,197.0,0,1,0,1.6,1,5,1,1,1,0
79,female,27.3,145.0,78.0,152.0,9.4,5.0,1,1,0,2.7,3,2,1,1,1,0
47,female,34.0,136.0,68.0,124.0,9.3,64.0,0,1,0,2.6,3,7,1,1,1,0
48,female,26.8,137.0,78.0,120.0,8.2,157.0,1,1,0,1.4,5,9,1,1,1,0
41,female,40.3,146.0,83.0,112.0,5.0,50.0,0,0,1,2.2,8,9,1,1,1,0
72,male,25.9,143.0,74.0,145.0,5.4,5.0,0,0,0,2.5,6,7,1,1,1,1
26,male,19.2,130.0,75.0,97.0,7.5,107.0,1,1,1,1.7,8,7,1,1,1,1
72,female,24.1,140.0,73.0,118.0,5.3,15.0,0,0,1,2.2,7,8,1,1,1,0
20,male,20.5,121.0,61.0,114.0,7.9,55.0,0,0,0,2.0,1,5,0,0,0,1
68,male,20.2,159.0,70.0,122.0,8.0,559.0,0,1,0,2.7,10,1,0,1,0,1
48,female,34.9,131.0,73.0,132.0,8.8,61.0,1,1,0,1.6,8,10,1,1,1,0
57,male,29.8,137.0,82.0,132.0,8.2,222.0,0,0,0,2.2,1,10,0,1,1,1
54,female,16.5,117.0,76.0,111.0,6.3,236.0,1,0,1,1.6,5,10,1,1,1,0
53,male,22.2,136.0,69.0,126.0,6.7,37.0,0,1,1,1.2,3,3,1,1,1,1
41,male,25.6,132.0,70.0,95.0,5.7,109.0,1,1,0,1.0,7,3,0,1,1,1
48,male,19.6,132.0,84.0,132.0,7.1,354.0,1,0,0,2.4,5,3,0,1,0,1
23,female,15.0,111.0,73.0,98.0,4.0,112.0,1,0,0,2.3,2,5,0,0,0,0
19,male,31.2,120.0,64.0,124.0,6.4,201.0,0,0,0,2.1,1,7,0,1,1,1
37,male,30.1,133.0,83.0,124.0,7.7,75.0,1,1,0,2.3,10,9,1,1,1,1
45,female,18.8,118.0,86.0,86.0,7.6,152.0,0,0,0,1.8,6,4,0,0,0,0
28,female,30.7,137.0,73.0,119.0,7.9,3.0,0,0,0,1.8,6,8,1,1,1,0
21,male,24.5,112.0,69.0,83.0,5.4,186.0,1,0,0,2.2,8,10,0,1,0,1
32,female,19.5,123.0,68.0,113.0,5.1,134.0,0,0,0,2.0,9,6,1,1,0,0
23,male,36.4,128.0,72.0,122.0,7.6,53.0,0,0,0,1.3,2,3,1,1,1,1
71,male,22.4,138.0,82.0,106.0,5.6,65.0,0,0,0,2.1,5,10,1,1,1,1
66,female,34.9,135.0,77.0,133.0,5.3,47.0,0,0,0,2.3,5,5,1,1,1,0
47,female,16.9,129.0,77.0,104.0,7.1,89.0,1,0,0,1.5,10,8,0,1,1,0
73,female,30.0,138.0,80.0,127.0,6.8,14.0,0,1,0,1.7,8,1,1,1,1,0
55,male,24.9,138.0,72.0,88.0,9.9,224.0,0,0,0,2.7,9,3,0,1,0,1
68,female,18.1,132.0,78.0,102.0,7.3,78.0,1,1,0,1.6,5,8,1,1,1,0
79,male,15.5,140.0,75.0,108.0,7.0,5.0,0,0,1,1.4,5,7,1,1,1,1
74,female,18.8,126.0,73.0,105.0,6.1,97.0,0,0,1,2.7,3,1,1,0,1,0
19,male,16.8,125.0,68.0,95.0,7.9,320.0,1,0,1,1.7,6,4,0,1,0,1
32,female,14.7,130.0,69.0,95.0,6.8,11.0,0,1,0,2.3,7,5,0,0,0,0
28,male,24.6,122.0,69.0,114.0,6.1,16.0,0,0,0,1.0,3,5,1,0,1,1
25,female,15.8,142.0,64.0,69.0,6.5,59.0,1,0,0,1.8,2,5,0,1,1,0
43,male,25.9,139.0,75.0,140.0,6.4,160.0,1,0,0,1.6,2,4,1,1,1,1
68,female,32.4,145.0,81.0,122.0,6.7,111.0,1,0,0,2.3,9,9,1,1,1,0
62,female,20.7,133.0,78.0,114.0,9.7,73.0,0,1,0,2.3,6,1,1,1,0,0
61,male,24.8,133.0,79.0,128.0,7.6,591.0,0,0,1,1.1,2,7,0,1,0,1
22,female,26.3,120.0,79.0,131.0,6.6,25.0,0,0,0,2.4,5,1,1,1,1,0
23,male,23.4,122.0,64.0,101.0,6.7,207.0,0,1,0,2.2,7,3,0,0,0,1
43,male,14.1,125.0,80.0,114.0,5.0,16.0,0,0,0,2.5,1,10,1,1,0,1
71,female,18.3,128.0,68.0,110.0,4.5,24.0,0,1,0,2.3,8,5,1,1,0,0
21,male,32.0,138.0,80.0,126.0,7.8,42.0,0,0,0,2.5,6,8,1,1,0,1
36,female,32.6,140.0,78.0,128.0,7.7,248.0,0,1,1,1.1,1,7,1,1,1,0
37,female,21.1,142.0,69.0,97.0,7.3,70.0,1,0,0,2.0,8,7,0,1,1,0
50,male,12.8,131.0,57.0,114.0,8.7,60.0,0,0,1,2.8,5,5,1,1,1,1
37,female,29.3,141.0,65.0,100.0,7.1,81.0,0,0,0,1.7,7,10,0,1,1,0
66,male,19.6,128.0,72.0,109.0,7.9,120.0,0,0,0,2.0,10,7,0,1,1,1
29,male,19.4,128.0,73.0,90.0,6.7,66.0,0,0,0,1.9,4,10,0,1,0,1
64,female,17.8,122.0,72.0,115.0,3.6,394.0,0,1,0,2.6,2,3,0,1,1,0
18,female,31.6,118.0,72.0,126.0,8.3,17.0,0,0,0,2.2,8,4,1,0,1,0
43,male,21.7,150.0,70.0,97.0,5.5,77.0,0,0,0,0.7,4,4,1,1,1,1
31,male,28.0,126.0,74.0,119.0,7.1,64.0,1,0,0,1.6,8,2,0,0,1,1
55,female,29.3,139.0,69.0,120.0,5.9,142.0,0,0,0,1.3,9,5,1,1,1,0
54,female,21.9,140.0,73.0,104.0,7.1,396.0,0,0,0,1.8,4,9,0,1,0,0
79,female,30.5,150.0,84.0,126.0,9.0,41.0,1,0,0,1.7,8,2,1,1,1,0
28,female,21.7,116.0,86.0,115.0,7.6,373.0,0,0,0,2.1,4,1,0,1,0,0
53,male,21.7,126.0,80.0,127.0,7.9,211.0,0,0,0,3.0,8,10,1,1,1,1
30,female,17.1,129.0,69.0,108.0,6.6,200.0,0,0,0,1.5,1,8,1,1,0,0
60,male,27.3,143.0,73.0,122.0,6.4,9.0,0,0,1,0.7,2,5,1,1,1,1
20,male,31.1,133.0,75.0,114.0,6.4,339.0,0,1,0,1.8,10,4,0,0,0,1
50,female,25.4,140.0,70.0,109.0,7.8,219.0,0,0,1,1.6,3,3,1,1,1,0
23,male,22.1,123.0,71.0,108.0,6.8,138.0,0,1,0,1.3,2,7,0,0,0,1
67,female,23.9,141.0,79.0,104.0,7.7,16.0,0,0,0,1.7,10,7,1,1,1,0
73,male,31.1,149.0,79.0,128.0,6.6,65.0,0,0,1,1.0,8,9,1,1,1,1
27,female,25.0,123.0,77.0,131.0,8.1,220.0,1,0,0,1.4,10,4,0,1,0,0
22,male,22.1,119.0,69.0,101.0,7.7,69.0,0,1,0,1.2,9,3,0,0,0,1
40,male,29.5,138.0,72.0,132.0,6.9,69.0,0,1,0,1.1,9,6,1,1,1,1
27,female,22.0,136.0,68.0,116.0,7.7,38.0,1,0,0,1.8,1,6,0,1,1,0
61,female,24.6,126.0,69.0,138.0,8.1,6.0,0,0,1,1.6,9,5,1,1,1,0
19,male,25.3,142.0,62.0,71.0,9.2,86.0,0,1,0,2.4,8,2,0,1,0,1
30,male,30.9,136.0,77.0,119.0,5.9,179.0,0,1,0,2.1,8,2,1,1,0,1
57,female,20.8,139.0,84.0,123.0,7.9,19.0,1,0,0,2.0,3,5,1,1,1,0
19,male,43.5,126.0,89.0,134.0,7.7,269.0,0,1,0,2.7,8,3,1,1,1,1
37,female,27.4,126.0,80.0,130.0,8.0,97.0,0,1,1,1.6,2,3,1,1,1,0
18,male,43.0,138.0,79.0,132.0,6.2,201.0,0,1,1,2.6,2,10,1,1,1,1
54,female,21.3,136.0,76.0,118.0,6.9,132.0,0,0,0,1.8,4,8,1,1,1,0
26,male,26.9,116.0,80.0,101.0,6.2,17.0,0,0,0,2.1,7,1,0,1,0,1
34,female,32.0,126.0,72.0,96.0,7.3,284.0,1,0,0,2.8,4,5,0,0,0,0
26,female,24.0,119.0,82.0,125.0,5.7,152.0,0,0,0,2.5,2,5,0,1,0,0
28,male,27.8,121.0,72.0,106.0,8.6,4.0,0,0,0,1.7,5,9,1,1,1,1
32,female,16.9,125.0,71.0,101.0,7.0,104.0,0,0,0,2.1,8,1,0,0,1,0
41,male,35.0,129.0,77.0,135.0,9.0,79.0,0,0,1,1.6,7,1,1,1,1,1
55,female,31.9,147.0,85.0,125.0,5.9,235.0,1,0,0,2.1,7,3,1,1,1,0
72,female,32.9,137.0,81.0,117.0,7.1,16.0,0,0,1,2.2,9,6,1,1,1,0
52,female,29.6,146.0,79.0,102.0,6.9,107.0,0,1,1,1.3,5,9,1,1,1,0
47,male,31.4,162.0,69.0,118.0,7.7,45.0,0,0,0,1.7,4,10,1,1,1,1
48,female,25.2,141.0,74.0,118.0,7.8,34.0,0,1,1,2.9,10,7,1,1,1,0
66,male,19.9,134.0,82.0,127.0,5.1,3.0,0,0,0,1.9,9,10,1,1,1,1
22,female,18.8,116.0,64.0,102.0,8.3,48.0,0,0,0,2.1,1,9,0,0,0,0
79,male,37.7,145.0,83.0,138.0,8.0,61.0,1,1,0,1.9,6,2,1,1,1,1
77,male,29.6,157.0,80.0,114.0,4.9,71.0,0,0,0,1.2,3,5,1,1,1,1
61,male,23.2,140.0,73.0,132.0,8.7,159.0,0,0,0,0.6,6,1,1,1,1,1
67,female,28.0,129.0,85.0,161.0,5.2,62.0,0,0,1,2.1,7,8,1,1,1,0
31,male,16.5,111.0,73.0,120.0,7.2,26.0,0,0,1,0.9,1,3,0,0,1,1
70,female,29.1,131.0,85.0,142.0,6.4,61.0,1,1,0,1.7,6,7,1,1,1,0
73,male,31.7,154.0,87.0,135.0,6.6,9.0,1,1,0,2.1,8,1,1,1,1,1
28,male,35.3,124.0,75.0,108.0,6.4,429.0,1,1,0,1.6,5,6,0,1,0,1
26,male,43.1,143.0,86.0,116.0,7.5,8.0,1,0,1,1.3,5,9,1,1,1,1
51,male,32.9,136.0,70.0,133.0,5.6,27.0,0,0,1,2.0,7,5,1,1,1,1
29,female,18.6,129.0,69.0,116.0,8.0,67.0,0,0,0,1.5,8,7,1,1,0,0
52,male,14.7,128.0,73.0,98.0,7.5,325.0,0,0,0,2.4,7,7,0,0,0,1
52,male,28.9,146.0,66.0,127.0,6.6,24.0,1,1,0,1.8,3,8,1,1,1,1
18,female,30.6,119.0,80.0,114.0,7.9,61.0,1,1,1,1.9,6,5,1,1,0,0
57,male,18.1,128.0,69.0,119.0,6.1,545.0,0,1,0,2.5,9,4,0,0,0,1
39,male,28.2,129.0,75.0,121.0,6.7,111.0,0,1,1,1.6,2,1,1,1,1,1
77,male,23.7,152.0,83.0,129.0,4.8,114.0,1,0,0,1.1,9,8,1,1,1,1
46,male,30.1,128.0,90.0,98.0,6.1,439.0,0,0,1,0.9,3,6,0,1,0,1
25,female,25.9,121.0,62.0,133.0,5.7,85.0,1,1,0,1.9,3,1,0,0,1,0
28,female,16.6,119.0,73.0,120.0,4.5,0.0,0,1,0,1.9,10,5,1,0,1,0
58,male,28.0,143.0,75.0,122.0,6.6,4.0,0,0,0,1.9,2,10,1,1,1,1
54,female,27.2,135.0,80.0,106.0,6.7,137.0,0,1,0,2.3,3,2,0,1,0,0
31,female,18.7,128.0,76.0,113.0,7.2,29.0,0,0,1,1.7,7,6,1,0,1,0
77,male,34.0,145.0,84.0,116.0,7.6,78.0,0,0,0,3.2,3,1,1,1,1,1
47,female,29.3,144.0,76.0,141.0,6.5,96.0,0,1,0,2.2,1,4,1,1,1,0
52,male,23.6,141.0,69.0,115.0,7.4,132.0,0,1,0,1.7,4,3,1,1,1,1
38,female,15.0,120.0,64.0,98.0,8.0,10.0,0,1,0,0.9,7,6,1,0,1,0
54,female,23.6,142.0,80.0,124.0,8.2,171.0,0,0,0,1.4,6,7,1,1,1,0
22,female,31.3,119.0,68.0,109.0,7.6,303.0,0,0,0,2.6,10,5,0,1,0,0
36,male,12.0,123.0,72.0,98.0,7.4,35.0,0,0,1,2.6,3,8,0,1,1,1
76,female,32.1,143.0,89.0,122.0,5.5,57.0,0,0,0,2.5,1,3,1,1,1,0
31,male,24.3,129.0,64.0,119.0,7.9,163.0,0,0,0,1.3,8,3,0,1,0,1
43,male,23.2,130.0,81.0,117.0,5.5,34.0,0,0,0,1.9,2,2,0,1,1,1
79,female,30.7,144.0,89.0,144.0,7.2,94.0,0,0,0,2.1,5,9,1,1,1,0
21,male,18.2,107.0,71.0,83.0,7.7,129.0,0,0,0,2.6,3,4,0,0,0,1
42,female,29.0,132.0,71.0,104.0,7.4,254.0,0,1,0,1.9,4,2,0,1,0,0
62,male,24.2,149.0,80.0,114.0,3.4,51.0,0,0,0,1.5,3,7,1,1,1,1
59,male,22.9,140.0,75.0,132.0,7.8,81.0,0,1,0,1.2,3,8,1,1,1,1
42,female,21.0,117.0,68.0,94.0,8.8,24.0,0,0,1,2.2,3,3,0,0,1,0
35,female,26.1,128.0,74.0,104.0,4.7,44.0,0,1,1,0.6,10,9,1,1,1,0
57,female,39.9,156.0,75.0,150.0,7.0,12.0,0,1,1,1.8,8,4,1,1,1,0
25,female,19.2,119.0,62.0,111.0,6.6,26.0,0,0,0,2.5,1,7,0,1,0,0
56,male,22.8,128.0,72.0,130.0,6.9,51.0,0,0,0,2.1,2,9,1,1,1,1
57,male,17.4,147.0,63.0,112.0,8.5,66.0,1,1,0,2.1,2,7,1,1,1,1
31,male,34.1,124.0,82.0,141.0,7.1,147.0,0,0,0,1.1,9,5,0,1,1,1
49,female,32.5,137.0,80.0,107.0,5.5,74.0,0,0,0,1.0,7,10,1,1,1,0
68,male,23.5,136.0,72.0,119.0,5.9,6.0,0,0,0,1.6,10,1,1,1,1,1
78,female,30.0,154.0,78.0,127.0,5.8,169.0,0,0,1,1.3,7,2,1,1,1,0
55,male,38.4,149.0,84.0,128.0,4.4,91.0,0,0,1,1.7,8,7,1,1,1,1
50,female,17.7,123.0,80.0,96.0,6.1,336.0,0,0,0,2.2,2,5,0,1,0,0
40,male,18.1,121.0,72.0,115.0,7.7,121.0,0,0,0,2.1,10,9,0,1,1,1
32,male,21.1,127.0,70.0,94.0,7.2,92.0,1,0,0,1.6,1,3,0,1,1,1
50,female,24.4,136.0,65.0,101.0,7.0,42.0,0,0,0,1.7,6,9,1,1,1,0
42,male,20.7,127.0,71.0,80.0,6.4,32.0,0,0,1,1.5,3,10,1,1,1,1
34,female,31.1,130.0,68.0,109.0,6.7,31.0,0,1,0,2.1,2,6,1,0,1,0
50,male,27.7,127.0,69.0,122.0,7.5,63.0,1,1,0,3.3,3,10,1,1,1,1
64,male,35.8,162.0,88.0,135.0,7.9,23.0,0,1,0,1.4,4,10,1,1,1,1
72,female,22.7,148.0,77.0,119.0,7.2,223.0,0,0,1,1.3,5,3,1,1,1,0
19,female,31.1,126.0,73.0,106.0,5.4,196.0,0,1,1,1.9,10,1,0,0,1,0
31,male,27.2,137.0,75.0,109.0,6.2,157.0,0,0,0,1.2,10,10,0,1,1,1
70,male,22.7,140.0,76.0,113.0,7.4,6.0,0,0,0,2.1,4,9,1,1,1,1
57,male,25.1,131.0,76.0,144.0,5.9,9.0,1,0,0,3.2,8,3,1,1,1,1
57,male,28.4,143.0,77.0,108.0,6.0,121.0,1,0,0,3.0,6,2,1,1,1,1
68,male,17.0,139.0,73.0,106.0,7.7,166.0,0,1,0,1.5,7,1,0,1,1,1
56,male,27.3,152.0,78.0,121.0,7.8,3.0,1,0,0,1.2,4,4,1,1,1,1
68,female,24.5,136.0,77.0,109.0,5.6,41.0,1,0,1,2.4,7,7,1,1,1,0
23,female,26.9,118.0,72.0,112.0,5.0,18.0,1,0,0,2.3,5,3,0,1,1,0
23,female,28.1,143.0,72.0,93.0,5.2,32.0,0,0,1,2.1,2,10,1,1,1,0
20,male,27.1,134.0,83.0,112.0,7.7,88.0,0,0,1,1.7,9,6,1,1,1,1
24,male,23.8,129.0,77.0,103.0,5.7,14.0,0,1,1,2.1,2,3,0,1,1,1
68,male,30.8,140.0,84.0,119.0,6.1,31.0,0,1,0,1.7,2,9,1,1,1,1
25,female,22.7,127.0,73.0,104.0,5.2,100.0,0,1,0,2.2,3,7,0,1,1,0
59,female,27.4,130.0,80.0,116.0,6.8,85.0,0,0,1,2.0,4,6,1,1,1,0
69,male,33.3,143.0,79.0,126.0,6.5,234.0,0,0,0,1.7,7,4,1,1,1,1
32,male,17.4,114.0,77.0,114.0,7.4,20.0,0,1,0,2.3,5,4,0,0,0,1
64,female,19.3,131.0,77.0,138.0,7.2,55.0,0,0,0,1.1,7,4,1,1,1,0
46,female,28.4,126.0,79.0,87.0,4.3,310.0,0,1,0,2.3,1,5,0,1,0,0
50,female,24.1,140.0,73.0,114.0,7.3,191.0,1,1,0,2.3,4,1,0,1,1,0
69,male,33.8,162.0,75.0,116.0,6.7,109.0,0,1,0,1.3,2,7,1,1,1,1
47,male,21.5,139.0,80.0,109.0,8.4,176.0,0,0,0,1.3,6,9,1,1,0,1
56,male,27.3,145.0,77.0,126.0,5.7,71.0,0,0,0,0.8,2,6,1,1,1,1
44,female,16.6,125.0,69.0,137.0,7.5,290.0,0,0,1,2.3,4,2,0,0,0,0
53,female,15.9,132.0,75.0,106.0,6.9,110.0,0,1,0,1.8,5,7,0,1,1,0
46,male,29.5,128.0,75.0,122.0,5.7,143.0,0,1,1,1.2,8,3,0,1,1,1
55,male,51.5,142.0,93.0,132.0,8.2,127.0,0,0,0,2.4,5,6,1,1,1,1
74,female,27.1,134.0,77.0,115.0,7.3,134.0,0,0,1,1.6,2,9,1,1,1,0
50,male,20.7,123.0,76.0,101.0,6.4,123.0,0,0,1,1.4,10,10,1,1,1,1
78,female,26.8,153.0,86.0,119.0,5.7,9.0,0,1,0,2.5,8,8,1,1,1,0
54,female,14.8,137.0,76.0,104.0,8.3,111.0,1,0,0,1.3,8,6,0,1,1,0
44,male,26.3,126.0,78.0,134.0,7.9,184.0,0,0,0,1.7,10,10,1,1,1,1
72,female,30.7,150.0,77.0,125.0,6.8,0.0,1,1,1,1.6,1,5,1,1,1,0
50,male,18.2,140.0,74.0,118.0,6.8,267.0,0,0,0,1.7,9,4,0,1,0,1
79,female,39.9,154.0,87.0,143.0,5.3,365.0,0,0,0,1.4,8,8,1,1,1,0
21,female,28.4,120.0,73.0,123.0,8.6,16.0,1,1,0,2.4,1,6,1,0,1,0
39,male,36.9,134.0,86.0,102.0,5.3,92.0,0,1,0,1.7,9,8,0,1,0,1
19,female,20.3,131.0,68.0,108.0,8.0,14.0,0,1,0,1.6,9,9,0,1,1,0
27,male,21.5,123.0,71.0,110.0,9.4,40.0,0,1,0,1.8,8,4,1,0,1,1
22,male,34.8,147.0,89.0,117.0,5.8,117.0,0,0,0,1.4,10,10,1,1,0,1
76,female,17.8,136.0,82.0,132.0,6.2,43.0,0,1,0,2.2,7,2,1,1,1,0
27,male,24.7,122.0,66.0,109.0,5.8,55.0,0,1,0,1.6,6,7,1,0,0,1
50,male,22.4,122.0,77.0,126.0,8.4,165.0,0,0,0,2.5,5,8,0,1,0,1
71,male,32.7,157.0,85.0,133.0,7.0,103.0,0,0,0,3.1,6,4,1,1,1,1
55,male,28.2,140.0,72.0,125.0,4.9,88.0,1,1,0,1.3,1,2,1,1,1,1
30,male,39.1,128.0,74.0,128.0,5.4,47.0,0,0,0,0.5,1,9,1,0,1,1
48,male,16.0,126.0,65.0,106.0,7.7,146.0,0,0,1,1.7,9,3,1,1,0,1
64,female,24.4,144.0,79.0,140.0,5.8,66.0,0,1,0,1.3,6,3,1,1,1,0
53,male,16.0,124.0,63.0,123.0,4.5,275.0,0,0,0,1.3,3,9,0,1,1,1
62,female,25.5,143.0,72.0,121.0,7.5,110.0,0,1,1,1.4,9,8,1,1,1,0
41,female,30.3,142.0,67.0,122.0,7.3,93.0,0,1,0,2.0,3,4,1,1,1,0
69,male,29.4,142.0,81.0,133.0,5.8,195.0,0,0,0,0.6,9,10,1,1,1,1
73,female,20.0,126.0,75.0,130.0,6.3,80.0,0,1,0,2.4,5,4,1,1,1,0
32,female,21.5,124.0,74.0,128.0,6.4,39.0,0,0,0,2.6,1,1,0,0,1,0
46,male,21.8,127.0,62.0,124.0,6.5,20.0,0,0,1,1.3,5,1,1,1,1,1
25,male,28.0,117.0,67.0,111.0,8.6,99.0,1,1,0,1.3,10,9,1,1,1,1
22,male,37.9,136.0,79.0,111.0,7.8,66.0,0,0,1,1.8,2,1,1,1,1,1
46,female,31.4,142.0,69.0,134.0,7.6,61.0,0,0,0,1.6,2,2,1,1,1,0
64,female,20.8,140.0,82.0,121.0,6.7,52.0,0,0,1,1.8,1,7,1,1,1,0
21,male,29.9,123.0,71.0,101.0,5.8,134.0,0,0,1,1.8,10,2,0,0,0,1
29,male,30.8,131.0,69.0,127.0,8.7,88.0,0,0,0,1.4,4,4,1,0,0,1
62,female,20.0,132.0,71.0,135.0,6.8,92.0,0,0,0,1.7,4,10,1,0,1,0
19,female,32.0,132.0,74.0,115.0,5.6,44.0,0,0,0,1.3,5,2,1,1,1,0
44,female,14.9,123.0,84.0,125.0,10.0,114.0,0,0,0,2.1,4,3,1,1,0,0
48,female,20.3,129.0,90.0,122.0,7.1,62.0,0,0,0,1.5,2,6,1,1,1,0
68,male,22.7,139.0,69.0,107.0,5.3,176.0,0,0,1,1.0,5,7,0,1,1,1
68,female,26.2,169.0,82.0,129.0,7.9,90.0,0,0,0,0.9,8,2,1,1,1,0
53,female,30.0,131.0,87.0,102.0,8.1,41.0,0,0,1,1.8,6,9,1,1,1,0
53,female,24.1,132.0,68.0,122.0,6.3,19.0,1,1,0,1.8,5,2,1,1,1,0
43,female,32.1,124.0,72.0,110.0,5.6,144.0,0,0,0,1.4,7,4,1,1,1,0
60,male,23.7,140.0,78.0,122.0,6.5,56.0,0,1,1,2.3,1,5,1,1,1,1
44,male,33.6,152.0,77.0,132.0,7.7,8.0,0,1,0,2.7,6,8,1,1,1,1
22,female,33.1,127.0,65.0,109.0,7.8,296.0,0,1,0,2.5,2,4,0,0,1,0
37,female,34.8,131.0,80.0,143.0,6.0,59.0,0,0,0,2.7,5,1,1,1,1,0
28,male,24.2,125.0,74.0,99.0,8.6,164.0,0,0,1,2.4,10,7,1,1,0,1
79,male,25.1,155.0,85.0,101.0,4.8,74.0,0,0,0,2.2,4,9,1,1,1,1
27,female,19.6,134.0,73.0,105.0,6.0,266.0,0,1,1,2.3,7,5,0,0,0,0
57,female,30.9,133.0,81.0,141.0,6.6,4.0,0,0,0,2.2,9,2,1,1,1,0
55,male,28.8,145.0,77.0,122.0,6.4,36.0,0,0,1,1.9,9,9,1,1,1,1
23,male,24.6,123.0,78.0,102.0,6.1,95.0,0,0,0,2.0,10,3,0,1,0,1
25,male,26.0,137.0,64.0,91.0,8.4,47.0,1,0,0,1.9,1,2,0,1,0,1
40,male,29.5,152.0,68.0,112.0,6.6,163.0,0,0,0,2.9,7,4,0,1,1,1
64,male,20.4,152.0,82.0,104.0,7.3,140.0,0,1,1,1.8,7,4,1,1,1,1
43,male,28.5,126.0,73.0,122.0,7.2,3.0,0,0,1,1.9,5,10,1,1,1,1
63,female,34.7,139.0,74.0,134.0,7.3,110.0,0,0,0,2.5,8,5,1,1,1,0
60,male,26.9,154.0,82.0,111.0,6.6,217.0,0,0,0,2.0,10,1,0,1,1,1
29,male,34.8,132.0,79.0,116.0,4.5,46.0,0,0,0,2.2,4,10,1,1,1,1
43,male,33.0,131.0,64.0,140.0,8.0,18.0,0,0,0,1.9,1,1,1,0,1,1
30,male,20.4,113.0,75.0,102.0,6.7,161.0,0,0,0,1.8,4,10,0,0,0,1
57,female,20.2,136.0,71.0,110.0,6.2,277.0,0,0,0,2.4,2,7,1,1,0,0
79,female,27.4,145.0,83.0,131.0,6.2,128.0,0,1,0,0.8,3,5,1,1,1,0
35,male,23.8,131.0,72.0,95.0,7.2,225.0,1,0,0,1.9,4,10,1,1,0,1
42,female,20.7,131.0,76.0,123.0,6.1,600.0,0,1,0,0.7,7,6,0,1,0,0
50,female,25.0,125.0,75.0,113.0,6.5,83.0,0,0,0,0.8,9,7,0,1,1,0
64,female,29.8,137.0,71.0,112.0,7.7,329.0,0,0,0,0.5,4,1,0,1,1,0
57,female,33.1,150.0,69.0,133.0,7.1,51.0,0,0,0,2.1,2,5,1,1,1,0
77,female,27.8,156.0,72.0,122.0,5.7,164.0,1,0,1,1.1,10,8,1,1,1,0
60,female,40.8,145.0,75.0,124.0,7.5,278.0,0,1,1,1.4,10,3,1,1,0,0
29,male,20.2,125.0,73.0,108.0,6.4,88.0,0,0,1,2.3,4,2,0,0,1,1
61,male,24.4,131.0,82.0,133.0,7.9,118.0,0,1,0,1.6,8,2,1,1,1,1
53,male,29.7,139.0,75.0,118.0,6.3,423.0,0,1,1,1.5,2,4,0,1,1,1
65,male,19.1,146.0,70.0,105.0,7.0,35.0,0,0,0,2.5,8,7,0,1,1,1
21,male,19.9,134.0,69.0,77.0,7.6,53.0,0,1,0,2.1,5,2,0,0,0,1
22,female,27.2,124.0,60.0,94.0,5.7,178.0,0,0,0,1.6,2,6,0,0,1,0
73,male,27.7,143.0,83.0,121.0,7.7,50.0,0,1,0,2.0,8,7,1,1,1,1
54,male,37.8,133.0,79.0,115.0,9.0,83.0,0,1,1,1.1,2,9,1,1,1,1
25,female,23.5,119.0,71.0,100.0,7.4,6.0,0,0,1,1.4,4,7,0,0,1,0
59,female,24.7,138.0,73.0,143.0,7.1,100.0,1,0,0,2.7,2,1,1,1,1,0
66,male,26.8,141.0,74.0,139.0,8.0,118.0,0,0,0,1.0,6,8,1,1,1,1
45,female,20.3,126.0,63.0,102.0,7.9,10.0,0,0,1,1.4,3,3,1,0,1,0
48,female,23.7,143.0,80.0,117.0,7.0,34.0,0,0,0,1.6,7,7,1,1,1,0
75,female,23.4,147.0,71.0,111.0,5.6,68.0,0,1,0,1.4,6,6,1,1,1,0
26,female,27.2,125.0,68.0,131.0,6.0,182.0,0,0,0,2.0,1,3,0,1,1,0
71,male,26.9,150.0,73.0,126.0,6.3,3.0,0,0,0,1.9,9,2,1,1,1,1
68,female,22.2,140.0,82.0,133.0,5.1,48.0,0,1,0,2.1,7,4,1,1,1,0
46,male,18.5,142.0,69.0,101.0,8.6,1.0,0,1,0,2.2,1,1,0,1,1,1
31,male,24.8,121.0,78.0,131.0,5.6,88.0,0,0,0,2.1,4,10,1,1,0,1
57,female,26.4,141.0,80.0,116.0,6.7,83.0,0,0,1,2.6,4,10,1,1,1,0
58,female,15.0,115.0,68.0,90.0,5.6,169.0,0,0,1,2.4,6,7,0,0,0,0
39,female,23.6,127.0,72.0,111.0,7.6,0.0,0,1,0,1.7,3,3,0,1,0,0
28,male,46.4,140.0,68.0,122.0,8.1,171.0,0,0,0,2.7,2,2,1,0,1,1
40,female,26.2,129.0,76.0,128.0,5.1,266.0,0,0,1,1.4,3,5,1,1,1,0
18,female,21.7,111.0,65.0,97.0,7.7,46.0,0,1,0,1.5,4,7,0,0,0,0
63,female,34.4,140.0,73.0,136.0,5.2,49.0,1,1,1,1.8,8,1,1,1,1,0
54,female,29.7,131.0,75.0,115.0,6.3,0.0,0,0,1,2.3,8,1,1,0,1,0
38,female,26.8,130.0,71.0,105.0,10.0,67.0,0,1,1,2.0,1,10,1,1,1,0
43,male,19.1,135.0,74.0,110.0,7.2,114.0,0,1,0,1.7,9,8,1,1,0,1
63,female,29.7,140.0,90.0,132.0,8.0,16.0,0,0,0,1.7,4,5,1,1,1,0
53,female,22.2,149.0,83.0,97.0,7.2,128.0,0,1,0,2.5,4,8,1,1,1,0
71,female,29.0,148.0,72.0,139.0,6.6,55.0,0,0,1,1.8,4,3,1,1,1,0
40,male,37.6,122.0,86.0,137.0,6.0,134.0,1,0,1,2.2,7,2,1,1,1,1
74,female,23.4,146.0,78.0,120.0,8.7,35.0,0,0,0,0.5,2,7,1,1,1,0
18,male,29.3,124.0,56.0,109.0,9.3,179.0,0,0,1,0.7,7,6,1,0,0,1
71,male,15.6,149.0,74.0,84.0,6.9,96.0,1,0,0,2.6,10,4,0,1,1,1
72,female,16.7,139.0,66.0,138.0,8.4,91.0,0,0,0,0.4,2,7,1,1,1,0
68,female,29.4,143.0,76.0,123.0,7.9,80.0,0,1,0,0.7,3,9,1,1,1,0
57,female,15.0,148.0,84.0,124.0,6.6,221.0,1,0,1,1.8,5,9,1,1,1,0
32,male,25.4,111.0,65.0,105.0,6.9,97.0,0,1,0,2.3,1,3,0,0,0,1
38,male,26.5,128.0,66.0,115.0,6.2,21.0,1,0,1,0.5,8,1,1,0,1,1
64,male,35.3,149.0,80.0,137.0,9.5,118.0,0,0,0,1.8,6,4,1,1,1,1
26,male,28.0,124.0,67.0,107.0,7.9,87.0,0,0,0,2.3,4,10,0,0,1,1
70,male,34.0,132.0,79.0,113.0,6.8,9.0,0,0,1,1.5,3,1,1,1,1,1
26,male,26.7,130.0,73.0,110.0,6.2,104.0,0,0,0,1.6,7,7,0,1,0,1
27,female,32.8,127.0,65.0,101.0,7.5,10.0,0,0,0,2.3,6,2,0,0,1,0
69,female,18.6,138.0,77.0,107.0,5.1,155.0,0,1,0,1.9,9,8,1,1,1,0
74,male,13.9,148.0,71.0,107.0,5.8,128.0,0,0,0,1.7,2,5,1,1,1,1
70,female,31.9,150.0,87.0,131.0,6.5,82.0,0,1,0,1.3,6,10,1,1,1,0
43,female,17.5,123.0,66.0,101.0,6.3,166.0,1,1,0,1.4,10,1,0,1,1,0
58,male,20.8,139.0,71.0,101.0,6.5,40.0,0,0,0,2.0,1,2,1,1,1,1
52,male,20.3,130.0,68.0,116.0,7.7,71.0,0,0,1,1.6,4,4,1,0,1,1
69,female,31.3,144.0,77.0,137.0,9.3,2.0,0,1,0,1.2,4,3,1,1,1,0
42,male,18.7,134.0,63.0,93.0,7.7,534.0,0,0,1,1.1,9,5,0,0,0,1
43,male,27.1,128.0,78.0,117.0,6.6,7.0,0,1,0,0.5,9,4,1,1,1,1
28,female,25.7,131.0,69.0,121.0,8.1,13.0,0,0,1,1.4,8,2,1,0,0,0
55,male,34.1,141.0,83.0,128.0,6.9,82.0,0,1,0,1.8,8,9,1,1,1,1
19,female,24.9,118.0,71.0,94.0,4.4,57.0,0,1,0,2.5,5,7,0,1,0,0
24,female,21.0,118.0,80.0,109.0,8.4,91.0,0,0,1,2.3,3,5,0,0,1,0
35,female,25.9,125.0,71.0,114.0,5.3,216.0,1,1,0,1.6,10,4,0,1,1,0
44,female,20.2,130.0,71.0,113.0,7.0,21.0,0,0,0,1.5,5,10,1,0,1,0
51,female,45.5,145.0,85.0,137.0,5.8,122.0,0,0,1,1.4,10,5,1,1,1,0
44,male,35.0,150.0,65.0,101.0,5.3,2.0,1,0,0,0.8,7,2,1,1,1,1
34,male,39.9,130.0,74.0,124.0,6.2,187.0,0,1,1,1.0,8,8,1,1,1,1
60,male,31.7,147.0,78.0,138.0,3.5,203.0,0,0,0,1.5,8,2,1,1,1,1
76,male,20.6,152.0,82.0,139.0,5.9,57.0,0,0,0,1.7,2,8,1,1,1,1
61,female,17.8,149.0,80.0,126.0,7.3,23.0,0,0,1,1.6,7,5,1,1,1,0
76,female,19.6,136.0,84.0,121.0,7.3,200.0,0,1,0,1.1,4,4,0,1,1,0
68,male,30.3,154.0,78.0,136.0,4.4,288.0,0,0,0,1.5,4,7,1,1,1,1
71,female,25.0,145.0,74.0,130.0,8.1,9.0,1,0,0,1.2,9,1,1,1,1,0
41,male,15.6,134.0,71.0,104.0,9.9,104.0,0,0,0,2.5,7,7,0,0,0,1
42,male,27.8,128.0,73.0,131.0,9.0,334.0,0,1,0,2.3,5,10,1,1,0,1
24,male,15.6,118.0,58.0,93.0,6.1,124.0,0,0,0,1.7,5,5,0,0,0,1
69,female,22.0,138.0,78.0,119.0,5.9,206.0,0,0,1,2.5,7,6,1,1,1,0
23,female,35.9,127.0,69.0,130.0,5.6,31.0,0,0,0,2.0,9,5,1,1,1,0
70,female,30.8,147.0,78.0,118.0,9.2,13.0,0,0,1,1.9,6,7,1,1,1,0
41,female,32.9,156.0,74.0,106.0,6.1,57.0,0,1,0,1.8,10,1,1,1,1,0
50,male,23.3,139.0,87.0,104.0,5.9,60.0,0,0,0,0.9,7,2,1,1,1,1
66,female,17.9,134.0,81.0,121.0,7.9,185.0,0,0,0,2.1,4,6,1,1,1,0
46,female,28.7,133.0,79.0,146.0,8.3,63.0,0,0,1,2.4,9,7,1,1,1,0
60,female,26.6,144.0,83.0,136.0,8.1,32.0,1,0,0,2.1,8,8,1,1,1,0
39,male,17.6,125.0,69.0,117.0,5.4,261.0,1,0,1,1.9,9,4,1,1,1,1
43,male,17.4,126.0,64.0,127.0,7.4,183.0,0,0,1,2.0,5,3,0,0,1,1
45,female,24.2,124.0,61.0,119.0,8.7,132.0,0,0,1,2.1,1,9,1,1,1,0
67,female,41.6,151.0,86.0,130.0,6.8,28.0,0,0,0,2.3,8,2,1,1,1,0
38,female,17.7,106.0,74.0,107.0,7.2,28.0,0,0,0,2.1,8,10,1,1,1,0
66,female,21.8,125.0,72.0,116.0,7.1,81.0,0,0,1,2.6,7,1,1,1,1,0
24,male,23.9,121.0,67.0,97.0,6.4,91.0,0,0,1,1.5,7,6,0,1,1,1
34,female,17.6,129.0,66.0,103.0,7.4,36.0,0,0,0,1.6,5,3,0,1,0,0
37,female,42.5,153.0,73.0,111.0,8.0,16.0,0,1,1,2.3,8,7,1,1,1,0
58,female,21.7,139.0,72.0,113.0,8.5,54.0,0,1,0,2.1,3,8,1,1,1,0
66,male,21.1,143.0,78.0,118.0,6.7,67.0,1,0,1,2.0,5,2,1,1,1,1
37,male,22.6,129.0,79.0,109.0,6.9,6.0,0,0,0,2.5,10,7,1,0,1,1
71,female,30.8,154.0,80.0,149.0,6.1,100.0,0,0,0,1.0,10,10,1,1,1,0
39,female,40.1,141.0,85.0,130.0,8.9,0.0,0,0,0,2.1,9,5,1,1,1,0
45,female,17.8,132.0,86.0,131.0,6.2,20.0,0,1,0,1.5,8,5,0,1,1,0
78,female,24.4,133.0,81.0,109.0,6.7,19.0,1,0,0,2.2,9,5,1,1,1,0
57,female,15.6,134.0,73.0,122.0,6.9,140.0,0,0,0,1.5,8,5,1,1,1,0
66,male,31.5,145.0,65.0,131.0,7.1,80.0,1,0,1,2.4,6,10,1,1,1,1
24,male,37.2,129.0,78.0,120.0,4.9,217.0,0,0,0,2.5,7,5,0,1,0,1
18,male,37.1,127.0,74.0,103.0,7.5,37.0,1,1,0,1.4,6,7,1,1,1,1
49,female,22.1,122.0,75.0,119.0,7.4,28.0,1,0,1,1.1,2,8,1,1,1,0
30,male,17.9,127.0,69.0,132.0,7.0,195.0,0,0,0,2.0,1,4,0,1,1,1
47,male,22.9,134.0,71.0,120.0,7.3,70.0,1,1,1,2.6,1,7,1,1,1,1
40,male,24.7,131.0,67.0,114.0,6.7,38.0,0,0,1,2.7,7,9,1,1,1,1
68,female,29.1,147.0,84.0,128.0,4.9,65.0,0,1,0,2.8,8,2,1,1,1,0
76,female,32.6,140.0,65.0,139.0,8.2,66.0,1,1,0,1.2,1,9,1,1,1,0
73,male,25.2,158.0,81.0,143.0,4.9,102.0,0,0,1,1.6,1,6,1,1,1,1
36,female,31.6,141.0,66.0,115.0,5.7,5.0,0,0,0,1.4,7,9,1,1,1,0
79,male,32.1,156.0,89.0,135.0,8.4,34.0,0,1,0,1.7,5,7,1,1,1,1
49,male,24.3,146.0,73.0,117.0,5.0,75.0,0,0,1,1.9,9,5,1,1,1,1
47,male,24.9,135.0,78.0,111.0,6.6,94.0,0,0,0,2.3,9,5,1,1,1,1
46,male,36.0,138.0,79.0,129.0,9.2,21.0,0,1,0,2.2,7,1,1,1,1,1
66,female,26.9,145.0,85.0,142.0,6.9,26.0,0,0,0,2.5,7,3,1,1,1,0
62,female,28.1,154.0,89.0,116.0,5.0,156.0,0,0,0,1.6,2,6,1,1,1,0
46,female,22.8,125.0,81.0,119.0,7.8,185.0,1,1,0,2.7,2,2,0,1,1,0
47,female,26.4,147.0,79.0,123.0,7.4,9.0,0,0,0,1.8,10,6,1,1,1,0
33,male,26.8,118.0,71.0,114.0,7.0,554.0,0,0,0,2.0,1,5,0,0,0,1
57,female,22.8,141.0,78.0,123.0,4.1,68.0,0,0,1,2.7,7,1,1,1,1,0
36,male,18.6,134.0,77.0,112.0,8.5,106.0,0,1,0,0.7,5,3,0,0,0,1
35,female,24.3,134.0,70.0,101.0,9.1,108.0,0,0,0,1.8,1,1,0,0,1,0
18,female,31.4,134.0,73.0,113.0,6.8,51.0,0,0,0,0.8,7,7,0,1,0,0
31,female,43.6,138.0,73.0,128.0,5.9,94.0,0,1,0,0.9,7,7,1,1,1,0
68,male,22.6,131.0,82.0,108.0,7.5,105.0,0,0,1,1.8,10,1,1,1,1,1
64,male,29.0,151.0,81.0,126.0,7.5,172.0,1,1,0,1.2,3,8,1,1,1,1
67,male,28.6,159.0,71.0,125.0,7.6,130.0,0,1,1,2.1,3,7,1,1,1,1
19,male,33.7,127.0,75.0,140.0,6.8,71.0,0,1,0,1.8,4,3,1,0,1,1
71,female,28.9,151.0,78.0,117.0,7.5,25.0,0,0,0,1.4,7,2,1,1,1,0
45,male,21.2,124.0,74.0,125.0,7.8,3.0,0,0,0,0.9,7,9,1,1,1,1
66,male,21.1,132.0,72.0,124.0,10.0,127.0,0,0,0,2.5,8,7,0,1,1,1
67,female,22.8,141.0,85.0,133.0,7.4,78.0,0,0,0,1.9,9,6,1,1,1,0
47,female,24.0,127.0,70.0,106.0,7.0,404.0,0,0,0,1.3,5,5,0,0,0,0
55,male,15.2,132.0,86.0,88.0,4.8,12.0,0,1,0,1.3,10,5,0,1,1,1
68,female,36.1,173.0,82.0,132.0,4.9,9.0,1,0,1,1.2,8,3,1,1,1,0
21,male,42.1,128.0,74.0,133.0,7.0,24.0,0,1,1,1.9,1,5,1,1,1,1
18,female,24.9,125.0,73.0,104.0,6.7,57.0,0,1,1,2.3,2,8,0,1,0,0
25,male,27.3,112.0,74.0,110.0,5.6,23.0,0,0,0,2.1,8,2,0,0,1,1
46,male,28.7,140.0,87.0,143.0,5.5,75.0,0,0,1,2.5,8,3,1,1,1,1
72,male,21.2,136.0,80.0,112.0,7.6,50.0,0,0,0,2.0,9,3,1,1,1,1
56,male,29.9,143.0,66.0,135.0,6.0,600.0,1,0,0,2.7,7,6,0,1,0,1
20,male,35.4,131.0,70.0,106.0,5.8,408.0,0,1,0,1.8,8,1,0,0,0,1
49,female,20.7,133.0,78.0,127.0,5.4,54.0,0,0,0,0.7,2,5,0,1,1,0
27,male,29.0,121.0,72.0,113.0,5.7,188.0,0,1,0,1.0,8,9,1,0,0,1
27,male,21.0,121.0,67.0,113.0,6.3,33.0,0,0,0,1.6,3,1,1,0,1,1
36,male,35.3,137.0,72.0,115.0,6.8,7.0,0,0,0,1.6,10,6,1,1,1,1
63,male,20.7,136.0,70.0,119.0,7.1,5.0,0,1,1,1.4,4,7,1,0,1,1
51,male,23.2,146.0,76.0,118.0,6.3,4.0,0,0,1,2.1,7,1,1,1,1,1
77,female,29.0,149.0,76.0,112.0,4.5,160.0,1,1,1,2.5,7,6,1,1,1,0
50,female,17.2,122.0,81.0,105.0,5.3,50.0,0,0,0,0.4,6,4,0,0,0,0
40,male,27.8,136.0,69.0,120.0,6.1,208.0,0,1,0,2.2,1,4,1,1,1,1
72,female,29.4,127.0,72.0,119.0,8.1,248.0,0,0,0,1.5,9,6,1,1,0,0
45,male,23.4,148.0,74.0,117.0,6.7,44.0,0,0,0,0.8,3,10,1,1,1,1
49,female,31.1,124.0,64.0,120.0,7.4,41.0,0,1,1,1.0,10,10,1,1,1,0
67,female,27.7,151.0,64.0,132.0,8.6,44.0,0,0,1,1.5,4,8,1,1,1,0
24,male,27.2,132.0,76.0,110.0,6.6,77.0,0,0,0,1.4,2,3,1,1,0,1
46,female,29.5,127.0,76.0,149.0,6.8,2.0,0,0,0,1.2,5,7,1,1,1,0
25,female,23.2,128.0,58.0,85.0,6.9,1.0,1,0,0,1.0,6,10,0,0,1,0
18,male,31.4,121.0,73.0,104.0,6.9,160.0,1,0,1,2.9,6,4,1,1,1,1
74,male,29.6,146.0,78.0,137.0,5.4,198.0,0,0,0,1.8,1,3,1,1,1,1
72,female,27.7,149.0,70.0,129.0,7.5,27.0,0,1,0,2.2,4,3,1,1,1,0
20,female,31.9,127.0,77.0,120.0,6.9,108.0,0,0,0,2.4,10,6,0,1,1,0
41,female,31.4,127.0,85.0,82.0,5.7,29.0,0,1,1,1.5,4,10,1,1,1,0
40,male,29.5,137.0,86.0,116.0,6.6,159.0,0,0,0,1.7,3,8,1,1,0,1
76,female,22.3,142.0,80.0,123.0,4.4,65.0,0,0,0,1.9,7,1,1,1,1,0
78,female,24.0,145.0,79.0,132.0,4.8,208.0,0,0,1,1.1,4,4,1,1,1,0
25,female,31.2,128.0,84.0,120.0,8.0,356.0,0,0,0,1.2,7,1,0,1,0,0
71,male,31.6,137.0,82.0,130.0,6.5,97.0,0,0,0,3.1,3,8,1,1,1,1
74,male,20.9,133.0,75.0,120.0,8.5,277.0,0,1,1,3.3,4,5,1,1,1,1
64,male,28.1,138.0,74.0,109.0,6.9,4.0,0,0,0,0.9,3,3,1,1,1,1
54,male,26.7,141.0,79.0,124.0,7.1,75.0,0,0,0,2.1,4,8,1,1,1,1
20,female,22.4,114.0,60.0,105.0,6.8,84.0,0,1,1,2.1,10,9,1,0,0,0
68,male,28.2,154.0,86.0,121.0,5.5,65.0,0,1,1,2.0,4,5,1,1,1,1
50,female,30.8,140.0,68.0,123.0,7.3,45.0,0,1,0,1.3,4,1,1,1,0,0
45,female,33.5,141.0,72.0,119.0,5.9,154.0,1,1,0,1.2,3,6,1,1,1,0
64,female,22.0,136.0,78.0,102.0,7.2,97.0,1,0,0,2.6,6,5,1,1,1,0
25,female,19.1,109.0,80.0,113.0,5.7,10.0,0,0,0,2.9,5,6,1,1,0,0
51,male,39.8,149.0,78.0,154.0,7.8,361.0,1,1,0,1.8,6,4,0,1,1,1
52,male,21.4,128.0,68.0,118.0,7.4,262.0,0,1,1,1.0,7,7,1,1,1,1
49,male,26.5,124.0,82.0,122.0,8.4,52.0,0,0,1,1.7,4,5,1,1,1,1
41,male,25.5,125.0,71.0,133.0,7.7,34.0,0,1,1,1.5,9,7,1,1,1,1
31,male,27.1,128.0,63.0,137.0,6.7,119.0,0,1,1,1.3,1,10,1,0,1,1
49,female,29.7,118.0,80.0,119.0,8.8,5.0,0,0,1,1.6,8,2,1,1,1,0
73,male,23.5,141.0,77.0,114.0,7.3,82.0,0,0,1,2.3,2,3,1,1,1,1
63,male,13.7,142.0,72.0,117.0,3.8,134.0,0,0,0,2.3,3,1,0,1,0,1
60,male,29.6,142.0,82.0,127.0,6.0,63.0,0,0,0,1.9,2,3,1,1,1,1
33,male,24.8,138.0,77.0,124.0,6.6,430.0,0,0,0,2.0,10,8,0,1,0,1
21,female,25.2,120.0,66.0,109.0,8.5,152.0,0,0,0,1.9,6,5,0,0,0,0
69,female,31.1,155.0,80.0,130.0,6.2,326.0,0,0,1,1.4,5,9,1,1,1,0
54,female,20.3,123.0,65.0,103.0,5.9,286.0,1,1,0,2.6,7,1,0,1,1,0
71,female,28.7,150.0,78.0,139.0,4.1,17.0,0,0,1,1.0,9,5,1,1,1,0
38,female,30.5,133.0,70.0,111.0,8.5,133.0,0,0,0,2.0,7,2,0,1,0,0
31,male,34.0,144.0,74.0,106.0,8.7,109.0,0,0,0,2.0,9,8,0,1,1,1
48,female,20.4,128.0,71.0,81.0,5.3,7.0,0,0,1,3.0,5,2,1,0,0,0
72,female,44.5,147.0,83.0,140.0,5.0,46.0,0,0,0,1.1,3,9,1,1,1,0
65,female,29.2,148.0,68.0,117.0,8.2,92.0,0,1,1,1.7,3,6,1,1,1,0
35,male,25.9,143.0,65.0,111.0,8.5,95.0,1,1,0,1.3,4,10,1,1,1,1
24,male,25.7,127.0,70.0,104.0,5.9,202.0,1,0,0,2.6,2,9,0,0,1,1
27,female,31.6,129.0,83.0,112.0,6.5,106.0,0,0,1,1.3,3,2,1,1,0,0
24,male,12.3,107.0,72.0,88.0,7.5,75.0,0,0,1,1.5,9,9,1,0,1,1
50,male,21.1,140.0,76.0,105.0,5.5,167.0,0,0,1,2.7,9,4,1,1,1,1
40,female,27.9,132.0,71.0,106.0,5.6,102.0,0,1,0,1.2,8,3,1,0,0,0
38,male,33.6,141.0,70.0,119.0,6.4,258.0,1,0,1,1.5,2,4,1,1,1,1
36,male,25.9,132.0,77.0,100.0,5.5,283.0,0,0,0,2.4,9,8,0,1,1,1
65,male,35.9,164.0,74.0,147.0,10.0,111.0,0,1,0,2.7,5,7,1,1,1,1
78,female,29.8,145.0,90.0,130.0,8.4,100.0,0,0,1,1.4,8,6,1,1,1,0
36,female,27.1,126.0,73.0,97.0,6.4,145.0,0,0,0,2.5,6,1,0,0,0,0
53,female,22.8,143.0,87.0,119.0,7.0,155.0,0,0,0,1.9,2,2,0,1,1,0
46,male,21.8,140.0,84.0,103.0,4.7,156.0,0,0,0,1.6,1,10,1,1,1,1
77,female,21.3,152.0,80.0,135.0,7.3,116.0,0,1,1,2.4,4,2,1,1,1,0
35,male,32.4,133.0,77.0,112.0,7.8,173.0,0,1,0,1.5,4,8,0,1,1,1
19,male,17.3,120.0,64.0,118.0,5.9,19.0,0,0,1,1.0,7,5,1,0,1,1
18,male,28.8,114.0,79.0,123.0,6.2,207.0,0,0,0,0.6,2,5,0,1,0,1
64,female,25.5,140.0,75.0,166.0,5.6,45.0,0,0,0,2.0,4,6,1,1,1,0
22,female,28.6,128.0,62.0,114.0,8.6,260.0,0,0,1,2.0,10,3,0,0,1,0
37,female,29.5,135.0,81.0,126.0,8.5,17.0,0,0,0,1.9,1,2,1,1,1,0
28,female,23.2,119.0,74.0,109.0,7.3,0.0,0,1,1,1.3,7,3,1,0,0,0
59,male,26.3,131.0,74.0,122.0,7.0,2.0,0,0,0,2.3,3,5,1,1,1,1
19,female,24.7,131.0,72.0,123.0,5.2,28.0,0,1,0,2.2,8,10,1,1,1,0
20,male,30.7,133.0,72.0,123.0,5.9,14.0,0,0,0,2.5,1,9,1,0,1,1
40,female,29.9,132.0,84.0,118.0,6.4,97.0,0,1,0,1.7,1,5,1,1,1,0
72,female,19.4,149.0,71.0,135.0,5.9,71.0,1,0,0,2.0,9,6,1,1,1,0
29,female,21.9,132.0,80.0,120.0,7.5,112.0,0,1,1,1.8,5,10,1,1,1,0
37,male,42.0,127.0,86.0,148.0,4.7,26.0,0,1,0,1.1,4,3,1,1,1,1
22,male,25.9,124.0,67.0,125.0,5.1,168.0,0,0,1,2.0,4,5,1,1,1,1
54,male,15.3,142.0,75.0,106.0,6.0,113.0,0,0,0,1.6,8,4,1,1,1,1
55,male,20.8,122.0,78.0,110.0,4.8,30.0,0,1,0,1.4,9,7,1,1,1,1
47,male,16.6,117.0,90.0,104.0,8.1,61.0,0,1,0,2.9,7,8,0,1,1,1
26,female,15.7,125.0,64.0,111.0,8.3,152.0,0,0,0,0.8,8,1,0,0,0,0
51,male,27.3,147.0,64.0,136.0,4.6,137.0,1,0,0,1.8,2,3,0,1,1,1
70,male,40.5,150.0,71.0,150.0,7.2,99.0,0,0,0,1.7,10,9,1,1,1,1
61,male,30.7,139.0,80.0,109.0,6.3,464.0,0,0,0,2.0,7,1,0,1,0,1
52,male,15.7,117.0,79.0,101.0,6.8,17.0,0,0,1,1.4,4,8,1,0,1,1
69,female,28.3,142.0,73.0,134.0,7.5,80.0,0,1,1,0.4,8,2,1,1,1,0
75,male,18.3,129.0,76.0,134.0,4.1,117.0,0,0,0,1.4,10,10,1,1,1,1
39,female,16.8,123.0,68.0,111.0,8.2,600.0,1,1,0,1.4,8,10,0,1,0,0
61,female,26.2,151.0,70.0,140.0,7.5,94.0,0,0,0,2.6,10,5,1,1,1,0
41,female,28.3,123.0,78.0,95.0,8.2,70.0,1,0,0,2.1,2,3,0,1,1,0
34,male,18.2,122.0,60.0,104.0,4.4,307.0,0,0,0,2.0,9,7,0,0,0,1
27,female,12.0,125.0,71.0,116.0,6.8,85.0,0,0,1,2.7,6,2,1,0,0,0
47,male,23.1,126.0,71.0,119.0,7.5,336.0,0,0,0,2.3,5,8,0,1,1,1
73,male,30.2,151.0,86.0,119.0,7.4,167.0,0,0,1,3.0,9,1,1,1,1,1
76,male,24.5,152.0,80.0,134.0,7.9,22.0,0,1,1,1.6,3,6,1,1,1,1
63,male,35.9,147.0,71.0,133.0,7.4,22.0,0,1,0,2.4,5,3,1,1,1,1
40,male,33.6,137.0,78.0,117.0,4.3,46.0,0,0,0,1.7,5,1,1,1,1,1
49,female,26.1,126.0,73.0,99.0,8.3,8.0,0,0,1,1.2,8,10,1,1,1,0
34,female,22.5,124.0,78.0,119.0,6.2,94.0,0,0,0,1.4,9,1,1,0,1,0
67,male,18.0,139.0,80.0,103.0,7.1,236.0,0,1,0,1.9,9,3,0,1,1,1
68,female,16.9,122.0,82.0,141.0,8.8,61.0,0,0,1,2.3,5,6,1,1,1,0
34,male,26.7,112.0,71.0,93.0,6.8,125.0,1,1,1,2.6,2,7,0,0,1,1
31,female,28.3,128.0,68.0,115.0,6.3,479.0,0,0,0,1.1,10,4,0,0,0,0
26,female,26.1,129.0,72.0,120.0,5.3,26.0,0,1,0,1.7,6,3,1,0,1,0
57,female,23.4,138.0,80.0,106.0,5.1,53.0,0,1,0,1.6,4,3,1,1,1,0
19,female,36.4,116.0,68.0,110.0,5.2,3.0,1,0,1,3.3,9,4,1,1,1,0
62,female,16.7,144.0,76.0,124.0,6.8,32.0,0,0,0,1.7,8,3,0,1,1,0
42,male,20.4,130.0,75.0,100.0,9.6,181.0,0,1,0,1.4,6,4,0,1,0,1
56,male,26.7,146.0,85.0,144.0,6.4,128.0,0,0,0,1.7,2,6,1,1,1,1
26,female,13.0,113.0,62.0,100.0,6.8,184.0,0,1,0,2.2,3,9,0,0,0,0
71,male,20.2,143.0,80.0,114.0,7.7,66.0,0,1,1,2.8,2,10,1,1,1,1
39,female,21.8,133.0,69.0,131.0,5.9,160.0,0,1,1,0.6,6,10,1,1,1,0
60,male,24.4,147.0,72.0,107.0,8.6,110.0,1,1,1,1.5,4,7,1,1,1,1
63,female,18.0,143.0,86.0,136.0,6.2,48.0,0,1,0,1.7,1,7,1,1,1,0
21,female,32.9,122.0,76.0,104.0,8.4,64.0,0,0,0,1.7,9,7,0,1,0,0
43,female,28.5,133.0,84.0,134.0,7.6,94.0,0,0,0,3.3,6,5,1,1,0,0
75,male,38.4,149.0,78.0,159.0,6.9,376.0,0,1,0,1.6,2,7,1,1,1,1
46,male,25.4,135.0,85.0,115.0,6.0,321.0,0,1,1,3.0,3,8,0,1,1,1
62,female,18.4,124.0,72.0,114.0,8.0,516.0,1,1,0,1.4,8,7,0,1,0,0
51,female,35.6,129.0,83.0,124.0,6.7,2.0,0,0,0,1.0,9,3,1,1,1,0
40,male,23.8,149.0,67.0,104.0,6.1,152.0,0,0,1,2.2,9,10,1,1,1,1
54,male,15.3,146.0,66.0,111.0,8.9,270.0,0,0,0,1.7,5,9,0,1,1,1
28,male,25.7,136.0,72.0,122.0,4.1,161.0,1,0,0,1.0,4,10,0,1,1,1
23,male,24.8,128.0,80.0,116.0,8.8,65.0,0,0,0,2.3,5,6,1,1,1,1
35,male,25.6,136.0,81.0,120.0,9.4,155.0,0,1,0,2.6,1,8,0,1,1,1
38,female,33.0,141.0,76.0,112.0,5.6,70.0,0,1,0,2.0,3,6,1,1,1,0
59,male,26.1,153.0,75.0,108.0,5.9,150.0,0,0,0,2.0,9,4,0,1,1,1
53,female,43.6,143.0,83.0,156.0,5.3,182.0,1,0,0,1.9,8,1,1,1,1,0
58,female,16.5,127.0,67.0,96.0,7.9,222.0,0,0,1,2.2,4,7,1,0,0,0
55,male,36.7,144.0,80.0,128.0,6.0,156.0,0,0,0,2.4,1,8,1,1,1,1
51,male,18.6,136.0,74.0,121.0,6.6,21.0,0,0,1,1.1,3,4,1,1,1,1
34,female,23.5,126.0,72.0,130.0,7.6,330.0,0,0,0,1.5,4,9,0,1,0,0
54,male,35.3,138.0,81.0,128.0,4.7,29.0,0,1,1,1.9,4,8,1,1,1,1
42,female,14.1,137.0,75.0,109.0,4.8,53.0,0,0,0,1.7,1,10,0,1,1,0
55,male,19.1,127.0,60.0,108.0,7.2,67.0,0,0,1,2.0,6,2,1,0,0,1
75,male,25.1,157.0,74.0,146.0,6.3,150.0,0,1,0,1.9,9,10,1,1,1,1
29,male,37.0,142.0,72.0,138.0,5.5,145.0,1,0,0,1.9,8,8,1,1,1,1
40,female,31.7,150.0,75.0,109.0,6.8,392.0,0,1,0,1.4,2,4,0,1,0,0
70,male,32.3,165.0,80.0,138.0,6.6,25.0,0,1,1,1.4,7,10,1,1,1,1
59,female,16.0,136.0,77.0,111.0,5.6,72.0,0,1,0,2.8,3,9,1,1,1,0
39,male,23.6,146.0,75.0,117.0,7.0,27.0,0,0,1,1.6,6,3,1,1,1,1
38,female,22.4,133.0,80.0,102.0,5.5,134.0,1,0,1,3.8,2,3,0,1,1,0
44,male,27.0,137.0,73.0,94.0,7.7,29.0,0,0,1,0.8,8,7,1,1,1,1
74,female,13.5,139.0,71.0,101.0,6.5,243.0,0,0,0,1.5,4,8,0,1,1,0
48,female,28.7,133.0,75.0,114.0,9.2,487.0,0,0,0,2.1,6,6,0,1,0,0
23,female,15.6,125.0,68.0,95.0,5.1,46.0,0,0,1,2.1,3,6,1,0,1,0
44,female,33.0,147.0,77.0,95.0,6.0,161.0,0,1,1,1.2,1,10,1,1,1,0
57,female,27.1,128.0,75.0,125.0,8.0,91.0,0,0,1,3.3,2,8,1,1,1,0
51,female,19.1,152.0,80.0,96.0,5.4,53.0,0,0,1,1.4,10,10,1,1,1,0
29,male,31.7,144.0,80.0,117.0,6.8,25.0,0,1,1,1.3,8,10,1,1,1,1
62,female,26.0,136.0,84.0,108.0,4.2,152.0,0,0,1,1.7,6,2,0,1,1,0
74,female,22.8,148.0,72.0,101.0,5.4,21.0,0,1,0,1.1,4,5,1,1,1,0
70,female,23.4,142.0,82.0,121.0,5.6,40.0,1,0,1,1.3,9,2,1,1,1,0
24,male,24.1,127.0,80.0,107.0,6.6,303.0,0,0,0,1.4,7,3,0,0,0,1
27,male,22.3,123.0,77.0,109.0,8.1,85.0,0,0,0,0.9,1,7,0,1,0,1
62,male,22.4,142.0,73.0,138.0,6.4,231.0,0,0,0,1.9,6,1,1,1,1,1
34,female,23.3,119.0,70.0,120.0,6.4,175.0,0,0,1,1.1,4,4,1,0,1,0
43,male,23.5,149.0,64.0,138.0,5.8,57.0,0,0,0,2.0,6,7,1,1,1,1
38,male,24.6,122.0,81.0,110.0,5.3,30.0,1,0,0,1.2,8,5,1,1,1,1
45,female,29.7,140.0,70.0,112.0,8.1,13.0,0,0,0,2.5,9,5,1,1,1,0
79,female,17.5,137.0,74.0,125.0,7.0,388.0,1,0,0,2.2,3,3,0,1,1,0
75,male,23.5,143.0,82.0,146.0,6.4,47.0,0,1,0,2.2,2,8,1,1,1,1
63,female,34.8,150.0,81.0,117.0,8.9,134.0,0,0,1,1.8,10,3,1,1,1,0
19,female,21.7,121.0,72.0,122.0,3.2,157.0,0,1,0,2.6,7,7,0,0,1,0
77,female,22.7,145.0,75.0,129.0,8.1,26.0,0,1,0,2.0,7,1,1,1,1,0
71,female,17.7,136.0,68.0,112.0,4.8,142.0,1,0,0,1.5,3,3,1,1,1,0
60,male,17.9,129.0,76.0,132.0,7.0,1.0,0,1,0,1.1,5,1,1,1,1,1
18,female,35.9,134.0,68.0,103.0,8.1,65.0,0,0,0,2.1,10,4,0,0,1,0
68,male,18.6,132.0,79.0,125.0,4.5,52.0,0,0,0,1.2,8,3,1,1,1,1
70,male,34.5,144.0,76.0,130.0,8.4,324.0,0,0,1,2.1,3,9,1,1,1,1
53,male,21.8,129.0,74.0,129.0,6.6,512.0,0,0,1,1.8,8,2,0,1,0,1
68,male,26.0,140.0,88.0,128.0,5.8,41.0,0,1,0,1.8,3,5,1,1,1,1
43,female,26.1,122.0,76.0,130.0,7.1,113.0,0,1,1,2.3,4,10,1,1,1,0
46,female,27.6,124.0,70.0,119.0,7.5,164.0,0,1,0,2.4,3,3,0,0,0,0
38,female,28.6,137.0,77.0,112.0,9.9,25.0,0,0,0,1.6,5,3,0,1,1,0
28,male,23.8,130.0,70.0,109.0,6.6,139.0,0,0,1,1.9,8,5,0,0,1,1
57,male,38.4,148.0,75.0,134.0,7.9,36.0,0,0,0,2.5,5,2,1,1,1,1
28,male,25.8,138.0,72.0,116.0,7.0,22.0,0,0,0,2.7,7,5,1,1,1,1
53,female,20.8,127.0,82.0,123.0,7.3,228.0,0,1,0,2.2,4,3,0,1,0,0
66,male,24.5,127.0,81.0,122.0,6.5,84.0,0,0,1,3.1,10,2,1,1,1,1
76,female,15.4,146.0,75.0,125.0,5.8,42.0,0,0,1,1.1,2,5,1,1,1,0
56,female,26.5,124.0,69.0,147.0,7.3,62.0,1,0,1,1.4,6,3,1,1,1,0
57,female,28.4,139.0,81.0,114.0,5.5,64.0,1,0,0,0.5,5,8,1,1,1,0
52,female,20.1,135.0,77.0,126.0,4.2,176.0,0,0,0,1.3,8,2,0,1,1,0
71,male,37.4,167.0,72.0,127.0,6.9,261.0,0,1,1,1.1,8,7,1,1,1,1
51,female,37.4,138.0,70.0,118.0,5.7,77.0,1,1,1,2.3,1,8,1,1,1,0
72,male,24.5,140.0,88.0,141.0,6.4,47.0,0,0,1,1.9,8,7,1,1,1,1
64,female,22.4,144.0,78.0,109.0,4.6,156.0,0,0,0,2.9,3,2,0,1,1,0
41,male,25.2,136.0,65.0,115.0,8.0,283.0,0,1,0,2.1,2,9,1,1,0,1
71,male,23.4,140.0,84.0,113.0,3.3,15.0,0,0,1,0.8,10,10,1,1,1,1
39,female,27.2,133.0,81.0,145.0,7.4,191.0,0,0,0,1.0,4,6,1,1,1,0
22,female,24.3,117.0,66.0,108.0,7.5,98.0,0,0,0,1.6,10,9,0,1,0,0
73,female,21.1,145.0,72.0,108.0,7.1,243.0,0,0,1,1.6,8,3,0,1,1,0
50,male,33.3,127.0,78.0,115.0,8.1,87.0,1,1,0,2.0,5,9,1,1,1,1
75,female,20.0,165.0,78.0,146.0,5.3,238.0,0,1,0,1.0,7,3,0,1,1,0
53,female,27.5,143.0,75.0,118.0,9.4,97.0,0,0,0,1.6,8,3,0,1,0,0
64,male,27.2,133.0,71.0,123.0,5.6,19.0,0,0,0,2.5,3,8,1,1,1,1
37,female,20.4,125.0,70.0,127.0,7.7,1.0,0,0,1,1.9,7,6,1,0,1,0
36,male,29.0,123.0,72.0,132.0,9.2,116.0,0,1,0,1.8,7,1,0,0,1,1
52,female,30.8,133.0,68.0,113.0,6.5,108.0,0,1,0,2.4,9,2,1,0,1,0
69,male,24.7,144.0,84.0,113.0,5.9,28.0,0,1,0,1.4,3,10,1,1,1,1
60,male,18.0,146.0,68.0,108.0,7.8,228.0,1,0,1,1.0,6,8,1,1,1,1
34,female,20.1,125.0,79.0,104.0,6.1,243.0,1,1,0,1.1,7,7,0,1,0,0
79,male,23.1,130.0,80.0,135.0,5.7,196.0,1,0,0,2.4,9,8,1,1,1,1
76,female,35.0,146.0,78.0,133.0,7.7,331.0,0,0,0,1.5,4,8,1,1,1,0
62,female,35.0,141.0,82.0,126.0,7.8,85.0,0,0,0,1.4,4,6,1,1,1,0
60,male,24.3,139.0,75.0,120.0,6.8,145.0,1,0,0,1.6,5,7,0,1,1,1
51,female,20.6,132.0,82.0,107.0,6.9,282.0,1,0,0,1.4,10,6,0,1,1,0
26,male,28.1,110.0,85.0,132.0,7.0,73.0,0,0,0,1.6,5,1,1,0,0,1
43,male,30.2,128.0,78.0,112.0,6.6,116.0,0,0,0,2.0,1,5,0,1,1,1
19,male,37.7,121.0,73.0,120.0,6.4,86.0,0,1,1,1.2,8,10,1,1,1,1
70,male,33.5,155.0,90.0,139.0,5.0,491.0,0,0,0,0.5,8,1,0,1,1,1
26,male,15.8,118.0,67.0,110.0,5.9,69.0,0,0,1,1.4,9,2,1,0,0,1
26,male,24.9,109.0,68.0,106.0,6.8,46.0,0,0,0,1.6,3,5,1,0,0,1
57,male,20.5,128.0,82.0,129.0,9.5,119.0,1,0,0,2.4,6,2,0,1,1,1
34,male,19.8,135.0,76.0,134.0,5.3,40.0,0,1,1,2.0,10,4,1,1,1,1
18,female,27.9,119.0,68.0,132.0,6.2,234.0,0,0,0,1.4,9,3,0,0,0,0
42,female,22.7,125.0,75.0,83.0,5.1,267.0,0,0,0,2.0,4,9,0,1,0,0
78,male,30.4,148.0,79.0,130.0,4.1,51.0,0,0,0,2.8,9,10,1,1,1,1
60,female,31.8,145.0,82.0,119.0,8.6,53.0,1,0,0,2.5,6,5,1,1,1,0
57,female,25.7,137.0,79.0,127.0,7.5,11.0,0,1,0,1.5,4,2,1,1,1,0
59,female,24.5,146.0,69.0,132.0,8.6,35.0,0,1,0,1.9,6,10,1,1,1,0
42,female,27.7,132.0,75.0,104.0,4.4,8.0,0,0,0,2.3,6,6,1,1,1,0
56,female,22.3,141.0,66.0,127.0,7.6,170.0,0,0,0,2.8,4,6,1,1,1,0
52,female,35.4,144.0,70.0,127.0,9.6,24.0,0,0,1,1.7,10,5,1,1,1,0
20,male,22.1,111.0,67.0,103.0,8.0,10.0,0,1,0,1.9,5,3,0,0,0,1
67,female,22.5,155.0,73.0,127.0,7.5,22.0,1,1,0,1.7,1,8,1,1,1,0
54,female,32.1,150.0,67.0,123.0,5.8,57.0,0,0,0,1.3,9,5,1,1,1,0
61,female,19.0,131.0,68.0,129.0,8.7,66.0,1,1,0,1.6,7,10,1,1,1,0
61,female,32.0,143.0,70.0,122.0,6.0,275.0,1,0,0,2.2,5,9,0,1,0,0
68,male,34.9,153.0,76.0,148.0,7.5,39.0,1,0,0,3.0,5,4,1,1,1,1
47,male,22.2,134.0,77.0,114.0,5.4,152.0,0,1,0,1.2,6,4,0,1,1,1
55,male,25.4,138.0,85.0,91.0,6.7,270.0,1,1,0,2.5,8,2,0,1,1,1
51,male,23.9,139.0,81.0,107.0,8.1,233.0,0,0,0,2.8,3,3,0,1,1,1
29,female,34.5,135.0,77.0,118.0,8.0,27.0,0,0,0,1.7,8,7,1,1,1,0
36,male,26.3,133.0,76.0,119.0,6.8,39.0,0,1,0,1.9,3,6,1,1,1,1
54,male,35.4,144.0,78.0,127.0,9.6,7.0,0,0,1,1.8,10,7,1,1,1,1
61,male,30.6,148.0,78.0,117.0,6.5,79.0,0,0,0,2.8,5,7,1,1,1,1
76,male,26.1,148.0,88.0,148.0,8.3,62.0,0,0,0,1.2,5,9,1,1,1,1
76,female,29.1,150.0,84.0,146.0,6.1,95.0,0,0,0,1.7,2,3,1,1,1,0
66,male,14.3,146.0,75.0,98.0,5.2,73.0,0,0,0,2.1,1,6,0,1,1,1
78,female,39.6,158.0,73.0,129.0,6.5,160.0,0,0,0,1.4,3,2,1,1,1,0
34,male,31.8,135.0,79.0,123.0,4.6,133.0,1,0,0,0.8,10,3,0,1,1,1
27,female,28.4,121.0,77.0,112.0,7.2,67.0,1,0,1,1.3,4,6,1,1,1,0
74,female,26.8,139.0,75.0,93.0,6.9,5.0,0,0,0,1.0,7,1,1,1,1,0
72,male,12.7,146.0,76.0,104.0,7.6,51.0,0,0,0,2.0,7,8,1,1,1,1
66,male,20.3,143.0,75.0,127.0,6.8,47.0,0,0,0,2.5,9,4,1,1,1,1
64,male,34.8,154.0,77.0,132.0,6.4,11.0,0,0,1,2.0,4,5,1,1,1,1
29,male,23.5,127.0,74.0,99.0,6.9,44.0,0,0,1,1.1,3,5,1,0,1,1
79,female,26.4,151.0,73.0,121.0,8.3,525.0,0,0,0,2.1,3,6,0,1,0,0
33,female,19.1,124.0,83.0,104.0,8.1,207.0,0,1,0,1.6,10,1,0,0,0,0
41,male,24.9,131.0,77.0,145.0,8.5,194.0,0,0,0,2.8,10,8,1,1,1,1
36,male,34.1,132.0,75.0,122.0,3.9,222.0,0,0,0,1.6,1,5,0,1,1,1
25,female,23.7,135.0,77.0,100.0,8.2,240.0,0,0,0,1.4,6,3,0,1,0,0
48,male,29.0,131.0,81.0,142.0,7.7,47.0,0,0,0,2.2,4,8,1,1,1,1
38,female,25.3,133.0,69.0,121.0,9.5,47.0,1,1,0,1.5,5,10,1,1,1,0
34,male,27.0,129.0,70.0,105.0,6.1,49.0,0,0,0,1.8,2,3,1,0,1,1
40,female,26.4,139.0,60.0,116.0,6.4,205.0,0,1,0,0.9,8,3,1,1,1,0
54,female,17.6,134.0,67.0,110.0,7.1,192.0,0,1,1,1.5,10,8,1,1,1,0
71,female,31.8,151.0,84.0,136.0,3.7,2.0,0,1,1,1.9,3,10,1,1,1,0
33,female,20.7,127.0,72.0,93.0,3.2,358.0,0,1,0,2.0,7,8,0,0,0,0
23,female,41.4,126.0,73.0,110.0,7.2,40.0,0,1,0,1.5,9,3,1,1,1,0
25,male,20.3,127.0,72.0,103.0,5.3,118.0,0,0,0,2.6,9,4,0,0,1,1
42,female,23.3,130.0,70.0,103.0,5.1,123.0,1,0,0,1.2,8,6,0,1,1,0
35,male,34.7,129.0,67.0,134.0,7.5,14.0,0,0,1,2.2,3,1,1,0,1,1
42,female,27.5,122.0,69.0,105.0,4.7,143.0,1,1,1,2.6,5,9,1,1,1,0
29,female,21.5,118.0,85.0,137.0,7.7,92.0,0,0,1,1.7,10,2,1,1,1,0
32,male,27.4,135.0,72.0,112.0,5.7,113.0,0,1,1,3.4,1,1,1,1,1,1
76,male,24.5,159.0,78.0,126.0,5.6,71.0,0,0,1,1.2,7,5,1,1,1,1
43,male,27.6,135.0,78.0,122.0,7.3,196.0,0,0,1,1.6,4,7,1,1,1,1
58,male,25.0,130.0,82.0,119.0,5.2,121.0,0,0,0,1.8,9,8,1,1,1,1
62,female,37.0,150.0,79.0,146.0,9.1,26.0,0,1,1,1.9,10,5,1,1,1,0
43,male,30.3,144.0,82.0,122.0,6.7,168.0,1,0,1,2.1,8,8,1,1,1,1
64,female,31.9,160.0,78.0,122.0,6.8,84.0,1,1,1,1.6,10,3,1,1,1,0
49,male,26.9,146.0,75.0,103.0,7.6,5.0,0,0,0,2.1,7,7,1,1,1,1
27,male,37.1,135.0,72.0,126.0,8.2,60.0,0,0,1,2.2,10,8,1,1,1,1
33,female,24.7,133.0,77.0,123.0,6.1,62.0,0,0,0,1.2,4,5,1,1,1,0
24,female,28.6,121.0,64.0,98.0,7.7,194.0,0,0,0,2.2,2,5,0,0,0,0
34,male,24.7,135.0,74.0,108.0,7.8,32.0,1,0,0,2.1,3,7,1,1,1,1
40,female,41.5,148.0,82.0,141.0,8.7,72.0,0,0,1,2.4,8,2,1,1,1,0
43,female,15.4,106.0,77.0,97.0,6.2,7.0,0,0,1,1.7,6,3,1,0,1,0
38,female,21.7,129.0,75.0,101.0,7.8,256.0,0,0,1,0.4,3,9,1,1,0,0
39,female,23.3,142.0,67.0,111.0,7.5,70.0,1,0,1,0.4,10,7,1,1,1,0
75,female,24.6,139.0,82.0,140.0,7.4,233.0,0,1,1,1.8,2,6,1,1,1,0
24,female,33.7,113.0,78.0,129.0,3.9,136.0,1,0,0,1.4,8,1,0,1,1,0
31,female,24.3,127.0,76.0,127.0,8.4,46.0,1,1,0,2.1,9,7,1,1,1,0
32,female,23.5,136.0,70.0,99.0,8.2,150.0,0,1,1,1.7,7,5,1,0,0,0
70,male,29.4,149.0,78.0,120.0,7.7,76.0,1,1,0,1.6,5,6,1,1,1,1
24,female,23.3,124.0,77.0,106.0,6.0,50.0,0,0,0,2.2,8,2,0,0,1,0
26,male,31.3,122.0,73.0,112.0,8.9,132.0,0,1,1,1.9,3,8,1,0,0,1
68,female,36.3,140.0,75.0,124.0,6.7,179.0,0,0,1,1.7,4,10,1,1,1,0
65,female,29.5,145.0,76.0,132.0,7.4,140.0,0,0,0,1.2,3,6,1,1,1,0
25,female,19.0,121.0,78.0,85.0,5.3,75.0,0,1,0,1.3,3,2,0,0,0,0
67,female,23.4,148.0,69.0,123.0,6.4,36.0,1,0,1,1.9,8,8,1,1,1,0
76,male,18.3,145.0,85.0,139.0,6.9,200.0,1,0,0,2.1,3,1,1,1,1,1
40,male,30.7,128.0,75.0,121.0,5.7,51.0,1,0,1,2.8,6,2,1,1,0,1
46,female,19.6,132.0,65.0,101.0,5.9,114.0,1,0,0,2.2,7,5,0,1,1,0
35,male,28.9,132.0,79.0,101.0,7.5,15.0,0,0,1,1.4,1,6,1,1,1,1
48,female,27.6,122.0,71.0,124.0,8.2,162.0,0,1,1,2.4,8,5,1,1,1,0
47,female,24.2,130.0,75.0,137.0,4.9,367.0,0,0,1,2.7,8,2,0,1,1,0
69,male,22.2,141.0,66.0,123.0,9.8,72.0,0,0,0,2.2,4,3,1,1,1,1
56,male,26.4,137.0,84.0,117.0,5.7,95.0,0,0,0,1.2,8,10,1,1,1,1
52,female,31.4,142.0,75.0,115.0,5.5,276.0,0,0,1,3.0,6,4,0,1,1,0
35,female,31.9,134.0,71.0,101.0,8.8,190.0,0,1,0,3.2,7,8,0,0,0,0
76,male,14.4,142.0,77.0,119.0,7.7,393.0,0,0,1,0.5,3,1,0,1,0,1
59,female,19.7,137.0,80.0,96.0,8.1,37.0,1,1,0,1.7,3,6,0,1,1,0
56,male,23.6,136.0,74.0,129.0,5.7,76.0,0,0,0,1.4,10,7,1,1,1,1
34,female,25.7,130.0,78.0,121.0,7.4,73.0,0,0,0,2.8,10,9,0,1,1,0
31,female,28.3,126.0,73.0,112.0,10.0,77.0,1,1,1,2.0,9,3,1,0,1,0
48,male,21.5,129.0,74.0,122.0,5.7,293.0,1,1,1,1.5,10,10,0,1,1,1
41,male,26.1,133.0,69.0,118.0,7.8,28.0,0,0,1,1.5,10,3,1,1,1,1
52,male,22.7,118.0,81.0,124.0,5.8,270.0,0,0,1,1.2,9,10,1,1,1,1
61,female,26.0,137.0,81.0,132.0,5.4,102.0,0,0,1,3.6,3,4,1,1,1,0
77,female,24.5,140.0,82.0,122.0,6.5,92.0,0,0,1,1.8,9,1,1,1,1,0
62,female,22.7,132.0,83.0,103.0,6.8,65.0,1,0,1,1.6,3,7,1,1,1,0
51,female,18.7,129.0,67.0,139.0,6.6,93.0,0,0,1,0.7,4,10,1,1,1,0
20,male,29.5,115.0,72.0,110.0,6.7,195.0,0,1,1,2.1,3,3,1,0,0,1
54,female,24.5,134.0,82.0,113.0,9.7,81.0,0,0,0,1.1,5,5,1,1,0,0
60,female,31.6,145.0,78.0,132.0,9.0,180.0,0,0,1,2.2,4,7,1,1,1,0
57,female,46.9,159.0,84.0,137.0,7.0,65.0,1,1,0,1.5,9,5,1,1,1,0
43,male,17.4,145.0,72.0,93.0,6.9,24.0,0,0,1,2.7,2,6,1,1,1,1
72,female,33.1,134.0,84.0,117.0,8.7,64.0,1,0,0,1.3,10,4,1,1,1,0
40,female,27.0,125.0,63.0,106.0,7.8,154.0,0,0,0,1.7,8,1,1,0,0,0
61,male,31.7,141.0,79.0,131.0,7.1,229.0,0,0,1,2.4,3,7,1,1,1,1
56,female,22.6,137.0,78.0,109.0,9.7,177.0,0,0,0,2.3,9,2,0,1,0,0
32,female,15.2,125.0,72.0,114.0,5.7,56.0,1,1,1,2.1,2,7,1,1,1,0
73,male,26.7,140.0,89.0,124.0,6.8,104.0,0,0,0,2.1,7,1,1,1,1,1
66,female,30.9,125.0,76.0,127.0,6.6,54.0,0,1,1,1.6,6,9,1,1,1,0
21,female,20.6,129.0,79.0,106.0,7.4,146.0,0,0,0,1.2,8,10,0,1,0,0
46,female,18.8,134.0,70.0,98.0,5.4,69.0,0,1,1,1.8,3,4,1,1,1,0
39,male,33.8,142.0,68.0,137.0,7.4,174.0,0,0,0,1.6,6,9,1,1,1,1
42,female,29.0,132.0,84.0,122.0,6.4,2.0,0,1,0,2.1,2,3,1,1,1,0
30,female,27.4,131.0,79.0,112.0,8.1,50.0,1,0,0,2.1,10,2,0,1,1,0
35,male,23.7,112.0,73.0,106.0,6.4,253.0,1,0,0,1.7,10,5,0,1,0,1
50,male,28.0,128.0,72.0,114.0,6.1,47.0,1,1,1,2.3,7,3,1,1,1,1
33,female,22.7,136.0,71.0,96.0,7.7,60.0,0,0,1,1.9,3,6,0,0,1,0
62,female,22.4,138.0,78.0,103.0,6.9,188.0,1,0,1,2.0,5,4,0,1,1,0
59,female,23.4,153.0,84.0,103.0,6.5,12.0,0,0,0,1.8,3,4,0,1,1,0
61,female,22.4,130.0,68.0,131.0,6.5,45.0,0,1,1,2.1,10,10,1,1,1,0
79,male,30.8,171.0,80.0,122.0,6.2,179.0,0,0,0,1.7,1,5,1,1,1,1
19,female,22.1,142.0,68.0,93.0,9.5,378.0,0,0,0,1.5,1,6,0,1,0,0
72,male,30.7,142.0,77.0,145.0,7.5,183.0,0,0,0,2.2,10,10,1,1,1,1
52,male,27.2,133.0,72.0,121.0,7.8,23.0,0,1,1,1.7,4,10,1,1,1,1
59,female,28.6,151.0,87.0,109.0,7.5,216.0,0,1,0,2.0,5,10,0,1,1,0
51,female,23.8,130.0,70.0,124.0,7.2,78.0,0,0,0,2.0,1,6,1,1,1,0
47,male,28.3,134.0,76.0,137.0,6.3,183.0,0,0,0,0.9,10,7,1,1,1,1
76,male,26.8,141.0,72.0,135.0,5.9,33.0,0,0,1,1.5,3,7,1,1,1,1
72,female,25.3,138.0,84.0,126.0,6.2,50.0,0,0,1,1.1,3,4,1,1,1,0
30,male,18.2,124.0,67.0,111.0,7.7,278.0,0,0,1,1.9,2,6,0,0,1,1
30,female,30.1,128.0,60.0,130.0,6.2,290.0,0,1,0,1.1,6,4,0,1,0,0
35,female,31.0,116.0,80.0,139.0,8.5,40.0,0,1,1,1.0,2,2,1,0,1,0
49,male,19.2,143.0,70.0,101.0,9.0,10.0,1,0,0,2.1,4,8,1,1,1,1
49,male,25.1,147.0,83.0,118.0,4.6,317.0,1,0,1,2.4,5,1,1,1,1,1
52,female,29.0,142.0,83.0,129.0,8.9,43.0,0,1,0,1.3,3,5,1,1,1,0
76,male,26.6,147.0,79.0,129.0,5.4,15.0,0,1,1,1.7,1,3,1,1,1,1
56,female,23.7,129.0,78.0,124.0,6.5,51.0,0,0,0,1.3,1,6,1,1,1,0
63,female,32.0,141.0,80.0,154.0,7.0,40.0,0,0,0,1.4,1,8,1,1,1,0
69,female,18.6,147.0,68.0,114.0,4.1,10.0,0,0,0,0.8,6,1,1,1,1,0
46,male,19.0,135.0,81.0,94.0,5.9,494.0,0,0,0,2.0,4,10,0,1,0,1
79,female,22.1,148.0,77.0,146.0,7.0,42.0,1,1,0,1.6,6,4,1,1,1,0
66,female,35.3,152.0,81.0,153.0,5.2,38.0,0,0,0,1.6,1,4,1,1,1,0
46,female,14.8,136.0,72.0,114.0,5.2,65.0,0,1,0,2.2,5,6,1,1,1,0
79,female,18.6,150.0,76.0,115.0,9.2,64.0,1,1,0,2.5,1,1,1,1,1,0
70,female,22.3,147.0,81.0,131.0,7.0,68.0,0,1,1,1.1,4,6,1,1,1,0
61,female,31.2,140.0,78.0,127.0,8.1,285.0,0,1,1,2.2,9,10,1,1,1,0
74,female,20.4,155.0,74.0,117.0,9.3,7.0,0,1,1,1.6,6,9,1,1,1,0
33,female,24.2,124.0,70.0,104.0,7.9,341.0,0,0,0,1.5,4,1,0,0,0,0
73,female,15.1,131.0,85.0,115.0,6.1,132.0,0,0,0,2.5,10,3,0,1,1,0
61,female,30.2,138.0,79.0,132.0,6.0,143.0,0,0,0,1.5,7,5,1,1,1,0
64,female,36.4,138.0,90.0,134.0,7.5,21.0,0,0,1,1.8,10,10,1,1,1,0
74,male,28.0,151.0,74.0,138.0,7.7,48.0,0,0,0,1.8,10,2,1,1,1,1
27,female,43.7,137.0,73.0,125.0,7.1,6.0,1,1,1,2.1,1,3,1,1,1,0
47,female,22.5,141.0,71.0,109.0,7.8,127.0,0,0,0,1.5,1,2,0,1,1,0
42,female,16.3,107.0,71.0,112.0,6.6,50.0,0,0,0,1.5,5,4,1,0,0,0
56,male,26.6,140.0,72.0,122.0,6.8,96.0,0,0,0,3.0,7,8,1,1,1,1
37,female,24.3,127.0,72.0,131.0,6.3,168.0,0,1,1,1.6,9,9,1,1,1,0
22,male,23.6,120.0,72.0,104.0,5.7,97.0,0,1,0,0.4,9,8,0,1,0,1
18,female,15.2,108.0,73.0,93.0,5.6,9.0,0,0,0,1.3,10,10,0,0,0,0
47,female,24.5,134.0,66.0,114.0,6.3,8.0,0,0,0,1.9,8,10,1,1,1,0
66,male,32.7,140.0,85.0,124.0,7.8,242.0,1,0,1,2.0,2,1,1,1,1,1
20,female,25.3,135.0,75.0,101.0,6.8,36.0,0,0,0,2.8,1,9,0,0,1,0
62,male,22.8,143.0,70.0,100.0,6.3,54.0,0,1,1,1.3,3,5,1,1,1,1
31,male,19.9,132.0,66.0,93.0,6.5,30.0,0,0,0,1.5,1,2,0,1,0,1
73,female,21.0,128.0,79.0,119.0,4.4,144.0,0,0,0,2.5,1,9,1,1,1,0
47,female,26.9,142.0,71.0,103.0,6.1,59.0,0,0,0,3.1,8,2,1,0,1,0
67,female,29.5,151.0,87.0,133.0,7.8,73.0,0,1,0,1.6,3,1,1,1,1,0
21,female,31.4,124.0,73.0,119.0,5.3,135.0,1,0,1,1.1,2,3,1,0,1,0
35,male,29.0,130.0,67.0,109.0,4.8,117.0,0,0,0,2.1,6,6,0,0,1,1
79,male,24.3,138.0,72.0,125.0,5.2,179.0,0,0,0,0.8,1,3,1,1,1,1
54,female,23.2,133.0,66.0,115.0,6.2,166.0,0,0,0,1.8,2,6,0,1,1,0
42,male,31.3,140.0,75.0,99.0,6.7,70.0,0,0,0,1.8,4,3,1,1,0,1
65,male,22.5,134.0,76.0,125.0,7.1,26.0,0,0,0,2.3,7,10,1,1,1,1
18,female,34.2,128.0,76.0,109.0,7.7,30.0,0,0,0,1.2,2,2,0,0,1,0
70,male,13.4,156.0,82.0,101.0,6.5,147.0,0,1,1,1.6,4,2,0,1,1,1
63,male,16.9,127.0,75.0,122.0,7.7,36.0,0,1,1,2.6,4,4,1,0,1,1
32,female,17.5,126.0,78.0,108.0,5.2,70.0,1,0,0,1.5,8,3,0,1,1,0
26,male,20.2,114.0,66.0,117.0,8.4,14.0,0,0,0,1.6,7,8,1,0,0,1
32,female,33.1,121.0,66.0,118.0,7.3,16.0,1,0,0,1.4,7,1,1,1,0,0
66,male,19.5,145.0,81.0,120.0,4.2,35.0,0,0,0,1.1,9,6,1,1,1,1
74,female,24.4,141.0,83.0,134.0,6.9,11.0,0,1,0,2.2,3,6,1,1,1,0
41,male,24.1,144.0,75.0,134.0,9.8,39.0,0,0,0,1.3,3,5,1,1,1,1
21,male,32.4,132.0,77.0,112.0,9.5,101.0,0,0,0,0.7,10,10,1,1,0,1
29,female,41.7,130.0,63.0,129.0,6.8,164.0,0,1,0,1.3,9,8,1,1,1,0
76,female,33.7,144.0,79.0,140.0,7.6,4.0,1,0,0,1.1,2,1,1,1,1,0
75,female,33.7,156.0,88.0,140.0,5.4,110.0,1,0,0,3.2,3,5,1,1,1,0
54,female,38.4,136.0,78.0,125.0,5.1,54.0,0,1,1,1.8,9,4,1,1,1,0
78,male,14.4,131.0,80.0,115.0,6.6,31.0,0,0,1,2.2,10,8,1,1,1,1
54,male,21.2,121.0,90.0,122.0,6.2,4.0,0,1,0,1.2,6,10,1,1,1,1
60,male,21.6,142.0,82.0,120.0,7.0,47.0,0,0,0,2.0,5,2,0,1,1,1
77,female,27.4,141.0,78.0,151.0,7.6,187.0,0,0,0,1.9,9,10,1,1,1,0
23,male,26.6,128.0,61.0,107.0,7.6,91.0,0,0,0,0.5,7,7,0,0,1,1
56,male,21.9,125.0,79.0,107.0,8.1,179.0,0,0,1,1.3,2,2,1,1,1,1
73,female,29.7,134.0,68.0,134.0,7.5,64.0,1,0,0,1.0,10,8,1,1,1,0
63,female,14.5,140.0,69.0,101.0,8.3,222.0,0,1,1,1.0,9,5,0,1,1,0
41,male,27.4,132.0,70.0,111.0,8.1,20.0,1,0,1,1.7,6,2,1,1,1,1
28,female,25.2,121.0,71.0,112.0,6.6,206.0,1,0,0,1.5,3,1,0,0,0,0
79,male,22.3,141.0,80.0,123.0,4.1,78.0,0,1,0,2.2,1,9,1,1,1,1
30,male,25.2,123.0,67.0,111.0,5.2,164.0,1,0,0,1.1,4,2,1,1,1,1
51,female,36.5,159.0,85.0,121.0,7.6,33.0,0,1,0,2.0,8,1,1,1,1,0
42,male,28.0,136.0,83.0,122.0,7.0,80.0,0,1,1,2.3,5,7,1,1,1,1
24,female,31.7,130.0,72.0,142.0,9.5,158.0,0,0,1,0.9,5,6,1,1,1,0
69,female,33.7,142.0,87.0,141.0,4.8,79.0,0,0,0,1.6,2,8,1,1,1,0
21,male,22.7,128.0,66.0,85.0,8.0,74.0,0,0,0,2.5,4,10,0,1,0,1
76,male,30.5,139.0,74.0,125.0,6.8,200.0,0,1,0,1.9,4,3,1,1,1,1
25,male,29.3,132.0,79.0,120.0,5.8,21.0,0,0,0,1.0,9,3,1,1,1,1
37,female,35.8,140.0,78.0,105.0,9.1,77.0,0,0,1,1.0,7,6,1,1,1,0
46,male,35.7,148.0,80.0,97.0,5.4,207.0,0,1,1,1.8,7,6,1,1,1,1
71,female,31.7,132.0,91.0,121.0,7.2,224.0,0,0,0,2.2,9,3,1,1,1,0
70,female,23.7,151.0,82.0,113.0,8.4,15.0,1,0,0,2.2,9,6,1,1,1,0
68,male,27.5,147.0,93.0,145.0,5.7,228.0,0,0,0,2.0,5,1,0,1,1,1
62,female,26.0,134.0,78.0,126.0,4.4,1.0,0,0,0,1.6,1,1,1,1,1,0
63,male,29.7,126.0,87.0,124.0,7.6,232.0,1,0,0,1.5,2,5,1,1,1,1
27,male,21.8,121.0,70.0,104.0,8.3,37.0,0,0,0,0.7,8,4,1,0,1,1
60,male,25.8,141.0,70.0,127.0,6.1,104.0,1,1,0,1.8,6,2,1,1,1,1
51,male,30.0,126.0,82.0,125.0,4.7,1.0,0,0,1,1.7,10,3,1,1,1,1
74,male,20.4,135.0,77.0,126.0,7.1,158.0,0,1,0,1.7,8,1,1,1,1,1
43,male,21.6,120.0,85.0,116.0,6.4,68.0,0,1,0,2.6,3,6,1,1,1,1
58,male,27.5,136.0,80.0,135.0,4.4,224.0,0,0,0,1.6,3,10,1,1,1,1
66,female,21.9,131.0,82.0,120.0,7.6,97.0,0,0,0,1.7,6,5,1,1,1,0
75,male,36.7,169.0,73.0,145.0,5.9,216.0,0,0,1,1.1,4,10,1,1,1,1
20,female,26.2,131.0,75.0,114.0,7.6,114.0,0,0,0,2.1,4,6,1,1,0,0
73,female,24.1,135.0,78.0,126.0,9.8,164.0,0,1,1,1.5,4,6,1,1,1,0
23,female,29.6,119.0,68.0,109.0,6.8,165.0,0,0,1,3.4,2,2,1,0,0,0
22,male,19.4,109.0,78.0,103.0,6.9,34.0,1,0,0,2.3,7,8,0,1,1,1
22,female,34.3,128.0,66.0,117.0,7.0,103.0,0,0,0,3.1,5,6,1,1,0,0
71,female,28.2,159.0,81.0,140.0,6.7,248.0,1,0,1,1.6,5,2,1,1,1,0
64,male,27.1,151.0,74.0,126.0,5.3,253.0,0,0,1,1.5,7,1,1,1,1,1
40,male,14.8,126.0,72.0,95.0,7.2,58.0,0,0,0,2.3,5,9,1,0,1,1
66,female,18.6,135.0,74.0,98.0,6.1,47.0,0,0,0,2.0,1,4,1,1,1,0
26,male,32.5,134.0,73.0,103.0,6.2,127.0,0,0,0,2.4,2,10,0,1,0,1
52,male,26.7,139.0,76.0,111.0,5.8,181.0,0,0,0,2.0,5,8,0,1,1,1
37,male,24.8,133.0,67.0,119.0,7.4,4.0,0,1,0,1.7,7,2,1,0,1,1
75,male,22.5,145.0,84.0,115.0,5.8,12.0,0,0,0,1.9,10,9,1,1,1,1
66,female,26.9,146.0,82.0,139.0,7.3,181.0,0,0,0,1.4,2,8,1,1,1,0
78,male,39.3,143.0,78.0,124.0,7.4,69.0,0,0,0,0.8,8,2,1,1,1,1
76,male,19.4,141.0,86.0,128.0,6.9,132.0,0,1,0,2.0,5,9,1,1,1,1
59,male,44.1,152.0,87.0,115.0,5.0,206.0,0,0,1,2.5,9,8,1,1,1,1
52,female,24.6,132.0,76.0,104.0,6.0,170.0,1,1,1,1.6,6,2,0,1,1,0
67,female,26.9,133.0,70.0,112.0,6.7,199.0,0,1,0,1.5,3,6,1,1,1,0
35,male,17.2,124.0,67.0,94.0,5.1,87.0,0,1,1,1.8,6,5,0,0,0,1
79,male,22.2,178.0,67.0,116.0,7.2,21.0,0,0,0,1.9,9,2,1,1,1,1
34,female,30.6,125.0,75.0,127.0,8.7,77.0,1,0,0,2.4,1,8,1,1,1,0
41,male,26.7,131.0,79.0,125.0,7.5,397.0,1,1,0,2.2,1,1,0,1,0,1
20,male,32.3,137.0,68.0,103.0,5.2,44.0,0,1,1,1.3,8,8,1,1,1,1
49,female,21.9,147.0,74.0,112.0,10.0,65.0,0,0,0,1.0,7,6,1,1,1,0
52,male,20.9,129.0,80.0,120.0,6.1,174.0,1,0,0,1.9,1,9,1,1,1,1
55,male,16.3,139.0,69.0,109.0,7.1,9.0,0,0,0,2.6,8,6,1,1,1,1
30,female,25.5,134.0,75.0,131.0,5.9,170.0,0,1,0,2.6,5,1,1,1,0,0
73,female,24.2,140.0,91.0,128.0,7.1,38.0,0,0,1,0.6,9,10,1,1,1,0
78,male,30.9,155.0,85.0,121.0,8.6,37.0,0,0,0,2.1,3,5,1,1,1,1
64,female,24.0,139.0,71.0,112.0,5.4,105.0,0,0,0,1.8,5,7,1,1,1,0
42,male,28.1,129.0,75.0,106.0,6.2,35.0,0,0,1,0.7,7,4,1,1,1,1
26,male,25.2,139.0,76.0,102.0,7.0,123.0,0,0,0,2.3,10,4,0,1,1,1
21,male,25.7,129.0,74.0,110.0,4.6,287.0,0,1,1,2.7,8,3,0,0,1,1
31,female,27.8,116.0,67.0,112.0,7.9,62.0,0,0,0,2.2,3,8,1,1,1,0
54,female,38.4,144.0,82.0,125.0,5.9,345.0,1,0,0,2.8,1,5,0,1,1,0
51,male,27.4,133.0,75.0,127.0,6.9,342.0,0,0,1,2.1,6,6,0,1,1,1
28,male,27.2,126.0,70.0,117.0,5.4,28.0,0,0,0,1.7,5,3,1,1,1,1
58,female,35.1,148.0,83.0,110.0,5.3,68.0,0,0,0,2.0,5,1,0,1,1,0
73,female,25.1,147.0,89.0,109.0,6.8,554.0,1,0,1,1.2,6,8,0,1,0,0
20,female,20.7,132.0,65.0,93.0,8.8,17.0,0,1,1,1.4,3,8,1,0,1,0
76,male,19.9,152.0,80.0,111.0,5.6,77.0,0,0,0,2.0,5,7,1,1,1,1
45,female,26.9,124.0,74.0,110.0,8.0,68.0,0,0,0,1.7,10,7,1,1,1,0
46,female,28.7,135.0,79.0,115.0,8.5,199.0,1,1,0,2.9,1,4,1,1,1,0
26,male,30.3,113.0,74.0,119.0,8.1,21.0,1,0,0,1.7,8,10,1,1,1,1
20,male,29.2,118.0,68.0,99.0,6.6,30.0,1,0,0,1.8,9,6,0,0,0,1
42,male,24.1,114.0,70.0,105.0,7.1,23.0,0,0,0,1.9,4,6,1,1,1,1
51,female,25.0,123.0,78.0,99.0,8.8,22.0,0,0,1,2.3,5,8,1,1,0,0
29,male,23.7,137.0,72.0,99.0,8.0,36.0,0,0,0,0.8,7,1,1,1,0,1
59,male,33.1,149.0,82.0,125.0,6.8,90.0,0,0,0,2.7,10,6,1,1,1,1
26,male,23.1,129.0,61.0,98.0,5.3,147.0,0,0,0,2.3,5,2,0,0,0,1
32,male,15.3,131.0,76.0,91.0,9.2,57.0,0,0,1,2.1,4,5,0,0,0,1
57,female,21.6,141.0,84.0,110.0,7.0,71.0,0,0,0,3.6,8,9,1,1,1,0
42,male,27.4,133.0,75.0,120.0,6.1,189.0,0,0,0,1.6,6,1,1,1,0,1
22,female,29.1,122.0,76.0,102.0,7.5,89.0,0,1,0,1.4,2,6,1,0,0,0
28,female,23.0,139.0,77.0,121.0,4.1,107.0,0,0,1,1.1,4,9,1,1,1,0
76,female,22.0,154.0,77.0,112.0,7.7,88.0,0,0,0,3.0,3,5,1,1,1,0
51,male,21.9,132.0,76.0,110.0,7.6,187.0,0,0,1,1.6,2,5,1,1,0,1
41,female,25.7,138.0,77.0,129.0,7.3,24.0,0,0,0,3.2,6,3,1,1,1,0
77,male,20.6,121.0,75.0,128.0,8.0,477.0,1,0,1,2.2,10,2,0,1,0,1
32,male,25.3,135.0,73.0,111.0,7.2,254.0,0,0,0,2.0,1,7,0,1,0,1
55,male,19.6,130.0,62.0,119.0,7.6,61.0,0,1,1,2.0,10,3,1,1,1,1
25,female,29.6,149.0,69.0,99.0,7.7,64.0,0,1,0,1.2,4,3,0,1,0,0
76,male,34.2,160.0,90.0,155.0,8.2,227.0,1,0,0,2.1,8,2,1,1,1,1
22,male,22.9,107.0,73.0,93.0,6.4,71.0,0,1,1,2.0,5,4,1,0,0,1
65,male,12.9,128.0,69.0,114.0,7.4,85.0,0,0,0,2.7,3,8,0,1,1,1
43,female,31.5,137.0,69.0,135.0,6.2,164.0,0,1,0,2.2,2,4,1,1,1,0
35,female,35.5,135.0,91.0,126.0,7.2,59.0,1,0,0,1.8,6,4,1,1,1,0
23,female,15.3,118.0,64.0,100.0,6.8,73.0,0,0,0,1.4,4,10,0,0,1,0
54,male,30.0,147.0,74.0,137.0,5.6,5.0,0,0,0,2.1,7,10,1,1,1,1
77,female,28.8,144.0,84.0,136.0,7.5,17.0,0,1,0,1.8,8,6,1,1,1,0
65,male,27.3,142.0,73.0,118.0,4.5,74.0,1,1,0,2.0,9,9,1,1,1,1
30,male,14.9,133.0,71.0,121.0,5.4,6.0,1,0,0,1.6,7,3,0,0,1,1
45,female,19.3,142.0,73.0,102.0,7.7,44.0,0,0,0,1.8,9,7,0,1,1,0
22,male,17.5,127.0,62.0,122.0,5.9,69.0,0,0,0,1.1,4,4,1,0,1,1
30,female,18.8,120.0,70.0,113.0,7.5,13.0,0,0,1,1.3,1,7,0,0,1,0
34,male,23.9,122.0,74.0,107.0,9.8,8.0,0,1,0,0.8,7,4,1,1,1,1
67,female,29.8,144.0,73.0,115.0,4.1,2.0,0,0,0,1.6,2,6,1,1,1,0
57,male,18.7,134.0,77.0,116.0,7.2,80.0,0,1,1,1.1,10,3,1,1,1,1
62,male,25.5,140.0,81.0,114.0,9.2,19.0,0,0,1,1.7,9,4,1,1,1,1
49,male,17.4,134.0,66.0,112.0,7.1,140.0,0,0,0,1.9,6,5,1,1,1,1
79,male,23.2,148.0,82.0,134.0,6.8,81.0,0,0,1,2.0,9,7,1,1,1,1
46,male,23.8,135.0,75.0,126.0,6.3,2.0,0,0,1,0.6,8,1,1,0,1,1
68,female,18.5,135.0,74.0,134.0,5.8,7.0,0,1,0,1.3,9,8,1,1,1,0
75,male,19.6,132.0,76.0,108.0,4.1,300.0,0,1,0,2.1,7,6,0,1,0,1
20,female,32.4,133.0,75.0,118.0,6.2,16.0,0,1,0,2.0,3,8,1,1,0,0
73,female,36.0,151.0,78.0,117.0,6.9,170.0,0,0,0,2.0,10,8,1,1,1,0
57,female,27.6,143.0,80.0,122.0,7.0,34.0,0,0,1,2.4,5,9,1,1,1,0
51,male,33.5,144.0,73.0,107.0,8.0,47.0,0,0,1,1.2,3,4,1,1,1,1
57,male,20.4,119.0,70.0,141.0,7.9,3.0,0,0,0,1.2,3,3,1,0,1,1
44,male,26.1,147.0,67.0,132.0,7.1,97.0,0,0,0,1.5,7,1,0,0,1,1
30,female,31.9,127.0,64.0,99.0,7.2,76.0,0,1,0,1.6,6,9,1,1,1,0
62,male,25.2,151.0,78.0,114.0,6.7,164.0,1,1,0,2.4,5,2,0,1,1,1
50,male,26.1,139.0,64.0,127.0,5.8,283.0,0,1,1,1.6,5,9,1,1,1,1
23,female,28.0,117.0,74.0,115.0,8.0,95.0,0,0,0,2.1,8,10,1,1,0,0
41,female,29.5,128.0,74.0,119.0,6.6,365.0,0,1,1,1.3,1,8,0,1,0,0
36,female,27.6,125.0,85.0,119.0,7.1,19.0,0,1,0,2.4,4,9,1,1,1,0
33,female,19.7,120.0,75.0,118.0,10.0,51.0,0,0,1,1.2,5,2,1,1,0,0
57,female,23.8,123.0,79.0,143.0,8.0,213.0,0,0,0,1.4,9,7,1,1,1,0
45,female,23.9,126.0,70.0,101.0,6.5,97.0,0,0,0,1.5,1,7,1,1,1,0
50,male,37.3,150.0,75.0,126.0,4.8,95.0,0,1,1,2.7,9,3,1,1,1,1
76,female,27.2,155.0,77.0,106.0,8.2,74.0,1,1,1,2.4,6,4,1,1,1,0
76,male,40.3,149.0,83.0,138.0,3.0,2.0,0,0,1,1.8,3,10,1,1,1,1
65,male,22.0,124.0,73.0,139.0,6.3,10.0,0,0,1,1.0,3,9,1,1,1,1
58,male,29.7,146.0,81.0,130.0,4.4,11.0,1,0,1,2.0,4,1,1,1,1,1
30,female,26.3,119.0,70.0,122.0,6.2,25.0,0,0,1,2.2,5,3,1,0,1,0
60,male,24.3,131.0,83.0,122.0,6.1,12.0,0,0,1,2.5,9,7,1,1,1,1
62,female,26.4,138.0,72.0,114.0,7.0,14.0,0,1,0,2.4,6,2,1,1,1,0
42,female,23.8,128.0,78.0,96.0,6.5,122.0,1,1,0,1.1,5,3,0,1,1,0
70,male,19.2,133.0,88.0,136.0,8.0,15.0,0,1,0,1.4,6,4,1,1,1,1
59,female,26.4,134.0,87.0,116.0,7.6,75.0,0,0,1,2.3,6,1,1,1,1,0
53,male,24.7,132.0,70.0,116.0,7.9,8.0,0,0,0,2.2,9,9,0,1,1,1
44,male,24.4,127.0,81.0,92.0,5.0,38.0,0,0,1,1.9,10,9,1,1,1,1
55,female,29.3,134.0,64.0,115.0,6.6,310.0,1,0,1,1.9,7,3,1,1,1,0
77,male,18.8,140.0,68.0,122.0,7.6,4.0,0,1,0,1.5,7,5,1,1,1,1
24,male,23.7,127.0,74.0,113.0,6.9,251.0,0,1,0,0.5,4,2,0,0,0,1
22,male,33.6,131.0,76.0,136.0,6.0,171.0,1,0,0,1.9,5,8,1,1,1,1
60,female,22.1,133.0,79.0,115.0,5.8,304.0,0,1,0,2.7,7,5,0,1,1,0
62,male,33.3,142.0,76.0,127.0,9.2,186.0,1,0,0,2.2,8,2,0,1,1,1
75,female,16.9,151.0,70.0,136.0,7.4,210.0,0,0,0,1.9,6,6,1,1,1,0
74,female,35.6,159.0,71.0,148.0,4.1,14.0,0,0,0,1.4,8,6,1,1,1,0
68,male,20.1,144.0,71.0,102.0,5.2,217.0,0,0,0,2.3,9,5,0,1,1,1
48,male,16.1,115.0,76.0,126.0,4.1,78.0,0,0,1,1.4,1,6,1,1,1,1
40,female,29.2,134.0,80.0,99.0,5.0,52.0,0,0,1,3.3,4,8,1,1,1,0
59,female,31.0,137.0,80.0,131.0,5.3,20.0,0,0,0,2.0,9,5,1,1,1,0
27,male,34.5,124.0,76.0,128.0,8.4,0.0,0,0,0,1.7,5,1,1,1,1,1
49,male,14.3,125.0,82.0,110.0,7.5,123.0,0,1,0,2.5,4,2,0,1,1,1
60,female,21.1,145.0,84.0,112.0,5.7,155.0,1,0,0,2.1,9,9,1,1,1,0
70,female,30.6,153.0,85.0,123.0,5.8,59.0,0,1,0,1.0,2,8,1,1,1,0
47,female,40.8,138.0,86.0,101.0,6.0,22.0,1,1,0,1.7,2,4,1,1,1,0
56,female,27.6,140.0,79.0,123.0,5.6,19.0,0,1,0,2.0,8,1,1,1,1,0
48,female,31.4,135.0,79.0,123.0,6.4,22.0,1,0,0,2.0,8,8,1,1,1,0
35,male,21.1,125.0,67.0,128.0,5.7,7.0,1,0,0,1.3,5,1,1,1,1,1
53,female,26.0,145.0,78.0,116.0,6.5,53.0,1,1,0,2.2,6,9,1,1,1,0
19,female,19.1,119.0,65.0,97.0,5.1,115.0,0,0,0,0.6,5,10,0,0,0,0
31,male,31.0,117.0,81.0,111.0,6.7,71.0,1,1,0,1.9,8,9,0,1,0,1
30,male,27.5,130.0,76.0,104.0,7.1,16.0,1,1,0,2.2,6,5,0,1,0,1
46,female,28.7,150.0,73.0,114.0,5.5,203.0,1,0,1,3.2,6,3,1,1,1,0
29,female,33.5,126.0,79.0,106.0,5.9,41.0,0,0,0,2.1,7,1,0,1,1,0
56,male,27.9,152.0,83.0,129.0,6.6,111.0,1,1,0,1.1,2,2,1,1,1,1
19,female,41.1,137.0,70.0,127.0,7.9,34.0,0,0,0,2.0,9,5,1,1,1,0
49,female,19.9,141.0,72.0,95.0,8.3,108.0,0,0,0,1.0,3,2,0,1,1,0
30,male,38.8,142.0,70.0,125.0,6.7,17.0,0,0,1,2.3,9,6,1,1,1,1
63,female,22.7,140.0,76.0,133.0,7.2,128.0,0,0,0,2.2,10,3,1,1,1,0
44,male,23.6,127.0,82.0,127.0,6.6,102.0,0,0,0,1.3,5,7,1,1,0,1
66,male,17.5,138.0,75.0,103.0,8.4,88.0,0,0,0,0.9,1,10,1,1,1,1
58,male,34.2,146.0,82.0,144.0,9.0,29.0,1,1,0,3.6,10,10,1,1,1,1
34,male,25.5,137.0,69.0,107.0,7.9,90.0,0,0,1,1.6,4,9,1,1,1,1
57,female,26.1,120.0,81.0,121.0,7.4,273.0,0,1,0,1.9,6,1,1,1,1,0
48,male,17.5,118.0,72.0,106.0,7.4,16.0,0,0,0,2.0,3,3,1,1,0,1
51,female,24.9,137.0,80.0,103.0,7.0,146.0,0,1,0,1.7,6,10,0,1,1,0
77,female,32.2,153.0,86.0,123.0,5.8,14.0,0,1,0,2.0,1,4,1,1,1,0
41,female,19.3,121.0,66.0,125.0,6.1,50.0,1,0,0,2.2,10,6,1,0,1,0
62,female,28.2,145.0,74.0,139.0,7.1,138.0,0,0,1,2.7,10,3,1,1,1,0
52,female,13.6,134.0,69.0,116.0,6.1,99.0,0,1,1,1.2,9,4,1,1,1,0
65,male,23.3,138.0,87.0,118.0,5.0,136.0,1,1,1,1.4,9,10,1,1,1,1
23,male,39.7,144.0,84.0,144.0,6.5,397.0,0,0,0,1.9,4,5,1,1,0,1
36,male,24.6,142.0,73.0,125.0,4.7,419.0,0,0,0,2.7,2,4,0,1,0,1
47,male,18.4,131.0,89.0,109.0,9.3,296.0,0,1,0,0.7,8,3,0,1,0,1
24,female,33.7,137.0,66.0,94.0,6.1,82.0,1,0,0,2.0,7,7,0,1,1,0
27,male,23.4,111.0,70.0,120.0,6.8,50.0,0,0,1,2.4,1,8,1,0,1,1
58,female,25.5,147.0,83.0,135.0,8.4,39.0,0,0,0,2.8,6,2,1,1,1,0
49,female,31.9,150.0,77.0,129.0,10.0,103.0,0,0,0,2.5,10,10,1,1,1,0
51,male,32.5,132.0,72.0,102.0,6.5,73.0,0,0,0,1.5,5,6,1,1,1,1
45,male,24.6,138.0,77.0,118.0,5.8,600.0,1,0,1,2.5,2,9,0,1,0,1
77,male,24.1,130.0,95.0,151.0,7.6,92.0,0,0,0,0.8,5,1,1,1,1,1
32,male,15.3,116.0,64.0,102.0,6.7,48.0,0,0,0,2.6,6,8,0,0,0,1
47,female,24.5,129.0,70.0,140.0,6.6,121.0,1,0,1,2.5,10,6,1,1,1,0
54,female,17.5,120.0,67.0,120.0,7.0,5.0,0,0,0,1.6,6,4,0,1,0,0
46,male,17.5,127.0,70.0,110.0,7.4,14.0,0,0,1,2.0,2,6,1,1,1,1
39,female,16.4,123.0,77.0,123.0,9.4,131.0,0,0,0,1.7,1,10,0,1,0,0
21,female,27.2,130.0,81.0,103.0,5.1,16.0,0,0,0,1.6,4,9,0,1,1,0
37,female,13.6,111.0,62.0,89.0,9.3,169.0,1,0,0,2.3,4,5,0,1,1,0
49,male,31.6,144.0,80.0,109.0,6.5,8.0,1,0,0,2.3,9,5,1,1,1,1
53,female,16.9,125.0,78.0,114.0,8.0,108.0,0,0,1,1.8,1,3,1,0,1,0
67,male,27.9,133.0,74.0,131.0,7.0,136.0,0,0,1,2.0,10,9,1,1,1,1
21,male,23.9,121.0,75.0,100.0,6.8,181.0,1,1,1,3.2,1,3,1,0,0,1
44,female,22.3,137.0,76.0,128.0,7.1,260.0,0,1,0,2.2,8,5,0,1,1,0
34,female,30.8,128.0,81.0,119.0,5.8,45.0,0,0,1,1.4,5,1,1,1,1,0
29,male,15.3,125.0,56.0,112.0,8.9,152.0,1,1,0,1.9,9,10,0,0,0,1
39,female,22.0,131.0,74.0,103.0,7.5,10.0,0,1,0,0.3,6,7,1,1,1,0
34,female,25.3,154.0,78.0,111.0,7.3,212.0,0,0,0,2.2,10,8,0,1,1,0
27,male,23.3,122.0,77.0,88.0,6.4,265.0,0,0,0,1.5,3,8,0,0,0,1
71,male,23.4,141.0,82.0,119.0,5.0,166.0,0,0,0,0.8,1,10,1,1,1,1
18,male,29.0,133.0,64.0,114.0,7.7,40.0,0,0,1,2.3,10,1,0,1,0,1
39,male,18.6,126.0,80.0,102.0,7.8,8.0,1,0,1,2.1,6,10,1,1,1,1
43,female,30.3,137.0,80.0,119.0,7.6,66.0,0,0,0,2.0,3,10,1,1,1,0
73,female,27.7,132.0,79.0,130.0,6.9,38.0,0,1,0,2.6,4,10,1,1,1,0
76,male,21.8,143.0,78.0,116.0,6.5,91.0,0,0,0,2.0,3,1,1,1,1,1
35,male,24.6,123.0,83.0,109.0,8.4,60.0,0,1,0,2.2,7,7,1,1,1,1
67,male,21.8,136.0,81.0,111.0,7.4,18.0,0,0,0,1.6,9,1,0,1,1,1
31,female,21.3,127.0,72.0,97.0,7.2,217.0,0,0,0,2.5,5,5,0,1,0,0
64,male,19.8,137.0,70.0,132.0,4.9,240.0,0,0,0,1.5,6,4,0,0,1,1
46,female,17.8,135.0,71.0,93.0,4.4,201.0,0,0,1,1.9,5,3,0,1,0,0
29,male,16.7,129.0,64.0,114.0,9.8,28.0,0,1,1,1.9,3,1,1,0,0,1
53,male,24.6,135.0,65.0,102.0,7.9,67.0,1,0,1,2.1,3,8,1,1,1,1
76,male,28.5,150.0,81.0,147.0,8.5,23.0,0,0,0,1.8,4,3,1,1,1,1
52,female,13.4,113.0,61.0,115.0,4.7,131.0,0,0,0,2.5,5,10,0,0,1,0
69,female,24.3,145.0,74.0,118.0,8.1,196.0,0,1,0,1.8,7,4,1,1,1,0
78,female,31.3,158.0,79.0,143.0,6.4,105.0,0,0,1,1.5,9,4,1,1,1,0
29,male,26.7,120.0,64.0,126.0,6.9,95.0,1,0,0,1.6,5,1,1,0,1,1
24,female,15.1,125.0,74.0,108.0,7.5,151.0,0,1,0,1.9,2,1,0,0,0,0
46,female,24.3,129.0,73.0,121.0,7.0,14.0,0,1,1,2.0,9,4,1,1,0,0
28,male,22.3,120.0,57.0,111.0,7.0,34.0,0,0,0,1.2,5,6,1,0,1,1
50,male,21.1,144.0,79.0,131.0,5.7,45.0,0,1,0,1.8,6,6,1,1,1,1
23,female,30.9,127.0,83.0,114.0,7.6,91.0,0,1,1,2.4,9,4,1,1,1,0
64,female,18.6,144.0,76.0,117.0,5.6,448.0,0,0,0,1.6,4,6,0,1,0,0
32,female,25.4,112.0,76.0,123.0,5.7,239.0,0,1,0,2.5,3,2,1,0,0,0
49,female,31.9,134.0,79.0,120.0,6.9,34.0,0,0,1,1.7,4,4,1,1,1,0
68,male,21.7,146.0,80.0,133.0,5.2,32.0,0,0,1,1.9,8,4,1,1,1,1
28,male,23.1,126.0,68.0,120.0,8.3,69.0,0,1,1,2.2,7,10,1,0,1,1
75,male,19.9,140.0,73.0,155.0,8.3,441.0,0,0,0,3.4,7,5,1,1,1,1
40,female,24.6,136.0,67.0,113.0,6.2,20.0,1,0,0,1.7,1,1,1,1,1,0
43,female,18.4,122.0,73.0,117.0,6.5,377.0,0,0,0,1.6,2,3,0,1,0,0
51,male,24.2,145.0,79.0,123.0,6.8,25.0,0,1,0,2.7,3,3,0,1,1,1
63,male,31.6,142.0,83.0,137.0,4.2,261.0,0,0,1,1.7,1,4,0,1,1,1
51,female,16.9,124.0,70.0,110.0,4.9,213.0,0,1,0,2.0,9,3,0,0,0,0
46,female,26.6,128.0,74.0,123.0,7.7,257.0,0,0,0,2.1,9,6,0,1,1,0
21,male,39.2,131.0,74.0,123.0,7.3,267.0,1,0,1,1.4,5,2,1,1,0,1
34,male,17.3,121.0,67.0,116.0,6.3,30.0,0,1,1,1.6,4,5,1,0,1,1
52,male,20.8,137.0,62.0,91.0,6.2,181.0,0,0,1,0.5,3,6,0,1,1,1
30,female,19.1,123.0,69.0,103.0,7.7,138.0,0,0,0,2.0,9,9,0,0,1,0
58,female,32.8,140.0,77.0,152.0,4.4,253.0,0,1,0,0.6,2,10,1,1,1,0
56,female,28.2,142.0,77.0,141.0,9.2,81.0,0,0,1,2.6,8,1,1,1,1,0
32,female,42.7,134.0,74.0,132.0,8.0,64.0,0,1,0,2.2,7,3,1,0,1,0
72,female,40.7,157.0,85.0,145.0,6.3,155.0,0,1,0,1.7,2,7,1,1,1,0
46,female,27.8,138.0,92.0,125.0,7.3,38.0,0,0,0,2.5,3,8,1,1,1,0
46,male,29.5,138.0,80.0,128.0,8.6,206.0,0,0,1,2.5,2,5,1,1,1,1
28,male,23.7,123.0,68.0,99.0,5.4,40.0,1,0,0,1.6,3,9,1,1,0,1
69,female,31.0,141.0,78.0,121.0,8.5,5.0,1,0,1,1.2,4,10,1,1,1,0
49,male,26.4,142.0,75.0,111.0,6.8,96.0,1,0,0,2.0,5,8,1,1,1,1
19,female,26.1,128.0,71.0,104.0,7.7,217.0,0,0,0,2.7,2,1,0,0,0,0
64,male,26.0,133.0,77.0,142.0,7.9,141.0,0,0,0,2.1,7,1,1,1,1,1
31,female,21.1,122.0,68.0,94.0,7.0,544.0,0,0,0,1.8,4,8,0,0,0,0
37,male,28.4,143.0,71.0,140.0,8.2,18.0,1,1,0,1.7,1,9,1,1,1,1
39,male,18.3,134.0,75.0,113.0,6.2,51.0,0,1,1,1.7,4,9,1,1,1,1
28,female,20.7,114.0,69.0,93.0,6.8,57.0,0,0,0,0.6,9,6,0,1,0,0
44,female,28.2,135.0,78.0,112.0,5.8,7.0,1,0,1,2.6,5,7,1,1,1,0
20,male,28.1,128.0,70.0,117.0,5.9,5.0,0,0,0,3.5,2,5,1,1,1,1
34,male,22.8,135.0,61.0,95.0,7.0,4.0,0,0,1,1.1,6,10,1,1,1,1
79,female,14.0,141.0,70.0,112.0,7.9,63.0,0,0,1,1.6,7,4,1,1,1,0
61,male,21.9,141.0,66.0,104.0,5.1,224.0,0,0,0,1.4,2,8,1,1,1,1
73,female,16.5,147.0,77.0,124.0,7.3,148.0,0,0,1,1.0,10,3,1,1,1,0
45,female,29.0,144.0,65.0,106.0,8.3,71.0,1,1,1,1.9,2,7,1,1,1,0
46,male,17.1,127.0,69.0,91.0,8.5,37.0,1,0,0,2.1,10,6,0,1,1,1
38,female,23.4,130.0,71.0,130.0,6.7,2.0,0,0,1,2.1,3,10,1,1,1,0
64,male,34.9,140.0,79.0,127.0,5.4,23.0,0,1,1,1.7,10,8,1,1,1,1
33,male,36.5,133.0,81.0,118.0,7.7,59.0,0,1,0,3.5,4,6,1,1,1,1
54,female,18.6,130.0,80.0,119.0,7.4,56.0,0,1,0,1.8,5,2,0,1,1,0
76,male,33.2,149.0,77.0,132.0,6.8,36.0,0,0,1,1.9,3,5,1,1,1,1
37,female,20.5,126.0,72.0,100.0,6.4,600.0,1,1,0,1.2,4,4,0,0,0,0
23,female,27.5,132.0,69.0,104.0,7.2,71.0,0,1,0,1.7,7,3,0,0,0,0
36,female,25.3,132.0,76.0,122.0,7.3,37.0,1,1,0,1.6,6,6,1,1,1,0
74,male,20.3,132.0,77.0,109.0,6.3,63.0,0,1,0,1.2,2,5,1,1,1,1
22,female,19.5,125.0,72.0,104.0,6.5,39.0,0,0,0,2.3,7,3,0,0,0,0
20,male,26.1,119.0,64.0,130.0,5.0,52.0,1,0,0,1.4,2,6,1,0,1,1
76,female,28.0,138.0,81.0,124.0,7.2,16.0,0,1,0,1.6,3,4,1,1,1,0
18,female,25.7,113.0,62.0,123.0,7.3,0.0,0,1,0,2.4,1,7,1,0,0,0
75,female,24.4,146.0,74.0,112.0,5.2,81.0,0,1,0,1.7,6,1,1,1,1,0
77,male,13.1,147.0,76.0,117.0,6.7,81.0,1,1,1,2.3,10,3,1,1,1,1
55,male,20.3,132.0,63.0,130.0,6.1,20.0,0,0,0,1.4,4,5,1,0,1,1
32,female,16.0,130.0,56.0,97.0,8.3,215.0,0,0,1,0.8,9,2,0,0,0,0
51,female,31.9,140.0,70.0,147.0,5.2,26.0,0,0,0,1.9,4,9,1,1,1,0
78,male,22.4,127.0,73.0,123.0,8.3,176.0,0,1,0,2.6,10,10,1,1,1,1
52,male,27.8,142.0,71.0,107.0,8.5,25.0,0,0,1,2.5,6,1,1,1,1,1
66,male,25.2,137.0,74.0,134.0,3.6,40.0,1,1,0,2.0,8,4,1,1,1,1
42,female,25.0,125.0,76.0,134.0,7.6,38.0,1,1,0,2.0,5,4,1,1,1,0
41,male,28.7,139.0,87.0,103.0,7.5,31.0,0,0,0,2.0,3,2,1,1,0,1
29,female,39.2,136.0,72.0,129.0,4.8,366.0,1,0,0,0.4,9,10,0,1,1,0
35,male,26.4,129.0,75.0,106.0,6.4,37.0,0,0,1,2.0,3,1,1,1,1,1
32,female,26.3,129.0,80.0,101.0,6.2,80.0,0,0,0,1.5,9,1,0,1,1,0
61,female,26.9,134.0,84.0,112.0,5.6,159.0,0,0,0,2.7,2,10,1,1,1,0
33,female,26.3,143.0,68.0,116.0,6.0,46.0,0,0,1,1.8,8,10,1,1,1,0
44,male,22.7,133.0,79.0,129.0,7.9,1.0,0,0,0,2.0,6,5,1,1,0,1
25,male,29.0,129.0,80.0,113.0,6.9,172.0,0,0,0,1.1,9,10,0,1,1,1
77,male,24.8,145.0,88.0,130.0,6.0,40.0,0,0,0,2.4,5,1,1,1,1,1
63,female,24.5,127.0,86.0,114.0,5.3,248.0,0,0,0,1.9,4,4,0,1,1,0
42,female,30.1,129.0,69.0,118.0,7.9,81.0,0,0,1,1.9,2,4,1,0,1,0
34,male,41.0,128.0,79.0,117.0,9.0,118.0,0,0,1,3.5,1,4,1,1,1,1
46,female,22.1,121.0,69.0,92.0,6.5,362.0,0,0,0,2.1,4,5,0,0,0,0
70,female,24.4,130.0,70.0,117.0,6.7,245.0,0,0,0,3.1,8,2,0,1,1,0
25,female,28.1,122.0,75.0,126.0,10.0,189.0,1,1,0,0.4,10,3,1,1,1,0
32,male,20.7,125.0,72.0,78.0,7.9,91.0,0,0,0,2.1,9,7,0,1,0,1
44,female,33.5,126.0,78.0,137.0,8.2,22.0,0,1,0,2.2,1,10,1,1,1,0
63,male,20.4,143.0,73.0,121.0,6.1,221.0,0,1,0,1.1,2,9,0,1,1,1
67,male,20.5,141.0,91.0,117.0,5.7,12.0,1,0,1,2.0,3,5,1,1,1,1
69,male,24.0,140.0,87.0,116.0,8.5,262.0,0,0,0,1.3,8,5,1,1,1,1
24,male,32.9,147.0,71.0,123.0,7.4,174.0,0,0,1,1.7,9,9,1,1,1,1
20,male,41.0,131.0,75.0,140.0,7.0,195.0,0,1,0,1.5,3,8,1,1,1,1
46,female,28.3,142.0,78.0,122.0,7.3,57.0,0,0,1,1.5,4,8,1,1,1,0
61,male,45.8,154.0,89.0,137.0,9.0,11.0,0,0,0,1.4,8,5,1,1,1,1
70,male,36.1,161.0,84.0,166.0,5.8,156.0,0,1,1,0.6,3,4,1,1,1,1
41,male,31.6,144.0,76.0,122.0,7.0,458.0,0,1,1,1.8,6,3,0,1,0,1
77,female,21.6,141.0,70.0,103.0,5.9,235.0,0,0,0,2.1,1,10,0,1,1,0
75,female,30.0,146.0,92.0,133.0,7.2,221.0,0,1,1,2.1,7,10,1,1,1,0
20,female,21.7,110.0,66.0,98.0,7.8,120.0,0,1,0,0.3,5,4,0,0,0,0
37,female,27.2,132.0,80.0,111.0,7.2,15.0,0,0,0,1.1,4,3,0,1,1,0
63,male,29.3,148.0,78.0,141.0,9.1,239.0,0,0,0,2.3,8,6,1,1,1,1
32,male,30.1,130.0,81.0,127.0,6.1,30.0,0,0,0,1.0,8,3,1,0,1,1
42,female,30.8,146.0,68.0,99.0,7.5,37.0,1,1,0,2.4,7,3,1,1,1,0
47,female,22.0,133.0,70.0,93.0,8.5,169.0,0,0,1,2.5,1,1,0,1,0,0
31,female,31.7,141.0,73.0,120.0,6.3,151.0,0,0,0,2.6,10,9,1,1,0,0
24,female,23.5,122.0,65.0,120.0,6.2,9.0,0,1,0,0.5,6,5,1,0,1,0
34,male,24.0,119.0,69.0,85.0,6.6,35.0,0,0,0,2.4,3,10,0,1,0,1
79,female,25.7,142.0,87.0,139.0,4.9,204.0,1,0,0,2.0,8,1,1,1,1,0
61,female,26.5,140.0,80.0,152.0,8.3,358.0,1,0,0,1.4,10,4,0,1,1,0
37,female,17.8,119.0,80.0,121.0,7.0,37.0,0,0,1,2.0,3,3,0,0,1,0
53,female,24.4,123.0,76.0,108.0,4.6,172.0,0,1,0,1.7,8,7,0,1,1,0
26,female,32.1,114.0,73.0,124.0,6.2,85.0,0,1,0,0.5,5,6,1,1,0,0
55,female,11.9,137.0,64.0,110.0,8.5,57.0,0,0,1,0.8,5,8,1,1,1,0
65,female,31.2,148.0,85.0,149.0,6.4,274.0,1,0,0,1.2,8,8,1,1,1,0
74,male,29.7,150.0,79.0,143.0,8.8,95.0,0,0,1,2.4,3,8,1,1,1,1
77,male,31.9,151.0,82.0,121.0,6.4,141.0,0,0,0,2.3,4,5,1,1,1,1
39,male,17.7,122.0,68.0,115.0,4.9,108.0,0,1,0,1.9,1,3,0,0,0,1
71,male,19.0,146.0,93.0,109.0,4.0,124.0,1,0,0,1.1,9,4,0,1,1,1
70,male,31.0,133.0,81.0,141.0,9.5,87.0,0,0,0,1.1,3,7,1,1,1,1
70,male,20.6,124.0,72.0,116.0,5.7,91.0,0,0,1,1.5,8,8,1,1,1,1
19,female,16.8,116.0,61.0,100.0,6.0,229.0,0,0,0,2.8,1,9,0,0,0,0
41,female,20.7,130.0,76.0,113.0,6.7,43.0,0,1,0,1.2,1,5,1,1,1,0
25,male,28.0,120.0,68.0,106.0,7.1,160.0,0,1,0,1.1,6,10,1,0,0,1
28,female,21.8,112.0,68.0,109.0,5.5,38.0,0,1,0,2.1,6,4,0,0,0,0
30,male,22.9,130.0,62.0,115.0,8.5,9.0,0,0,1,2.4,7,7,1,0,1,1
34,female,24.0,125.0,73.0,108.0,7.2,280.0,0,1,0,1.6,1,10,0,1,0,0
25,female,21.6,129.0,71.0,110.0,8.4,63.0,0,0,0,2.6,3,4,0,0,0,0
38,female,20.3,138.0,83.0,101.0,4.2,138.0,0,0,1,1.7,4,3,0,1,1,0
35,female,28.3,118.0,71.0,101.0,7.4,170.0,0,0,1,1.6,9,4,1,0,0,0
47,female,42.8,146.0,67.0,132.0,7.3,191.0,0,0,0,1.1,8,8,1,1,1,0
35,female,29.9,134.0,73.0,130.0,6.8,31.0,0,0,0,2.2,4,8,1,1,1,0
63,male,42.6,157.0,90.0,149.0,6.1,128.0,1,1,1,1.0,10,6,1,1,1,1
64,male,14.9,130.0,78.0,124.0,4.9,171.0,0,1,1,0.7,7,8,1,1,1,1
48,female,18.8,131.0,79.0,123.0,5.0,15.0,0,0,1,1.8,9,4,1,1,1,0
55,male,27.8,145.0,79.0,124.0,8.5,18.0,1,0,1,1.2,10,3,1,1,1,1
49,female,32.1,142.0,74.0,117.0,7.3,54.0,0,0,0,1.4,10,7,1,1,1,0
28,male,29.4,141.0,66.0,112.0,6.5,43.0,1,1,1,2.4,8,6,1,0,1,1
62,female,17.1,128.0,69.0,112.0,6.5,191.0,0,0,1,2.1,5,6,0,1,0,0
42,male,27.4,135.0,71.0,109.0,8.1,124.0,0,1,0,2.4,9,2,1,0,1,1
50,female,22.4,133.0,78.0,122.0,8.1,83.0,1,0,0,1.9,5,2,1,1,1,0
77,male,23.3,143.0,78.0,117.0,5.7,14.0,0,0,0,0.3,3,10,1,1,1,1
55,female,20.7,139.0,64.0,93.0,4.9,14.0,0,0,0,1.6,6,5,1,1,1,0
58,male,16.9,134.0,76.0,125.0,7.3,87.0,0,1,0,2.3,3,3,1,0,1,1
25,female,32.1,121.0,81.0,123.0,8.4,257.0,1,0,0,2.5,2,3,0,1,0,0
28,female,29.8,137.0,64.0,95.0,7.7,179.0,1,0,1,2.2,7,9,0,1,1,0
39,female,17.7,131.0,74.0,100.0,9.0,256.0,0,1,1,2.1,3,9,0,1,1,0
68,male,25.0,154.0,65.0,122.0,6.6,100.0,0,0,0,2.3,5,1,1,1,1,1
41,male,28.7,139.0,70.0,118.0,7.2,30.0,0,1,0,3.0,9,6,1,1,0,1
58,male,26.9,138.0,69.0,147.0,6.7,4.0,0,0,1,1.8,4,2,1,1,1,1
34,female,31.2,131.0,79.0,107.0,7.8,338.0,0,0,1,1.8,9,5,0,1,1,0
29,male,26.0,136.0,82.0,100.0,5.9,77.0,1,1,1,2.2,6,2,1,1,1,1
74,female,25.2,139.0,85.0,140.0,7.1,235.0,0,1,1,1.2,3,6,1,1,1,0
63,male,30.0,136.0,85.0,124.0,8.9,158.0,0,0,1,2.4,1,9,1,1,1,1
49,male,14.8,130.0,66.0,122.0,5.9,214.0,0,1,0,1.4,8,7,0,1,1,1
32,male,22.8,115.0,75.0,107.0,4.2,28.0,0,0,1,1.9,10,1,1,0,1,1
33,male,27.3,132.0,75.0,129.0,7.5,137.0,0,0,1,0.3,4,6,1,1,1,1
71,female,29.0,150.0,72.0,124.0,9.7,154.0,0,1,1,1.5,6,2,1,1,1,0
39,male,27.1,130.0,80.0,115.0,5.9,97.0,0,0,0,1.4,2,2,0,1,0,1
45,male,14.7,138.0,74.0,94.0,8.5,216.0,1,1,1,1.5,4,3,0,1,1,1
37,female,30.7,142.0,73.0,140.0,6.8,533.0,0,0,0,2.1,8,8,0,1,0,0
50,female,22.2,127.0,79.0,106.0,5.5,1.0,0,0,1,1.7,2,7,1,1,1,0
27,male,22.0,129.0,72.0,93.0,7.7,73.0,1,0,1,0.9,6,4,1,1,1,1
57,male,25.6,146.0,83.0,140.0,5.0,168.0,0,0,0,1.8,2,3,1,1,1,1
49,female,27.6,137.0,87.0,127.0,8.8,155.0,0,0,1,1.5,8,1,1,1,1,0
67,female,34.7,144.0,79.0,150.0,6.9,76.0,0,1,1,2.2,3,10,1,1,1,0
77,female,23.2,136.0,77.0,115.0,4.6,222.0,0,1,0,1.8,9,4,0,1,1,0
50,male,31.6,135.0,74.0,131.0,9.2,135.0,0,0,0,2.3,6,8,1,1,1,1
19,male,31.9,118.0,73.0,131.0,7.9,95.0,0,0,0,1.3,3,1,1,0,0,1
50,male,29.4,145.0,84.0,108.0,7.2,38.0,0,1,0,2.4,2,2,1,1,1,1
50,female,18.7,129.0,67.0,116.0,8.0,55.0,0,0,0,2.1,8,10,0,1,1,0
58,female,17.7,138.0,66.0,108.0,3.6,542.0,0,0,0,2.3,4,2,0,0,1,0
30,female,31.3,141.0,75.0,112.0,6.0,284.0,0,1,0,1.5,8,9,0,1,0,0
47,male,31.5,139.0,76.0,113.0,10.0,143.0,1,1,0,1.7,7,1,0,1,1,1
50,female,28.4,146.0,77.0,126.0,7.0,235.0,0,1,0,1.7,2,6,1,1,1,0
30,male,23.2,123.0,60.0,107.0,6.0,18.0,1,0,0,1.5,7,4,1,0,1,1
69,female,23.2,145.0,87.0,110.0,7.0,37.0,0,0,1,1.4,4,9,1,1,1,0
43,male,30.8,137.0,77.0,138.0,5.4,260.0,1,0,0,1.1,6,6,1,1,1,1
39,male,40.8,134.0,93.0,129.0,8.9,76.0,0,1,0,1.3,8,9,1,1,1,1
56,female,29.8,138.0,80.0,105.0,6.2,107.0,1,1,0,1.7,9,2,0,1,1,0
19,male,13.4,127.0,64.0,90.0,4.7,258.0,0,0,0,0.8,4,2,0,0,0,1
55,female,22.7,133.0,77.0,99.0,7.0,62.0,0,1,1,2.5,3,6,1,1,1,0
56,male,21.1,122.0,84.0,108.0,8.1,79.0,0,1,0,2.6,2,10,1,1,1,1
43,female,44.4,141.0,75.0,137.0,7.7,14.0,1,0,0,1.4,4,2,1,1,1,0
63,female,40.8,144.0,85.0,143.0,5.0,571.0,0,1,1,2.3,2,4,0,1,1,0
75,male,27.7,150.0,82.0,138.0,5.6,435.0,0,0,1,1.4,3,4,1,1,1,1
67,female,16.4,142.0,79.0,107.0,4.0,42.0,0,1,0,1.1,1,5,1,1,1,0
32,male,33.2,136.0,69.0,115.0,7.7,230.0,0,0,0,2.3,7,7,0,1,0,1
51,female,28.5,134.0,80.0,126.0,7.4,160.0,0,1,1,2.6,6,10,1,1,1,0
59,female,21.6,137.0,79.0,127.0,7.5,19.0,0,0,0,1.7,1,1,1,1,0,0
72,female,26.1,142.0,88.0,123.0,6.2,3.0,0,1,0,2.2,9,5,1,1,1,0
61,female,19.8,125.0,86.0,124.0,4.3,2.0,0,0,1,0.3,6,7,1,1,1,0
66,male,30.4,144.0,81.0,120.0,5.8,8.0,0,1,0,1.3,5,3,1,1,1,1
57,female,24.6,159.0,77.0,93.0,8.2,118.0,0,0,0,2.1,1,10,0,1,1,0
28,female,34.4,124.0,69.0,130.0,7.3,81.0,0,0,0,2.5,10,3,1,1,1,0
78,male,23.3,130.0,78.0,131.0,4.6,600.0,0,0,0,1.9,5,8,0,1,0,1
20,male,26.7,135.0,68.0,109.0,6.4,41.0,1,0,0,1.5,2,4,0,0,1,1
76,male,19.5,146.0,83.0,122.0,7.5,155.0,0,0,0,2.1,7,2,0,1,1,1
23,male,31.1,130.0,75.0,129.0,6.7,59.0,1,0,0,1.9,6,6,1,1,1,1
26,male,20.7,120.0,64.0,106.0,5.0,12.0,0,0,1,1.4,4,5,1,0,1,1
23,male,28.7,128.0,67.0,78.0,6.2,252.0,0,1,0,0.8,3,7,0,0,0,1
26,female,21.0,123.0,86.0,82.0,5.8,61.0,0,0,0,1.5,5,2,0,0,0,0
56,male,22.4,146.0,73.0,133.0,6.8,299.0,0,1,1,2.0,3,5,0,1,1,1
48,female,31.6,145.0,81.0,130.0,7.2,332.0,0,1,0,1.7,9,5,1,1,1,0
49,male,19.1,136.0,73.0,126.0,5.9,206.0,0,0,0,2.7,6,3,0,0,0,1
58,female,29.4,135.0,76.0,142.0,7.6,3.0,1,0,0,2.3,10,8,1,1,1,0
67,female,21.5,142.0,84.0,137.0,8.9,406.0,0,0,0,1.1,2,7,0,1,0,0
29,female,24.0,121.0,69.0,93.0,10.0,16.0,0,0,0,1.4,7,9,1,1,1,0
25,male,15.9,129.0,67.0,99.0,5.6,321.0,0,0,0,0.6,8,10,0,0,0,1
25,male,27.2,121.0,80.0,101.0,6.9,112.0,0,0,1,1.4,9,6,0,1,1,1
67,male,26.2,141.0,76.0,126.0,4.4,57.0,0,0,0,0.7,4,5,1,1,1,1
45,male,27.3,126.0,67.0,102.0,6.2,153.0,0,1,1,2.3,1,5,1,0,1,1
79,female,27.3,144.0,73.0,129.0,8.5,85.0,1,1,1,1.7,8,6,1,1,1,0
37,male,12.5,118.0,72.0,82.0,3.9,190.0,1,0,1,2.9,10,1,0,0,0,1
79,female,24.8,145.0,75.0,122.0,6.3,87.0,0,1,0,0.9,1,7,1,1,1,0
64,female,28.2,135.0,85.0,142.0,6.8,55.0,0,0,0,1.1,5,2,1,1,1,0
76,male,22.8,154.0,78.0,115.0,4.8,54.0,1,1,1,1.7,2,3,1,1,1,1
24,male,34.8,129.0,79.0,110.0,7.3,52.0,0,0,1,1.3,8,5,1,1,1,1
28,male,30.6,125.0,75.0,117.0,7.1,77.0,0,0,0,1.3,5,8,1,1,0,1
37,female,26.2,137.0,80.0,117.0,6.0,14.0,0,0,0,1.3,6,9,0,1,1,0
33,male,22.9,144.0,83.0,114.0,7.6,130.0,1,0,1,2.0,7,9,1,1,1,1
21,female,25.0,120.0,74.0,99.0,5.7,50.0,0,0,1,1.7,4,1,1,0,0,0
23,male,25.7,123.0,74.0,103.0,7.4,99.0,0,0,0,1.6,5,2,1,0,0,1
75,female,23.8,138.0,85.0,125.0,6.8,90.0,0,0,1,0.9,9,5,1,1,1,0
39,male,38.8,144.0,74.0,138.0,7.1,233.0,0,0,0,1.4,6,3,0,1,1,1
43,male,23.5,139.0,77.0,105.0,6.5,237.0,0,1,0,0.9,8,6,0,1,0,1
20,female,22.6,121.0,64.0,104.0,5.0,543.0,0,0,0,2.0,4,3,0,0,0,0
58,male,34.4,140.0,74.0,105.0,5.0,33.0,0,0,0,2.5,4,3,1,1,1,1
77,male,18.7,146.0,74.0,115.0,5.8,4.0,0,1,0,1.5,8,10,1,1,1,1
59,male,31.3,148.0,86.0,128.0,6.1,66.0,0,0,0,0.3,3,5,1,1,1,1
31,male,32.6,144.0,74.0,129.0,7.2,272.0,0,1,1,1.3,5,10,1,1,1,1
28,male,33.4,127.0,70.0,109.0,6.8,110.0,1,1,0,1.4,3,7,1,1,1,1
35,male,18.9,132.0,75.0,110.0,6.2,56.0,0,0,1,2.2,1,7,1,1,1,1
71,male,32.6,149.0,71.0,134.0,4.2,177.0,0,0,0,1.4,3,8,1,1,1,1
29,female,26.6,114.0,61.0,91.0,5.9,150.0,0,1,0,2.8,6,2,0,0,0,0
40,female,23.3,142.0,71.0,98.0,5.3,150.0,0,1,0,0.3,6,5,0,1,1,0
29,male,33.4,134.0,73.0,125.0,9.1,87.0,0,0,1,0.9,7,2,1,1,1,1
30,male,20.8,129.0,77.0,108.0,6.9,91.0,0,0,1,2.3,3,6,0,1,0,1
42,male,18.8,136.0,79.0,111.0,8.8,97.0,0,1,1,1.9,9,5,1,1,1,1
62,female,21.1,142.0,75.0,106.0,6.9,97.0,1,0,1,2.3,10,10,1,1,1,0
68,female,27.3,136.0,77.0,108.0,9.2,28.0,1,0,0,1.8,9,1,1,1,1,0
75,male,24.4,150.0,74.0,130.0,7.2,34.0,0,0,0,2.4,2,8,1,1,1,1
36,female,31.2,137.0,74.0,121.0,7.3,56.0,0,0,1,2.3,8,7,1,0,1,0
72,male,21.9,129.0,62.0,98.0,9.3,232.0,0,0,0,1.5,2,10,0,1,1,1
63,male,30.1,157.0,76.0,125.0,5.9,74.0,0,0,0,1.7,2,10,1,1,1,1
53,male,28.2,135.0,76.0,143.0,5.9,313.0,0,0,0,0.8,6,1,0,1,0,1
62,male,26.4,149.0,73.0,130.0,7.0,189.0,1,0,0,2.2,8,1,0,1,1,1
25,female,19.8,119.0,66.0,95.0,10.0,237.0,0,0,0,1.3,1,1,0,0,0,0
46,female,28.1,131.0,74.0,121.0,6.3,17.0,0,0,0,2.2,8,4,1,1,1,0
72,male,21.0,141.0,77.0,118.0,7.2,19.0,0,0,1,2.0,8,7,1,1,1,1
70,female,29.9,163.0,85.0,148.0,8.0,32.0,0,0,0,1.7,4,8,1,1,1,0
72,female,24.1,159.0,81.0,110.0,8.9,130.0,0,0,0,2.4,6,9,1,1,1,0
49,male,22.4,129.0,79.0,130.0,8.0,78.0,0,1,0,1.7,2,8,1,1,1,1
68,female,28.2,154.0,82.0,111.0,8.7,22.0,0,1,0,2.5,1,4,1,1,1,0
61,male,26.4,140.0,78.0,126.0,7.8,164.0,1,0,1,1.4,7,3,1,1,1,1
35,male,25.6,145.0,86.0,121.0,6.9,87.0,0,0,0,2.5,7,7,1,1,1,1
23,male,24.1,133.0,66.0,122.0,5.4,158.0,1,1,0,2.3,3,6,1,1,1,1
35,male,11.9,123.0,63.0,110.0,6.1,288.0,1,1,0,1.3,3,10,0,1,0,1
36,female,36.0,137.0,75.0,105.0,6.3,295.0,0,1,0,1.9,10,10,0,1,0,0
39,male,31.3,139.0,75.0,120.0,7.2,43.0,0,1,0,0.3,1,1,1,0,1,1
54,female,30.9,144.0,78.0,130.0,7.5,21.0,0,0,0,1.6,1,5,1,1,1,0
49,male,18.8,122.0,67.0,125.0,9.3,68.0,0,1,0,1.0,2,6,0,1,1,1
73,male,27.7,148.0,91.0,113.0,4.1,11.0,0,1,1,1.9,10,4,1,1,1,1
58,female,21.4,131.0,73.0,105.0,6.7,5.0,0,0,0,2.7,3,10,1,1,1,0
76,male,22.5,140.0,72.0,106.0,9.3,459.0,1,0,0,3.7,4,1,0,1,1,1
20,female,23.1,131.0,72.0,107.0,5.0,428.0,1,0,1,2.3,8,4,0,1,0,0
45,female,31.8,139.0,83.0,125.0,5.9,52.0,0,0,0,2.0,5,4,1,1,1,0
27,male,22.3,121.0,80.0,112.0,7.4,206.0,1,0,1,1.5,2,2,0,1,0,1
68,male,23.2,131.0,63.0,118.0,7.9,30.0,1,0,0,0.9,7,10,1,1,1,1
52,male,27.8,131.0,81.0,119.0,5.0,65.0,0,0,0,1.3,8,8,1,1,1,1
78,male,29.8,149.0,91.0,129.0,8.8,156.0,0,1,0,1.4,3,9,1,1,1,1
46,male,30.9,150.0,73.0,119.0,7.6,96.0,0,0,0,2.4,6,5,1,1,1,1
71,male,18.3,131.0,75.0,96.0,5.0,207.0,0,1,1,0.3,10,4,0,1,0,1
32,female,29.1,133.0,68.0,104.0,8.3,470.0,0,0,0,1.8,8,4,0,1,0,0
50,female,27.2,140.0,72.0,126.0,8.1,1.0,0,1,0,2.1,10,5,1,1,1,0
24,male,19.4,131.0,63.0,99.0,6.8,310.0,0,1,1,2.7,6,8,0,0,0,1
29,female,31.0,131.0,79.0,111.0,6.2,64.0,0,0,1,1.2,10,2,1,1,1,0
66,female,28.4,147.0,78.0,141.0,5.3,63.0,0,0,1,1.6,6,4,1,1,1,0
47,male,21.9,141.0,56.0,127.0,6.3,0.0,0,0,0,2.1,8,4,1,0,1,1
38,male,18.9,120.0,68.0,100.0,8.1,216.0,0,1,0,1.3,1,1,0,0,0,1
48,female,38.3,149.0,75.0,147.0,4.6,171.0,1,1,0,1.8,2,5,1,1,1,0
75,male,28.6,136.0,85.0,126.0,5.7,269.0,0,1,1,1.5,3,5,0,1,1,1
78,female,31.7,151.0,81.0,142.0,7.2,22.0,0,1,1,1.3,7,8,1,1,1,0
41,male,33.8,135.0,76.0,122.0,7.7,29.0,0,0,0,2.6,1,5,1,1,1,1
37,female,21.4,122.0,76.0,103.0,7.7,43.0,0,0,0,2.5,4,9,0,1,0,0
54,female,18.5,140.0,80.0,122.0,5.8,91.0,0,0,0,2.2,3,2,0,1,1,0
21,female,36.9,139.0,76.0,109.0,6.7,51.0,0,0,1,1.6,8,9,1,1,1,0
45,female,34.3,147.0,73.0,122.0,6.2,43.0,0,0,1,2.0,7,6,1,1,1,0
61,male,30.7,146.0,69.0,126.0,7.1,24.0,0,1,0,2.1,1,7,1,1,1,1
79,male,25.6,137.0,88.0,122.0,7.6,21.0,0,0,0,2.9,9,4,1,1,1,1
37,female,30.1,130.0,95.0,102.0,6.6,77.0,0,0,1,0.4,4,7,1,1,1,0
77,female,25.0,154.0,80.0,132.0,7.0,71.0,0,0,0,1.1,7,6,1,1,1,0
41,male,17.2,135.0,73.0,119.0,6.8,185.0,0,0,0,1.7,6,4,0,1,0,1
67,male,26.1,152.0,87.0,126.0,4.8,208.0,0,1,0,1.9,3,4,1,1,1,1
66,female,38.3,152.0,71.0,125.0,8.5,145.0,0,0,1,1.1,6,10,1,1,1,0
68,female,34.3,146.0,86.0,157.0,8.1,213.0,0,1,0,1.9,7,10,1,1,1,0
49,female,38.1,127.0,81.0,126.0,4.5,14.0,0,1,1,1.1,5,1,1,1,1,0
58,female,31.2,149.0,73.0,123.0,9.5,73.0,0,0,1,0.3,10,5,1,1,1,0
53,female,23.8,135.0,72.0,82.0,7.3,41.0,0,0,0,1.3,4,4,1,1,1,0
75,male,31.0,139.0,73.0,115.0,7.5,35.0,0,0,1,2.2,6,4,1,1,1,1
70,female,32.8,154.0,87.0,144.0,6.1,150.0,1,0,0,1.8,10,5,1,1,1,0
51,male,15.7,141.0,66.0,149.0,7.0,214.0,0,1,0,0.7,8,9,0,1,1,1
53,male,26.4,144.0,78.0,135.0,7.5,15.0,0,0,0,2.0,7,8,1,1,1,1
19,male,15.0,122.0,58.0,87.0,9.2,16.0,0,0,0,2.8,3,7,0,0,0,1
32,female,31.0,139.0,82.0,123.0,5.4,122.0,0,1,0,2.2,2,3,1,1,1,0
51,male,25.7,114.0,74.0,114.0,8.3,19.0,0,0,0,2.5,10,5,1,1,1,1
53,male,23.1,149.0,81.0,112.0,6.3,176.0,1,1,1,1.9,5,7,1,1,1,1
23,male,21.7,116.0,69.0,91.0,8.6,212.0,1,1,0,2.2,9,2,0,1,0,1
56,male,19.8,129.0,71.0,121.0,4.9,89.0,1,0,1,1.4,10,2,1,1,1,1
59,female,29.1,137.0,70.0,109.0,6.7,287.0,0,1,0,1.6,5,5,0,1,0,0
68,female,26.4,140.0,84.0,97.0,4.1,2.0,0,0,1,1.1,10,9,1,1,1,0
68,male,18.5,150.0,74.0,112.0,5.9,31.0,0,1,1,1.8,1,10,1,1,1,1
75,male,24.6,149.0,80.0,94.0,6.2,178.0,1,0,0,1.3,9,3,1,1,1,1
71,female,22.5,136.0,73.0,112.0,7.4,378.0,0,1,1,0.8,2,1,0,1,0,0
78,female,29.0,144.0,80.0,137.0,4.8,388.0,0,0,0,1.6,2,7,1,1,1,0
29,female,22.4,145.0,72.0,122.0,9.0,0.0,0,0,1,1.3,6,9,1,1,1,0
20,male,39.2,134.0,64.0,129.0,9.2,120.0,0,0,1,1.4,3,6,1,1,1,1
62,female,26.8,137.0,73.0,120.0,7.0,3.0,0,0,1,2.4,5,6,1,1,1,0
35,male,19.1,112.0,80.0,101.0,5.1,145.0,1,0,0,1.9,5,4,0,0,0,1
57,male,18.8,121.0,69.0,103.0,5.0,175.0,1,1,0,1.7,3,8,0,1,1,1
38,female,22.2,120.0,78.0,129.0,6.9,234.0,0,0,0,2.3,8,2,0,1,0,0
32,male,23.4,128.0,74.0,96.0,5.8,90.0,0,1,0,1.7,3,6,0,1,0,1
50,female,22.2,142.0,77.0,116.0,8.5,228.0,1,0,0,2.3,6,10,0,1,1,0
52,male,38.6,149.0,83.0,137.0,6.4,309.0,0,1,0,1.9,10,7,1,1,1,1
43,female,20.2,139.0,73.0,87.0,7.4,91.0,0,0,1,1.7,5,2,0,1,0,0
25,male,17.8,125.0,66.0,75.0,6.7,89.0,1,0,0,1.6,7,5,0,1,0,1
53,male,33.5,131.0,74.0,133.0,6.1,85.0,1,0,0,1.8,6,4,1,1,1,1
65,female,16.9,140.0,73.0,97.0,5.8,84.0,0,0,1,2.4,9,1,1,1,1,0
47,female,19.4,134.0,80.0,115.0,5.3,179.0,0,0,0,1.5,2,6,1,1,0,0
40,female,28.8,132.0,67.0,107.0,6.3,8.0,0,0,0,1.8,10,9,1,1,1,0
59,female,26.2,137.0,75.0,125.0,6.9,72.0,0,0,1,1.9,6,5,1,1,1,0
61,male,28.5,140.0,69.0,129.0,7.1,89.0,0,1,0,2.0,10,4,1,1,1,1
31,female,32.0,119.0,71.0,130.0,6.8,29.0,0,0,0,1.2,10,2,1,1,1,0
31,female,32.4,121.0,74.0,124.0,6.5,94.0,1,1,0,1.9,5,8,1,1,1,0
19,male,28.7,145.0,80.0,114.0,4.4,73.0,0,0,1,1.6,9,9,1,1,1,1
72,female,31.9,138.0,89.0,151.0,8.3,161.0,1,1,0,1.5,2,6,1,1,1,0
54,female,26.8,124.0,65.0,109.0,4.8,52.0,0,0,0,2.6,8,6,0,1,1,0
22,male,29.1,120.0,63.0,113.0,7.5,359.0,1,1,0,0.9,7,6,0,0,0,1
55,female,26.9,142.0,75.0,132.0,8.4,64.0,1,0,0,2.1,1,2,1,1,1,0
62,female,24.9,144.0,81.0,89.0,8.4,120.0,0,1,1,1.3,3,5,1,1,0,0
58,female,28.6,132.0,68.0,141.0,7.8,30.0,0,0,0,1.2,4,7,1,1,1,0
79,female,34.1,153.0,80.0,132.0,6.9,140.0,0,0,0,1.7,8,8,1,1,1,0
71,female,27.8,141.0,85.0,131.0,5.6,87.0,0,0,0,2.8,2,8,1,1,1,0
77,female,27.3,149.0,87.0,122.0,5.0,50.0,0,0,1,1.8,8,5,1,1,1,0
78,male,34.4,150.0,80.0,140.0,6.8,51.0,0,0,1,2.3,2,5,1,1,1,1
64,female,18.7,131.0,63.0,119.0,5.9,56.0,0,1,0,1.1,3,6,1,0,1,0
31,male,26.0,123.0,79.0,99.0,6.1,69.0,1,1,1,1.8,8,4,1,1,1,1
73,male,21.6,125.0,72.0,116.0,7.7,34.0,0,0,0,1.8,9,8,1,1,1,1
56,male,30.4,139.0,81.0,130.0,6.6,39.0,0,0,0,0.5,5,7,1,1,1,1
42,male,32.5,136.0,71.0,140.0,5.8,381.0,0,0,0,2.2,4,2,0,1,0,1
37,female,16.5,113.0,71.0,101.0,10.0,43.0,0,0,0,1.3,3,6,1,0,0,0
19,female,29.6,123.0,74.0,97.0,6.4,118.0,0,0,0,2.5,3,6,0,0,0,0
56,female,35.5,142.0,87.0,133.0,7.8,51.0,0,0,0,1.2,9,4,1,1,1,0
23,male,18.7,106.0,61.0,100.0,7.7,200.0,0,0,0,2.5,4,6,0,0,0,1
34,female,29.4,125.0,69.0,126.0,6.3,143.0,0,0,0,2.1,2,10,1,1,0,0
76,female,21.5,137.0,88.0,113.0,5.9,48.0,0,0,1,3.0,4,9,1,1,1,0
42,female,23.5,132.0,75.0,97.0,4.7,151.0,0,1,0,2.3,3,10,1,1,0,0
74,male,28.9,157.0,75.0,147.0,7.1,170.0,1,0,0,1.8,5,9,1,1,1,1
45,male,43.8,145.0,84.0,127.0,6.8,18.0,0,0,0,2.6,4,1,1,1,1,1
19,female,30.4,135.0,66.0,102.0,5.2,104.0,1,0,1,1.6,2,7,0,0,1,0
52,male,16.8,129.0,74.0,103.0,8.4,198.0,0,0,1,0.9,10,4,1,1,0,1
54,male,24.7,139.0,71.0,135.0,7.6,6.0,1,0,1,1.3,1,2,1,1,1,1
22,female,28.9,127.0,79.0,140.0,6.8,85.0,0,0,1,1.6,1,8,1,1,1,0
18,male,24.8,141.0,65.0,98.0,6.3,220.0,0,0,0,2.3,1,10,0,0,0,1
57,male,24.2,136.0,60.0,117.0,6.5,366.0,0,0,0,1.8,3,3,0,1,0,1
29,female,21.8,131.0,68.0,112.0,5.3,128.0,0,1,1,2.0,2,2,1,0,1,0
73,male,37.1,153.0,78.0,113.0,6.0,48.0,0,0,1,1.9,4,9,1,1,1,1
53,male,20.9,143.0,73.0,109.0,7.7,111.0,0,0,0,2.1,3,5,1,1,1,1
62,male,22.0,143.0,79.0,141.0,6.6,3.0,1,0,0,1.5,7,8,1,1,1,1
40,male,33.5,139.0,69.0,118.0,9.6,73.0,0,0,1,1.3,8,8,1,1,1,1
64,male,24.6,131.0,72.0,137.0,6.0,156.0,1,0,1,1.7,5,4,1,1,1,1
48,male,20.4,123.0,73.0,112.0,6.7,4.0,0,0,0,2.2,6,3,1,0,1,1
28,male,19.6,118.0,66.0,81.0,7.4,111.0,0,0,0,1.7,7,6,0,0,0,1
27,male,23.3,122.0,71.0,121.0,7.6,107.0,1,0,1,1.5,9,7,1,1,1,1
20,female,35.1,130.0,77.0,113.0,6.5,25.0,0,1,1,1.8,1,7,1,1,1,0
71,female,41.4,148.0,83.0,156.0,5.9,101.0,0,0,1,1.5,2,5,1,1,1,0
31,female,22.6,110.0,78.0,112.0,6.4,63.0,0,0,0,2.2,1,7,0,1,0,0
33,female,31.0,140.0,69.0,118.0,7.4,78.0,0,0,0,1.7,9,2,1,1,1,0
27,male,30.9,133.0,70.0,122.0,6.5,47.0,0,1,0,2.3,2,9,1,1,1,1
46,female,15.9,128.0,81.0,113.0,10.0,200.0,0,0,0,1.9,2,3,1,1,0,0
27,female,41.1,146.0,72.0,104.0,6.4,55.0,0,0,1,1.4,5,1,1,1,1,0
29,male,27.9,122.0,87.0,127.0,7.1,188.0,1,0,0,1.3,9,3,1,1,1,1
47,male,28.2,135.0,81.0,119.0,6.9,10.0,0,1,0,0.8,3,5,1,1,1,1
58,male,23.4,139.0,71.0,119.0,6.5,39.0,0,1,1,1.9,10,1,1,1,1,1
18,male,35.2,125.0,77.0,122.0,7.9,62.0,1,1,0,1.6,8,6,1,1,1,1
22,male,29.4,120.0,74.0,124.0,5.5,62.0,0,0,0,1.6,10,1,1,1,1,1
37,female,25.2,137.0,64.0,126.0,9.9,70.0,0,0,1,1.5,1,10,0,1,1,0
25,male,19.8,124.0,79.0,113.0,5.9,127.0,0,0,0,1.8,10,6,0,0,1,1
60,female,22.9,143.0,81.0,98.0,7.4,102.0,0,0,1,1.1,2,10,1,1,1,0
29,female,25.4,120.0,81.0,111.0,7.1,88.0,1,0,0,2.3,8,1,0,1,1,0
18,male,21.7,127.0,75.0,94.0,6.8,218.0,0,0,1,1.7,1,8,0,1,0,1
74,female,31.7,144.0,83.0,133.0,8.5,26.0,0,0,1,1.4,9,2,1,1,1,0
71,female,38.0,153.0,89.0,133.0,9.3,236.0,0,1,0,2.1,4,2,1,1,0,0
37,male,30.1,149.0,67.0,143.0,5.8,200.0,0,0,0,1.6,3,2,0,1,1,1
45,female,25.5,140.0,86.0,100.0,5.8,26.0,0,1,1,0.3,3,1,1,1,1,0
74,female,21.5,145.0,82.0,122.0,7.5,117.0,0,0,0,3.1,1,2,1,1,1,0
60,female,21.3,148.0,64.0,119.0,6.7,30.0,0,0,0,2.2,8,8,1,1,1,0
54,male,35.3,138.0,70.0,122.0,6.2,343.0,0,1,0,2.5,4,8,1,1,1,1
64,male,31.0,148.0,81.0,127.0,6.4,81.0,0,1,1,1.3,1,6,1,1,1,1
54,male,31.1,134.0,72.0,150.0,6.2,27.0,1,0,0,2.1,5,4,1,1,1,1
29,female,18.2,120.0,73.0,109.0,5.3,121.0,0,0,0,1.6,10,10,0,1,1,0
54,male,16.6,144.0,67.0,129.0,7.2,147.0,0,1,0,2.1,8,4,1,1,0,1
66,female,20.8,141.0,69.0,113.0,6.9,111.0,0,0,0,1.5,8,8,1,1,1,0
66,male,22.7,151.0,73.0,129.0,6.2,33.0,0,0,0,2.6,10,8,1,1,1,1
73,female,28.1,145.0,99.0,117.0,4.3,159.0,0,0,1,1.9,3,8,1,1,1,0
61,male,31.2,153.0,72.0,116.0,6.4,318.0,0,0,1,1.8,4,10,0,1,1,1
73,male,29.0,147.0,87.0,107.0,9.3,365.0,0,0,0,1.8,10,4,0,1,1,1
45,female,18.2,130.0,68.0,97.0,6.4,137.0,0,0,1,1.5,4,2,0,1,1,0
64,male,20.6,138.0,75.0,118.0,6.4,220.0,0,1,1,1.5,3,3,0,1,1,1
32,female,32.6,135.0,75.0,138.0,6.2,462.0,0,0,1,2.8,6,3,0,1,0,0
23,male,30.9,126.0,72.0,113.0,7.6,5.0,0,0,0,1.0,3,6,1,0,1,1
61,male,31.6,132.0,79.0,130.0,8.2,78.0,0,0,0,2.4,6,1,1,1,1,1
76,female,42.0,155.0,86.0,154.0,5.9,41.0,0,1,0,1.2,5,1,1,1,1,0
78,female,25.0,147.0,70.0,122.0,4.8,77.0,0,0,0,1.4,2,3,0,1,1,0
37,female,30.0,146.0,74.0,106.0,6.4,299.0,0,0,1,2.1,8,3,0,1,0,0
67,male,33.7,129.0,80.0,120.0,6.1,492.0,1,1,0,1.5,7,2,0,1,1,1
31,female,18.1,136.0,73.0,119.0,6.5,282.0,1,0,1,1.8,7,4,0,0,1,0
19,male,23.3,130.0,68.0,108.0,8.4,26.0,0,0,0,1.3,6,5,1,0,0,1
26,female,23.1,130.0,74.0,110.0,5.5,195.0,0,0,1,2.1,9,3,0,1,0,0
54,female,26.6,139.0,72.0,109.0,7.3,204.0,0,0,1,1.1,4,7,0,1,1,0
37,female,22.1,120.0,69.0,127.0,7.4,104.0,0,0,1,2.0,5,10,1,1,1,0
43,female,38.2,156.0,80.0,149.0,7.5,151.0,0,1,1,2.6,9,10,1,1,1,0
46,female,21.0,141.0,67.0,115.0,7.7,283.0,0,1,0,2.7,3,5,0,1,0,0
18,female,26.3,125.0,67.0,120.0,4.3,600.0,0,1,1,2.7,3,4,0,0,0,0
72,male,33.6,151.0,78.0,124.0,7.6,5.0,0,0,1,0.9,8,2,1,1,1,1
52,female,20.1,132.0,71.0,129.0,6.8,36.0,1,0,0,2.0,10,9,1,1,1,0
23,male,22.9,128.0,71.0,114.0,5.9,327.0,0,1,0,2.5,6,3,0,0,0,1
54,female,43.3,147.0,76.0,120.0,8.9,48.0,0,0,0,2.2,2,9,1,1,1,0
70,female,32.0,150.0,84.0,135.0,8.0,14.0,0,1,0,0.8,3,1,1,1,1,0
76,female,13.0,142.0,74.0,120.0,5.7,45.0,0,0,0,1.0,8,3,1,1,1,0
22,male,24.9,143.0,73.0,111.0,6.2,88.0,0,0,0,1.9,5,10,0,1,0,1
50,male,29.3,130.0,69.0,127.0,8.2,59.0,0,0,0,2.2,2,4,1,1,0,1
66,female,19.1,139.0,58.0,116.0,6.8,186.0,0,1,0,2.1,3,3,0,1,1,0
68,male,34.9,158.0,86.0,130.0,5.1,113.0,0,1,1,1.8,2,6,1,1,1,1
31,female,26.2,135.0,74.0,116.0,9.1,68.0,0,0,0,1.5,5,7,1,1,1,0
29,female,26.3,133.0,76.0,108.0,6.5,600.0,0,0,0,1.2,5,9,0,1,0,0
59,male,32.8,167.0,87.0,119.0,6.8,261.0,0,0,0,1.9,9,9,1,1,1,1
37,male,37.0,146.0,71.0,138.0,7.4,238.0,1,0,0,3.2,6,7,1,1,1,1
70,male,23.8,137.0,67.0,116.0,5.7,101.0,0,1,0,2.7,2,10,1,1,1,1
67,male,28.4,138.0,84.0,124.0,8.5,182.0,0,0,1,2.1,1,7,1,1,1,1
41,female,25.3,131.0,78.0,109.0,5.6,49.0,0,1,0,2.4,7,10,0,1,1,0
76,male,33.7,147.0,88.0,123.0,7.1,48.0,0,0,0,2.6,7,3,1,1,1,1
60,male,20.7,137.0,85.0,135.0,6.1,267.0,1,1,0,2.4,10,8,1,1,1,1
79,female,18.6,145.0,70.0,103.0,8.2,109.0,0,1,1,2.2,6,2,1,1,1,0
51,male,33.4,143.0,83.0,130.0,7.5,51.0,0,1,0,2.2,2,4,1,1,1,1
42,male,37.5,120.0,76.0,125.0,6.6,224.0,0,0,0,1.2,8,3,0,1,0,1
67,male,30.8,139.0,85.0,134.0,4.8,70.0,0,1,1,2.6,4,9,1,1,1,1
46,male,31.5,143.0,87.0,120.0,7.3,61.0,0,1,0,2.4,7,6,1,1,1,1
74,female,25.0,158.0,79.0,131.0,7.0,3.0,0,0,1,1.3,8,7,1,1,1,0
56,female,20.7,132.0,70.0,119.0,4.8,136.0,0,0,0,1.2,7,6,1,1,1,0
48,male,23.0,130.0,66.0,122.0,7.1,91.0,0,1,1,1.4,3,8,1,1,1,1
73,male,33.5,149.0,67.0,153.0,7.7,45.0,0,0,0,2.6,8,1,1,1,1,1
64,female,23.7,154.0,85.0,98.0,6.9,18.0,1,1,1,1.5,4,7,1,1,1,0
60,male,16.0,134.0,83.0,113.0,6.2,24.0,1,0,1,1.5,8,6,1,1,1,1
67,male,32.3,128.0,86.0,117.0,8.6,31.0,0,0,0,2.1,5,1,1,1,1,1
40,male,33.9,151.0,74.0,114.0,9.2,240.0,0,0,0,1.6,9,1,0,1,0,1
61,male,23.8,144.0,81.0,108.0,5.4,79.0,0,0,1,1.4,3,1,1,1,1,1
55,male,43.1,138.0,83.0,132.0,8.1,143.0,0,0,0,0.5,2,6,1,1,1,1
37,male,17.5,121.0,64.0,120.0,7.4,74.0,0,0,1,2.6,4,3,1,0,0,1
40,male,31.0,128.0,82.0,115.0,6.0,77.0,0,1,0,1.6,2,6,0,1,1,1
79,male,21.5,143.0,81.0,127.0,6.5,207.0,0,1,1,2.5,2,9,1,1,1,1
62,male,22.8,150.0,81.0,130.0,6.6,177.0,1,0,0,1.6,1,4,1,1,1,1
69,female,26.2,128.0,80.0,114.0,8.2,32.0,0,0,1,0.8,8,1,1,1,1,0
33,female,42.9,136.0,79.0,119.0,6.2,118.0,0,0,0,1.7,1,2,1,1,1,0
67,female,26.6,144.0,80.0,124.0,4.4,137.0,0,0,0,0.6,8,5,1,1,1,0
59,male,22.2,136.0,74.0,96.0,6.5,62.0,1,1,0,1.0,9,7,1,1,1,1
77,male,35.7,146.0,86.0,159.0,8.0,8.0,0,1,0,1.5,6,5,1,1,1,1
72,female,22.5,152.0,89.0,122.0,8.3,56.0,0,0,0,1.6,7,6,1,1,1,0
25,male,27.8,125.0,75.0,119.0,6.3,53.0,0,0,0,1.8,6,1,0,0,1,1
67,female,12.8,132.0,81.0,109.0,7.4,141.0,0,0,1,2.5,1,5,1,1,1,0
38,male,24.7,133.0,66.0,121.0,8.4,199.0,0,0,0,1.5,1,6,0,1,0,1
18,female,31.5,124.0,77.0,112.0,7.6,61.0,1,0,0,0.9,1,1,1,1,1,0
72,female,20.6,137.0,80.0,127.0,9.5,125.0,1,0,0,2.7,3,2,1,1,1,0
25,female,19.1,114.0,76.0,120.0,8.6,124.0,0,0,0,2.2,7,6,0,0,0,0
46,male,17.9,147.0,70.0,84.0,6.2,125.0,0,1,0,1.0,8,7,0,1,1,1
49,female,29.3,144.0,82.0,129.0,6.7,97.0,1,0,0,2.2,1,2,1,1,1,0
55,male,29.7,137.0,73.0,117.0,9.0,119.0,0,1,0,1.6,6,1,1,1,1,1
22,male,37.8,142.0,81.0,107.0,5.3,243.0,0,0,1,1.3,8,6,1,1,1,1
64,male,17.0,140.0,82.0,97.0,6.7,306.0,1,0,1,1.8,5,10,0,1,1,1
39,male,20.1,128.0,65.0,111.0,9.3,12.0,1,0,1,1.8,2,5,1,1,1,1
64,male,31.8,136.0,81.0,131.0,9.4,1.0,0,0,0,1.8,4,3,1,1,1,1
51,male,26.9,130.0,74.0,112.0,7.2,88.0,0,0,0,1.7,4,9,1,1,1,1
18,male,30.6,133.0,75.0,98.0,4.6,64.0,1,0,0,1.1,4,1,0,1,1,1
72,female,27.5,151.0,79.0,128.0,6.3,72.0,0,1,1,1.8,8,9,1,1,1,0
72,female,17.9,129.0,75.0,119.0,7.7,74.0,0,1,1,1.4,6,1,1,1,1,0
43,female,22.9,128.0,70.0,121.0,5.8,271.0,1,0,0,1.2,9,7,0,1,1,0
60,male,25.2,145.0,85.0,129.0,9.8,121.0,1,0,0,1.4,10,1,1,1,1,1
27,male,25.2,135.0,67.0,125.0,6.5,70.0,0,0,0,1.2,1,6,1,1,0,1
47,male,27.9,140.0,72.0,127.0,8.5,73.0,0,0,1,1.4,1,9,1,1,1,1
67,male,26.3,139.0,70.0,104.0,6.6,223.0,0,1,0,1.3,2,7,0,1,1,1
35,female,30.3,134.0,79.0,118.0,7.2,29.0,0,0,1,0.5,5,6,1,1,1,0
34,male,23.0,126.0,78.0,123.0,6.8,2.0,0,1,0,1.9,6,5,1,0,1,1
43,female,23.9,135.0,76.0,125.0,6.1,78.0,0,1,0,1.5,3,3,1,1,1,0
25,male,27.0,138.0,67.0,141.0,6.3,388.0,1,1,0,1.8,1,2,0,1,1,1
64,female,16.4,129.0,64.0,125.0,7.7,202.0,1,0,0,1.9,7,2,0,1,1,0
57,male,26.9,141.0,80.0,105.0,6.5,63.0,1,1,0,1.9,1,9,1,1,1,1
66,female,28.8,143.0,84.0,107.0,6.2,23.0,0,1,0,2.0,7,3,1,1,1,0
29,male,20.5,122.0,67.0,108.0,7.6,101.0,0,1,1,1.8,9,7,1,1,0,1
44,female,22.6,130.0,74.0,115.0,8.8,254.0,0,0,1,1.9,1,4,0,1,0,0
25,male,23.4,135.0,61.0,102.0,9.0,152.0,1,0,1,0.9,8,7,0,0,0,1
42,female,25.8,137.0,69.0,125.0,5.5,93.0,0,1,0,1.8,10,6,1,0,1,0
63,female,20.7,134.0,78.0,87.0,5.8,159.0,1,0,0,1.7,9,10,0,1,1,0
21,male,21.5,126.0,69.0,100.0,8.5,401.0,0,0,1,1.6,8,4,0,0,0,1
50,female,26.0,131.0,76.0,91.0,6.2,97.0,0,1,0,1.8,1,3,1,1,0,0
18,male,23.7,107.0,77.0,98.0,6.5,97.0,0,0,0,1.1,4,4,0,0,0,1
36,male,30.0,114.0,67.0,114.0,5.0,78.0,0,0,1,1.7,10,2,1,0,1,1
48,male,23.6,137.0,76.0,128.0,7.7,100.0,0,0,0,1.8,4,2,1,1,1,1
33,female,21.9,124.0,67.0,95.0,6.8,121.0,0,0,1,2.5,1,4,0,0,1,0
31,female,14.1,129.0,68.0,100.0,8.2,27.0,0,0,0,1.8,7,3,0,0,0,0
70,male,28.7,148.0,81.0,121.0,7.8,101.0,0,0,0,1.3,7,5,1,1,1,1
65,male,25.3,143.0,70.0,121.0,8.2,2.0,0,0,0,0.7,10,1,1,1,1,1
22,female,38.8,128.0,71.0,117.0,8.2,334.0,0,0,1,1.7,9,7,1,1,0,0
58,female,28.5,144.0,75.0,120.0,6.3,5.0,0,1,0,2.0,8,4,1,1,1,0
43,female,28.3,147.0,77.0,111.0,6.8,381.0,0,0,0,1.8,3,6,0,1,0,0
79,male,18.2,126.0,84.0,124.0,7.1,417.0,1,0,0,2.3,2,2,0,1,1,1
45,male,19.4,128.0,63.0,124.0,6.9,90.0,0,0,0,1.1,10,4,0,0,1,1
19,male,30.2,136.0,68.0,113.0,7.7,48.0,0,0,0,1.3,3,5,1,1,0,1
67,male,37.1,140.0,80.0,158.0,6.2,25.0,0,0,0,2.9,8,6,1,1,1,1
23,male,31.4,129.0,72.0,116.0,7.2,21.0,0,1,0,1.8,6,1,1,1,1,1
26,female,30.8,123.0,76.0,125.0,6.1,33.0,0,1,0,1.6,3,4,1,1,0,0
50,male,19.0,129.0,66.0,103.0,7.1,78.0,0,0,0,1.6,2,2,0,1,1,1
58,female,15.1,118.0,72.0,110.0,7.3,163.0,1,0,0,1.4,1,10,1,1,1,0
42,female,29.8,143.0,73.0,116.0,5.3,61.0,0,0,0,2.3,8,1,1,1,1,0
65,male,18.5,138.0,80.0,102.0,7.3,182.0,0,0,0,1.3,3,9,0,1,0,1
30,female,25.1,116.0,72.0,102.0,8.6,100.0,0,1,1,1.7,3,1,0,0,0,0
26,male,27.1,130.0,69.0,116.0,8.2,2.0,0,1,0,1.2,5,2,0,0,1,1
70,female,19.8,142.0,84.0,134.0,5.3,17.0,0,0,1,0.3,5,9,1,1,1,0
30,male,21.9,120.0,68.0,115.0,5.2,102.0,0,0,0,1.5,9,8,1,0,0,1
48,male,20.9,147.0,69.0,117.0,7.5,21.0,0,1,0,1.7,5,10,1,1,1,1
58,female,18.2,138.0,78.0,103.0,7.0,112.0,0,0,0,1.7,7,10,0,1,1,0
28,male,16.6,131.0,66.0,109.0,6.6,71.0,1,0,0,2.7,7,10,0,1,1,1
21,female,25.1,122.0,71.0,101.0,3.6,141.0,0,0,0,1.9,7,4,0,0,0,0
51,male,20.9,120.0,84.0,100.0,5.5,41.0,0,0,0,2.1,5,2,0,1,1,1
78,male,26.1,128.0,77.0,116.0,8.5,207.0,1,0,0,2.9,3,8,1,1,1,1
55,male,18.2,125.0,68.0,111.0,7.3,59.0,1,0,0,2.2,7,3,1,1,1,1
63,female,22.8,150.0,75.0,113.0,9.4,191.0,0,0,0,1.3,8,10,1,1,1,0
21,female,42.1,130.0,74.0,128.0,7.9,2.0,0,0,0,1.3,4,1,1,0,0,0
55,male,24.2,145.0,80.0,114.0,7.2,60.0,1,0,1,1.0,6,2,1,1,1,1
36,female,28.7,122.0,66.0,120.0,4.8,30.0,0,1,0,2.4,5,4,1,0,1,0
23,male,29.0,121.0,88.0,109.0,7.2,70.0,0,1,0,3.2,10,1,0,0,0,1
51,female,23.0,130.0,70.0,115.0,6.7,352.0,0,0,0,2.0,2,6,0,1,0,0
35,female,26.0,131.0,76.0,102.0,5.3,21.0,0,0,1,1.6,1,4,1,1,1,0
30,male,26.0,117.0,78.0,130.0,8.5,11.0,1,1,1,2.7,6,6,1,1,1,1
58,male,25.8,132.0,78.0,101.0,6.9,7.0,0,1,1,2.4,10,5,1,1,1,1
40,male,21.3,127.0,76.0,141.0,7.3,16.0,0,0,0,1.3,6,4,1,1,1,1
36,male,23.4,118.0,73.0,118.0,5.7,8.0,1,1,0,1.8,7,7,0,1,1,1
62,male,25.0,126.0,81.0,102.0,7.3,139.0,0,0,0,1.9,5,7,1,1,1,1
28,female,29.5,129.0,71.0,116.0,6.6,15.0,0,0,0,1.6,1,4,1,1,1,0
18,female,25.9,112.0,67.0,111.0,9.8,26.0,0,1,0,1.5,6,4,0,1,0,0
41,male,22.4,140.0,62.0,130.0,6.1,124.0,0,1,0,2.3,4,4,0,0,0,1
79,male,21.0,154.0,81.0,106.0,5.9,71.0,1,1,0,2.6,7,8,1,1,1,1
71,male,24.6,138.0,76.0,107.0,7.1,7.0,0,1,0,2.5,2,5,0,1,1,1
24,female,21.1,127.0,72.0,110.0,6.5,424.0,1,0,1,2.2,9,5,0,1,1,0
42,male,30.2,135.0,73.0,122.0,7.1,110.0,0,1,0,2.8,7,9,1,1,1,1
38,male,21.0,136.0,79.0,128.0,8.9,114.0,0,1,0,1.5,5,10,0,1,0,1
32,female,26.7,125.0,72.0,102.0,5.5,230.0,1,0,0,1.6,2,6,0,1,0,0
18,female,30.0,129.0,68.0,99.0,6.9,288.0,0,0,0,2.1,1,4,0,0,0,0
29,female,28.6,131.0,71.0,137.0,6.0,7.0,0,0,0,2.1,5,7,1,1,1,0
75,female,29.0,149.0,83.0,128.0,5.9,8.0,1,0,1,1.4,10,8,1,1,1,0
24,male,32.0,124.0,91.0,107.0,6.6,180.0,0,0,1,1.6,5,7,1,1,1,1
32,female,27.6,139.0,81.0,123.0,6.8,143.0,0,0,0,1.6,3,6,1,1,0,0
38,female,33.0,132.0,68.0,96.0,9.1,29.0,0,0,0,1.7,9,2,0,0,1,0
36,male,21.1,124.0,73.0,114.0,6.1,46.0,0,0,0,2.1,10,5,1,1,1,1
77,male,26.4,141.0,75.0,119.0,6.5,113.0,0,0,1,1.8,1,6,1,1,1,1
46,male,26.0,129.0,72.0,111.0,4.4,187.0,0,0,1,0.6,5,2,0,1,1,1
42,female,22.4,128.0,71.0,128.0,7.4,111.0,0,1,0,1.9,4,9,1,1,1,0
50,male,37.3,146.0,78.0,134.0,7.0,188.0,1,0,0,1.9,2,10,1,1,1,1
66,female,40.2,157.0,87.0,122.0,7.6,31.0,0,0,0,2.3,1,4,1,1,1,0
49,female,20.5,133.0,72.0,114.0,7.1,48.0,0,1,1,1.9,10,5,1,1,1,0
66,female,26.9,154.0,79.0,125.0,4.4,13.0,0,0,0,2.0,4,5,1,1,1,0
52,male,26.7,138.0,76.0,117.0,9.1,502.0,1,0,1,0.7,6,7,0,1,0,1
61,female,19.1,121.0,71.0,104.0,7.2,199.0,0,0,0,1.8,8,9,0,1,1,0
55,male,21.9,126.0,72.0,119.0,7.3,151.0,0,0,1,1.8,10,9,1,0,1,1
43,male,30.5,141.0,72.0,129.0,9.1,26.0,0,0,1,2.2,2,6,1,1,1,1
28,male,26.2,124.0,76.0,117.0,6.2,144.0,0,1,0,2.4,2,9,1,1,1,1
52,female,35.6,139.0,76.0,119.0,5.0,238.0,0,1,0,1.6,6,4,1,1,1,0
25,female,20.9,115.0,81.0,104.0,5.4,200.0,0,0,0,2.8,4,5,0,0,0,0
63,female,26.3,138.0,73.0,96.0,6.8,169.0,0,0,1,1.9,10,5,1,1,1,0
31,male,20.6,122.0,66.0,127.0,6.7,59.0,0,0,1,2.0,9,5,1,0,1,1
27,female,28.8,132.0,66.0,107.0,8.9,175.0,0,0,1,1.8,4,1,1,0,1,0
19,female,28.6,123.0,71.0,105.0,7.3,80.0,0,0,0,1.3,2,7,1,1,0,0
63,female,13.3,143.0,70.0,95.0,4.9,62.0,0,1,0,1.7,1,6,0,1,1,0
26,female,22.4,119.0,69.0,118.0,5.9,402.0,0,0,1,2.0,6,3,0,0,0,0
20,female,33.0,129.0,79.0,128.0,6.0,19.0,1,1,0,2.1,1,8,1,1,1,0
38,male,22.8,116.0,72.0,105.0,6.5,240.0,1,0,0,1.8,6,6,0,1,1,1
43,male,15.8,132.0,69.0,93.0,5.9,47.0,1,0,1,1.2,8,9,1,1,1,1
25,male,24.1,113.0,73.0,109.0,5.2,87.0,0,1,1,1.3,6,7,1,0,1,1
65,male,16.8,141.0,76.0,111.0,7.0,54.0,0,0,0,2.8,4,8,1,1,1,1
19,female,23.6,107.0,74.0,116.0,6.2,84.0,1,0,0,1.9,2,9,0,0,1,0
23,male,34.7,122.0,79.0,117.0,5.2,205.0,0,0,0,2.5,5,6,0,1,1,1
45,female,29.6,142.0,78.0,118.0,8.9,24.0,0,0,1,3.1,5,8,1,1,1,0
70,male,34.7,161.0,87.0,140.0,6.7,169.0,0,1,0,1.1,8,2,1,1,1,1
46,male,23.7,111.0,70.0,96.0,9.4,71.0,1,1,0,1.2,3,1,0,0,1,1
43,male,34.2,129.0,76.0,120.0,8.3,328.0,0,1,0,1.8,2,9,1,1,0,1
42,female,18.9,143.0,73.0,112.0,6.2,95.0,0,0,0,1.4,1,10,1,1,1,0
29,female,22.3,126.0,72.0,104.0,9.2,5.0,0,0,0,1.8,2,6,0,1,0,0
22,male,27.2,117.0,90.0,114.0,8.2,289.0,0,0,0,1.3,2,10,0,1,0,1
51,female,29.2,150.0,83.0,124.0,6.0,310.0,0,0,0,1.6,1,10,0,1,1,0
65,male,18.7,142.0,82.0,127.0,6.4,24.0,0,0,1,1.8,8,3,1,1,1,1
54,male,43.8,149.0,80.0,132.0,7.2,432.0,0,1,1,1.3,8,3,1,1,1,1
32,male,21.1,110.0,71.0,84.0,6.5,71.0,0,0,1,1.9,10,8,1,0,1,1
61,female,21.9,154.0,80.0,99.0,8.1,295.0,0,0,0,1.4,4,3,0,1,1,0
53,male,36.4,145.0,88.0,134.0,7.3,54.0,0,1,0,1.6,3,10,1,1,1,1
32,male,26.0,126.0,67.0,115.0,8.2,3.0,1,0,0,2.1,1,6,0,1,1,1
60,male,17.9,146.0,72.0,111.0,7.6,190.0,0,0,0,1.9,8,6,1,1,1,1
65,female,21.2,131.0,75.0,117.0,5.9,260.0,0,0,0,2.2,8,5,0,1,1,0
40,male,24.5,122.0,75.0,106.0,4.7,21.0,1,0,0,2.1,4,7,1,1,1,1
23,female,18.0,112.0,73.0,95.0,5.9,97.0,0,1,0,1.2,5,4,0,0,0,0
63,male,14.0,131.0,78.0,105.0,9.5,214.0,0,0,1,1.7,4,10,1,1,1,1
67,female,17.0,137.0,78.0,112.0,8.1,74.0,0,0,0,1.4,5,6,1,1,1,0
61,male,23.2,143.0,72.0,121.0,7.0,186.0,0,0,1,1.8,4,1,1,1,1,1
76,male,14.4,129.0,75.0,115.0,8.6,122.0,0,1,1,1.6,9,3,1,1,1,1
60,female,15.7,136.0,66.0,108.0,6.8,153.0,0,0,1,2.1,1,7,1,1,1,0
62,female,26.3,136.0,83.0,131.0,6.9,301.0,0,0,0,2.3,10,9,1,1,1,0
38,male,15.8,124.0,71.0,116.0,7.3,65.0,0,1,1,1.5,10,1,1,0,1,1
40,female,26.4,142.0,67.0,132.0,6.3,177.0,0,0,0,1.5,3,4,1,1,0,0
60,male,17.0,138.0,88.0,111.0,5.6,150.0,0,0,0,2.4,7,7,0,1,1,1
72,male,34.9,154.0,66.0,127.0,7.4,69.0,1,0,0,2.5,6,10,1,1,1,1
33,male,25.6,124.0,72.0,112.0,6.8,58.0,0,1,0,2.0,8,9,0,1,1,1
64,female,18.8,152.0,83.0,110.0,6.5,256.0,0,0,0,1.3,6,8,1,1,1,0
70,male,13.7,142.0,72.0,113.0,7.5,27.0,0,1,1,2.2,8,2,1,1,1,1
77,female,23.5,141.0,80.0,129.0,6.3,46.0,0,0,0,2.2,1,2,1,1,1,0
32,male,25.3,137.0,75.0,114.0,7.8,440.0,0,0,0,2.5,9,9,0,1,0,1
42,female,24.6,136.0,60.0,113.0,5.2,39.0,0,0,0,1.6,5,2,1,0,1,0
53,female,27.4,128.0,70.0,128.0,5.1,247.0,0,0,1,2.8,10,10,1,1,1,0
28,male,25.8,128.0,72.0,132.0,5.1,56.0,0,0,0,1.1,2,7,1,1,0,1
68,female,23.7,134.0,77.0,113.0,6.8,96.0,1,1,1,2.3,1,10,1,1,1,0
32,male,32.9,116.0,67.0,123.0,5.1,61.0,0,0,0,2.3,4,9,1,1,1,1
21,male,23.6,119.0,70.0,105.0,9.1,30.0,1,0,1,2.3,10,8,1,1,1,1
38,male,33.4,144.0,79.0,111.0,9.0,141.0,0,0,0,0.7,8,5,1,1,1,1
30,male,28.0,141.0,81.0,106.0,7.3,408.0,1,1,0,1.0,3,2,0,1,0,1
39,male,26.1,127.0,75.0,110.0,8.0,268.0,0,0,1,2.2,10,6,1,1,1,1
36,female,19.0,124.0,66.0,127.0,5.7,506.0,0,0,1,2.3,4,7,0,1,0,0
51,male,30.0,150.0,80.0,134.0,8.3,141.0,0,0,1,1.6,2,10,1,1,1,1
31,female,33.8,138.0,79.0,109.0,6.4,4.0,1,1,0,1.7,2,7,1,1,1,0
78,female,41.0,160.0,83.0,147.0,6.7,97.0,0,0,0,1.7,2,5,1,1,1,0
21,male,18.1,120.0,66.0,91.0,6.5,117.0,0,1,0,1.4,10,10,0,0,0,1
65,female,25.9,147.0,75.0,115.0,5.9,15.0,1,1,0,3.2,1,9,1,1,1,0
70,male,21.8,141.0,81.0,136.0,7.6,212.0,0,1,0,2.4,10,6,1,1,1,1
69,female,26.6,156.0,77.0,148.0,6.1,157.0,0,0,0,1.2,10,10,1,1,1,0
63,female,28.6,141.0,80.0,102.0,6.5,71.0,0,1,1,2.2,5,9,1,1,1,0
44,female,25.0,132.0,70.0,116.0,3.8,41.0,0,0,0,1.1,5,8,1,1,1,0
46,male,31.2,121.0,77.0,127.0,7.3,30.0,0,0,0,1.7,3,10,1,1,1,1
64,female,38.8,157.0,75.0,131.0,6.7,400.0,0,0,0,1.3,3,9,1,1,1,0
45,male,31.3,129.0,73.0,123.0,5.6,194.0,0,0,0,0.8,8,1,0,1,0,1
52,female,15.9,111.0,73.0,105.0,6.5,142.0,0,0,0,2.0,10,2,1,0,1,0
25,female,21.2,121.0,66.0,114.0,6.2,356.0,0,0,0,1.8,7,8,0,0,0,0
33,female,23.8,125.0,70.0,107.0,4.8,27.0,0,0,1,2.0,4,6,1,0,1,0
59,female,21.1,140.0,80.0,123.0,8.9,234.0,0,0,1,0.9,8,1,1,1,1,0
53,male,29.4,144.0,75.0,134.0,8.6,105.0,0,0,0,3.2,10,10,1,1,1,1
47,male,31.5,131.0,74.0,133.0,7.7,324.0,0,0,0,1.6,9,1,0,1,0,1
35,female,22.4,149.0,67.0,108.0,8.4,130.0,0,0,0,2.4,6,1,0,1,0,0
19,female,21.8,119.0,66.0,78.0,6.2,162.0,1,0,1,1.8,7,3,0,0,1,0
66,male,20.7,125.0,76.0,124.0,6.8,30.0,0,1,0,1.8,7,9,1,1,1,1
30,male,34.1,145.0,79.0,102.0,6.1,51.0,0,0,0,1.3,5,6,1,1,1,1
21,male,32.4,134.0,64.0,121.0,7.1,43.0,0,0,0,3.1,4,2,1,0,0,1
43,male,26.6,136.0,79.0,121.0,8.0,142.0,1,0,0,3.2,2,8,1,1,1,1
42,female,23.6,127.0,71.0,111.0,6.7,64.0,0,0,0,1.5,1,10,1,1,1,0
47,female,15.0,128.0,71.0,108.0,5.1,236.0,1,0,1,2.0,8,3,0,1,1,0
28,male,30.9,112.0,78.0,134.0,7.3,29.0,0,0,1,1.8,2,1,1,0,0,1
24,male,35.4,129.0,88.0,135.0,6.0,191.0,0,1,0,2.6,8,10,1,1,1,1
48,male,16.1,148.0,75.0,105.0,8.0,201.0,0,0,1,2.9,9,6,0,1,1,1
61,male,48.5,146.0,81.0,119.0,9.2,119.0,0,0,1,1.0,4,4,1,1,1,1
27,male,21.4,125.0,72.0,126.0,8.2,19.0,1,0,0,0.5,1,6,1,1,0,1
56,male,24.1,123.0,78.0,100.0,6.5,47.0,1,1,1,1.5,6,8,1,1,1,1
30,female,20.8,120.0,62.0,109.0,6.9,61.0,1,0,0,1.2,8,4,0,1,1,0
48,female,14.6,118.0,65.0,107.0,6.7,75.0,0,0,0,1.6,1,4,0,0,0,0
24,female,14.4,122.0,70.0,105.0,5.6,160.0,0,1,0,2.2,5,6,0,0,0,0
73,male,33.7,151.0,84.0,148.0,6.1,50.0,0,0,1,2.5,1,2,1,1,1,1
66,male,22.0,129.0,79.0,120.0,6.6,2.0,0,0,0,1.8,7,3,1,1,1,1
59,male,29.8,142.0,82.0,118.0,6.5,241.0,0,0,0,2.3,6,2,1,1,1,1
78,female,27.3,149.0,78.0,131.0,5.2,68.0,1,0,0,1.6,4,9,1,1,1,0
59,male,23.6,139.0,82.0,103.0,6.9,40.0,0,1,1,2.6,8,4,1,1,1,1
73,male,31.3,155.0,91.0,122.0,6.7,205.0,0,1,0,1.0,8,3,1,1,1,1
53,female,19.8,146.0,70.0,111.0,3.9,253.0,0,0,0,1.9,2,2,0,0,1,0
37,male,22.0,123.0,65.0,117.0,6.6,158.0,0,0,0,0.7,5,1,1,0,0,1
21,female,20.2,118.0,69.0,121.0,3.7,52.0,0,0,0,2.0,1,2,0,0,1,0
71,female,33.2,147.0,86.0,144.0,5.5,32.0,0,1,0,2.0,3,4,1,1,1,0
24,male,31.6,118.0,77.0,127.0,5.3,150.0,0,0,1,0.9,3,4,1,0,1,1
71,female,20.8,133.0,78.0,133.0,6.5,7.0,0,1,0,1.9,10,7,1,1,1,0
18,male,16.6,122.0,55.0,107.0,5.9,60.0,0,0,0,2.1,3,3,0,0,0,1
61,female,30.6,158.0,74.0,127.0,6.4,171.0,1,0,0,2.4,3,7,1,1,1,0
73,male,27.4,137.0,86.0,115.0,9.3,106.0,1,1,1,2.6,10,4,1,1,1,1
62,female,24.1,158.0,66.0,121.0,5.5,159.0,1,0,1,1.8,2,9,1,1,1,0
59,male,20.6,131.0,75.0,97.0,8.2,102.0,0,0,0,2.0,7,7,0,1,1,1
64,female,31.3,154.0,76.0,121.0,7.6,33.0,0,1,0,1.0,7,2,1,1,1,0
76,female,19.3,145.0,81.0,121.0,7.3,79.0,0,0,1,1.9,4,9,1,1,1,0
30,female,38.4,137.0,66.0,124.0,8.4,178.0,1,0,1,2.0,8,9,1,1,1,0
72,male,20.5,138.0,75.0,112.0,6.2,31.0,0,1,0,1.6,10,2,1,1,1,1
39,male,24.6,130.0,74.0,93.0,6.6,396.0,0,1,0,1.8,10,8,0,0,0,1
71,female,21.2,135.0,75.0,114.0,5.7,27.0,0,0,0,2.1,8,7,1,1,1,0
38,male,32.8,142.0,79.0,118.0,3.7,2.0,0,0,1,1.1,4,1,1,1,1,1
39,female,20.5,137.0,63.0,112.0,6.9,181.0,0,0,0,2.2,6,1,0,1,0,0
45,male,28.8,130.0,69.0,128.0,9.0,316.0,0,0,1,2.0,6,8,1,1,1,1
26,female,17.7,108.0,67.0,100.0,5.0,34.0,0,1,0,1.6,5,10,0,0,0,0
43,male,28.7,132.0,77.0,114.0,5.1,20.0,0,0,0,2.3,4,5,1,1,1,1
26,female,22.6,140.0,74.0,100.0,7.2,30.0,1,0,0,1.6,9,9,1,1,1,0
32,female,24.6,129.0,73.0,111.0,6.5,119.0,0,1,0,2.9,6,3,0,1,1,0
27,female,20.5,132.0,65.0,118.0,8.8,104.0,0,0,1,2.2,7,3,1,0,1,0
41,female,31.0,128.0,72.0,108.0,6.1,117.0,0,0,1,1.8,5,8,1,1,1,0
75,male,24.0,141.0,85.0,101.0,8.8,1.0,0,0,1,2.2,2,5,1,1,1,1
74,female,19.1,139.0,89.0,122.0,7.4,20.0,0,1,0,2.3,6,1,1,1,1,0
78,male,24.0,136.0,83.0,139.0,8.3,33.0,0,0,0,1.2,3,9,1,1,1,1
59,male,23.2,139.0,78.0,122.0,5.8,143.0,0,1,0,1.7,10,2,1,1,1,1
25,female,27.1,120.0,65.0,100.0,6.5,113.0,0,0,0,1.5,6,7,0,1,1,0
41,male,31.3,143.0,77.0,119.0,7.0,117.0,0,0,0,3.1,3,8,1,1,1,1
33,male,24.1,128.0,62.0,112.0,7.3,101.0,0,0,1,0.8,8,4,1,0,1,1
66,male,21.8,151.0,84.0,128.0,5.9,164.0,0,0,1,2.2,7,3,1,1,1,1
43,female,39.2,127.0,82.0,118.0,6.1,341.0,0,0,0,1.4,1,1,0,1,0,0
44,male,19.5,125.0,72.0,130.0,8.8,134.0,0,0,1,1.3,4,10,1,1,1,1
54,male,17.7,129.0,66.0,107.0,8.0,164.0,0,1,0,2.0,2,7,1,1,0,1
21,female,27.8,129.0,73.0,103.0,5.2,112.0,0,1,1,1.9,6,7,0,0,1,0
67,female,29.2,141.0,70.0,130.0,7.1,192.0,0,1,0,2.3,5,9,0,1,1,0
41,male,13.4,138.0,68.0,88.0,8.4,344.0,0,1,0,2.0,2,6,0,1,0,1
36,female,28.7,130.0,77.0,141.0,5.8,111.0,0,0,0,1.3,1,4,1,0,1,0
53,male,19.2,125.0,69.0,119.0,7.5,24.0,0,0,1,2.4,7,1,1,1,1,1
77,male,26.1,145.0,79.0,123.0,7.5,177.0,0,1,0,1.8,9,6,1,1,1,1
56,male,23.7,134.0,89.0,106.0,4.6,126.0,0,0,0,1.3,9,2,0,1,1,1
27,female,36.2,140.0,64.0,118.0,5.8,325.0,0,0,0,1.3,10,10,0,0,0,0
42,male,25.4,129.0,69.0,127.0,6.1,38.0,0,1,1,1.6,3,9,1,0,1,1
35,female,25.6,117.0,71.0,109.0,6.8,421.0,0,0,0,2.8,6,7,0,1,0,0
36,female,29.7,134.0,71.0,108.0,6.1,96.0,0,1,0,0.3,10,1,0,1,1,0
53,male,25.1,131.0,78.0,127.0,7.3,399.0,0,0,0,2.2,1,4,0,1,0,1
27,female,14.9,110.0,72.0,89.0,6.4,184.0,0,0,0,2.1,1,5,0,0,0,0
50,female,27.2,137.0,76.0,122.0,4.8,241.0,0,0,0,2.3,6,3,0,1,1,0
72,female,19.9,140.0,78.0,124.0,3.3,47.0,0,0,0,1.8,6,9,1,1,1,0
67,female,20.5,137.0,65.0,123.0,6.1,30.0,0,1,0,1.6,5,9,1,1,1,0
22,female,24.3,125.0,73.0,114.0,7.0,117.0,0,1,1,2.6,6,9,1,1,1,0
64,male,30.6,139.0,80.0,115.0,6.8,56.0,0,0,0,1.0,10,2,1,1,1,1
66,female,18.5,138.0,71.0,114.0,5.4,511.0,0,1,0,1.1,5,3,0,1,0,0
52,male,32.1,135.0,87.0,121.0,7.9,82.0,0,0,1,0.6,6,10,1,1,1,1
61,male,33.0,151.0,79.0,130.0,6.3,14.0,0,0,0,1.5,9,7,1,1,1,1
51,male,26.1,136.0,77.0,97.0,7.9,83.0,0,0,1,3.3,7,6,0,1,1,1
50,male,27.3,150.0,75.0,103.0,8.0,92.0,0,0,0,1.2,3,8,1,1,1,1
72,male,32.2,144.0,71.0,156.0,7.9,1.0,0,0,1,2.1,9,1,1,1,1,1
38,male,26.7,134.0,68.0,124.0,7.6,34.0,1,0,0,1.5,6,8,1,1,1,1
34,female,15.4,132.0,68.0,102.0,5.3,0.0,1,0,1,1.7,5,1,1,1,1,0
39,female,14.6,129.0,76.0,106.0,6.5,99.0,0,0,0,1.2,4,6,0,1,0,0
65,female,24.5,142.0,74.0,146.0,8.7,41.0,1,0,1,1.5,10,8,1,1,1,0
54,male,21.0,137.0,76.0,93.0,6.5,23.0,0,0,0,1.3,1,10,1,1,1,1
32,female,21.8,130.0,74.0,111.0,4.8,219.0,0,0,1,2.8,7,7,0,0,0,0
52,female,43.6,149.0,76.0,131.0,7.7,4.0,0,0,0,1.6,5,3,1,1,1,0
45,female,18.5,129.0,67.0,125.0,7.5,141.0,0,0,0,0.9,1,7,0,1,1,0
24,male,22.0,129.0,66.0,114.0,6.7,102.0,0,0,0,2.6,4,3,0,0,0,1
49,female,28.2,136.0,71.0,146.0,6.4,177.0,0,0,0,0.8,10,3,0,1,1,0
28,male,21.7,116.0,64.0,118.0,7.1,17.0,0,1,0,2.2,1,5,0,0,0,1
27,female,31.8,146.0,79.0,111.0,7.8,246.0,0,1,0,1.8,10,2,0,1,0,0
26,male,23.5,132.0,74.0,106.0,6.9,47.0,0,0,1,2.5,4,1,1,0,0,1
31,male,25.5,120.0,66.0,120.0,7.6,1.0,0,0,0,1.2,7,4,1,0,1,1
30,male,27.8,127.0,74.0,131.0,9.0,128.0,0,1,0,2.5,9,4,1,1,1,1
78,female,33.9,147.0,80.0,125.0,6.4,235.0,0,1,0,2.1,2,4,1,1,1,0
74,female,17.7,136.0,76.0,121.0,10.0,52.0,0,1,0,1.9,4,10,1,1,1,0
79,male,13.8,147.0,76.0,93.0,9.2,90.0,0,1,0,1.9,1,10,1,1,1,1
42,female,23.1,128.0,64.0,110.0,6.2,64.0,0,1,1,1.3,6,9,1,0,1,0
19,male,21.4,136.0,57.0,126.0,9.5,5.0,0,0,1,3.7,8,3,1,0,1,1
52,male,37.6,129.0,79.0,148.0,6.1,168.0,0,0,0,1.8,3,6,1,1,1,1
24,female,19.0,121.0,67.0,113.0,10.0,341.0,1,1,0,1.7,5,7,0,1,0,0
38,female,30.9,123.0,74.0,141.0,6.5,65.0,0,0,1,1.6,1,7,1,1,1,0
35,female,23.9,131.0,69.0,109.0,7.5,19.0,0,0,1,2.0,5,5,1,1,1,0
20,male,20.2,124.0,69.0,103.0,7.4,84.0,0,1,0,2.0,1,2,0,1,0,1
59,male,22.7,144.0,66.0,115.0,6.3,282.0,0,0,1,2.2,5,2,0,1,1,1
71,female,33.6,139.0,81.0,139.0,7.4,112.0,0,1,0,1.7,9,9,1,1,1,0
78,male,30.5,153.0,66.0,166.0,8.3,29.0,0,0,0,2.2,7,1,1,1,1,1
56,female,25.4,131.0,72.0,124.0,6.9,97.0,0,1,0,2.4,7,1,1,1,1,0
58,male,27.2,140.0,74.0,108.0,7.1,47.0,0,0,0,2.9,9,8,1,1,1,1
66,female,15.2,132.0,63.0,100.0,7.9,3.0,0,0,0,2.0,5,7,1,1,1,0
28,female,29.8,119.0,81.0,105.0,5.4,294.0,0,0,0,2.4,8,9,0,1,0,0
56,male,19.5,140.0,74.0,105.0,6.9,190.0,0,1,1,1.2,7,6,1,1,1,1
41,female,26.4,130.0,70.0,105.0,8.4,309.0,1,0,0,1.6,6,3,0,1,0,0
77,female,30.1,156.0,92.0,133.0,6.4,138.0,0,0,0,1.0,6,2,1,1,1,0
63,male,17.1,143.0,76.0,97.0,7.6,72.0,0,1,0,1.1,7,7,1,1,1,1
36,female,24.7,140.0,75.0,119.0,4.6,82.0,0,0,0,1.8,10,1,1,1,1,0
21,male,37.6,127.0,73.0,132.0,6.9,27.0,0,0,1,2.2,3,8,1,1,1,1
43,female,28.2,127.0,72.0,111.0,6.6,59.0,0,0,0,2.1,5,8,1,1,0,0
55,male,21.3,144.0,76.0,120.0,6.9,21.0,1,1,0,1.4,2,9,1,1,1,1
59,female,20.8,137.0,58.0,124.0,6.6,77.0,0,1,0,2.3,5,9,1,1,1,0
49,female,32.2,150.0,66.0,134.0,8.4,125.0,0,0,0,1.1,8,9,1,1,1,0
56,female,23.0,127.0,66.0,119.0,5.6,36.0,0,0,0,1.4,7,7,1,0,1,0
62,female,36.0,152.0,66.0,120.0,6.3,345.0,1,1,1,1.8,3,3,1,1,1,0
63,male,27.8,142.0,80.0,125.0,5.8,125.0,0,0,0,1.3,7,10,1,1,1,1
53,male,40.1,145.0,75.0,130.0,5.1,30.0,0,0,1,1.4,2,6,1,1,1,1
57,male,31.9,139.0,85.0,127.0,6.7,22.0,0,0,1,2.0,4,6,1,1,1,1
54,male,25.9,128.0,74.0,108.0,5.6,22.0,1,1,1,1.6,10,2,1,1,1,1
50,male,27.4,142.0,70.0,101.0,7.1,437.0,0,1,0,1.7,2,4,0,1,0,1
53,male,27.8,135.0,75.0,97.0,7.2,32.0,0,0,1,2.8,7,2,1,1,1,1
20,male,32.0,129.0,78.0,94.0,7.0,22.0,0,0,0,2.3,5,3,1,1,0,1
26,female,14.4,135.0,66.0,79.0,7.6,21.0,0,1,0,1.8,9,7,0,1,0,0
25,female,41.0,130.0,83.0,137.0,3.8,51.0,0,1,1,1.4,7,8,1,1,1,0
50,female,32.1,137.0,83.0,127.0,8.7,115.0,1,0,0,2.4,2,1,1,1,1,0
76,female,28.2,146.0,75.0,129.0,6.7,10.0,0,1,0,1.2,4,8,1,1,1,0
23,male,16.5,116.0,64.0,98.0,7.7,21.0,1,0,1,1.6,3,8,0,1,0,1
58,male,21.0,133.0,71.0,93.0,5.5,450.0,1,1,0,1.8,10,7,0,1,0,1
56,male,19.1,139.0,66.0,119.0,5.1,115.0,0,0,1,1.7,2,7,1,1,1,1
21,female,36.1,141.0,64.0,122.0,7.5,18.0,0,0,0,0.8,2,3,1,0,1,0
30,male,20.4,125.0,67.0,108.0,7.7,96.0,0,0,1,1.9,8,9,1,1,1,1
66,female,24.9,147.0,62.0,113.0,5.2,33.0,0,0,0,2.4,6,3,0,1,1,0
77,male,21.6,142.0,70.0,114.0,7.6,436.0,0,0,1,2.0,3,7,0,1,1,1
19,male,20.2,118.0,71.0,110.0,7.7,59.0,0,0,1,2.4,8,8,1,0,1,1
77,male,25.4,143.0,70.0,117.0,7.6,18.0,0,1,1,1.8,3,2,1,1,1,1
22,male,25.5,118.0,78.0,122.0,7.0,114.0,1,0,0,2.3,5,4,1,1,0,1
61,female,34.8,155.0,82.0,149.0,7.2,18.0,1,0,0,1.0,1,4,1,1,1,0
44,female,16.3,123.0,81.0,121.0,9.0,88.0,0,0,0,2.8,1,7,0,1,0,0
49,male,20.4,137.0,85.0,114.0,6.0,229.0,0,0,1,2.7,10,6,1,1,1,1
38,female,33.0,128.0,79.0,120.0,7.9,51.0,0,0,1,2.2,2,10,1,1,1,0
25,male,28.5,127.0,68.0,114.0,7.3,78.0,0,0,0,2.1,7,6,1,0,1,1
55,male,24.4,137.0,64.0,127.0,5.0,14.0,0,0,1,0.6,1,6,1,1,1,1
25,male,19.9,115.0,60.0,123.0,4.9,125.0,1,0,1,1.2,7,9,1,0,1,1
67,male,28.9,141.0,89.0,133.0,7.0,14.0,0,0,1,2.0,10,4,1,1,1,1
20,female,34.3,120.0,63.0,96.0,4.7,48.0,0,0,0,1.3,9,10,0,1,1,0
71,male,31.2,147.0,78.0,118.0,3.7,221.0,1,0,0,2.3,5,2,0,1,1,1
61,male,25.2,125.0,83.0,119.0,10.0,19.0,0,0,0,1.7,6,2,1,1,1,1
78,female,13.7,139.0,69.0,128.0,5.5,220.0,0,0,1,1.4,10,9,1,1,1,0
75,male,24.6,150.0,85.0,152.0,8.0,119.0,0,0,1,1.9,7,4,1,1,1,1
20,female,21.8,121.0,68.0,106.0,7.1,18.0,0,1,1,0.7,8,10,1,1,1,0
39,male,21.4,123.0,72.0,119.0,9.8,22.0,0,0,1,0.8,2,9,1,0,1,1
23,male,21.2,117.0,67.0,87.0,9.3,131.0,0,0,0,1.6,2,1,0,0,0,1
19,male,23.6,131.0,63.0,98.0,7.5,157.0,0,0,0,1.6,9,2,0,0,0,1
40,male,22.1,131.0,76.0,116.0,5.0,128.0,0,0,1,1.6,6,7,1,1,1,1
61,male,27.3,148.0,80.0,98.0,8.8,150.0,0,0,0,1.6,7,7,1,1,1,1
19,male,21.9,128.0,73.0,108.0,5.2,54.0,0,1,1,0.3,5,1,0,0,0,1
55,female,38.4,141.0,85.0,126.0,8.2,0.0,0,1,0,2.0,1,8,1,1,1,0
34,male,23.5,120.0,68.0,112.0,5.5,90.0,0,0,0,2.6,8,7,0,1,1,1
52,female,19.7,138.0,76.0,105.0,6.2,108.0,1,1,0,1.3,1,10,1,1,1,0
51,female,17.6,124.0,77.0,117.0,9.8,140.0,0,1,0,1.9,1,2,0,0,0,0
40,male,25.7,127.0,75.0,128.0,7.1,32.0,0,1,1,2.5,2,1,1,1,1,1
47,female,45.3,147.0,77.0,144.0,5.8,22.0,0,0,0,1.5,5,2,1,1,1,0
69,male,22.5,139.0,78.0,130.0,6.5,213.0,0,0,0,0.7,4,7,1,1,1,1
25,female,16.3,101.0,56.0,109.0,7.1,221.0,0,0,1,2.5,4,10,0,0,0,0
39,male,33.3,126.0,77.0,121.0,5.7,527.0,0,0,1,1.2,1,4,0,1,0,1
61,female,39.6,156.0,73.0,129.0,7.6,50.0,0,0,1,1.7,1,6,1,1,1,0
75,female,27.8,146.0,79.0,139.0,5.7,7.0,0,1,0,1.2,10,5,1,1,1,0
53,male,27.5,144.0,73.0,110.0,4.0,78.0,0,0,0,1.2,2,8,1,1,1,1
22,female,23.0,116.0,69.0,113.0,6.5,78.0,1,0,0,1.3,2,7,0,0,1,0
30,male,32.3,122.0,64.0,124.0,6.0,4.0,0,0,0,2.1,1,7,1,1,1,1
46,male,29.0,142.0,79.0,107.0,7.0,103.0,1,0,0,2.3,10,9,0,1,1,1
48,male,23.9,144.0,79.0,105.0,6.5,36.0,0,0,1,2.4,8,4,0,1,1,1
64,male,18.4,130.0,68.0,122.0,7.9,15.0,0,0,1,2.1,3,9,1,1,1,1
74,male,32.9,157.0,72.0,134.0,7.7,111.0,0,0,1,1.2,8,3,1,1,1,1
72,female,28.6,138.0,73.0,132.0,4.2,40.0,0,0,0,1.4,5,3,1,1,1,0
33,female,21.5,113.0,75.0,107.0,6.7,99.0,0,1,0,1.6,3,5,1,0,0,0
59,female,28.0,145.0,76.0,141.0,6.2,2.0,0,1,0,2.5,6,10,1,1,1,0
79,male,23.2,138.0,76.0,132.0,6.4,55.0,0,1,0,2.1,2,3,1,1,1,1
47,female,23.7,123.0,72.0,132.0,4.5,241.0,0,0,0,1.8,1,9,1,1,1,0
74,female,27.3,136.0,74.0,124.0,3.0,126.0,0,0,1,2.1,9,1,1,1,1,0
72,female,27.8,143.0,80.0,139.0,8.7,243.0,0,1,0,1.0,3,6,1,1,1,0
33,female,21.4,112.0,79.0,105.0,6.5,162.0,0,0,1,3.2,7,7,1,0,1,0
29,female,24.9,131.0,65.0,107.0,7.2,153.0,1,0,1,1.3,9,1,1,0,1,0
34,male,40.9,142.0,80.0,112.0,5.9,245.0,1,0,1,1.5,4,5,1,1,1,1
33,male,32.6,137.0,73.0,125.0,4.9,2.0,0,0,0,1.2,9,9,1,1,1,1
29,female,30.6,140.0,72.0,104.0,6.1,65.0,0,1,1,1.1,4,6,1,1,1,0
25,male,27.4,134.0,79.0,105.0,5.5,388.0,1,0,1,1.4,2,4,0,1,1,1
37,male,24.8,122.0,78.0,97.0,7.6,23.0,0,0,0,2.0,6,4,0,0,0,1
20,female,39.5,137.0,74.0,99.0,7.2,127.0,0,0,0,1.9,9,5,0,1,0,0
33,female,22.9,136.0,76.0,110.0,7.7,187.0,0,0,0,1.1,3,5,0,1,1,0
47,male,34.4,146.0,66.0,116.0,7.3,325.0,0,1,1,0.9,2,6,1,1,1,1
62,female,22.0,145.0,62.0,122.0,4.3,246.0,0,0,0,0.8,5,3,1,1,0,0
40,male,23.2,129.0,68.0,112.0,6.3,135.0,0,1,0,2.4,7,4,0,1,0,1
45,male,25.0,128.0,67.0,129.0,5.7,149.0,0,1,1,2.6,6,5,1,1,1,1
68,female,35.0,146.0,78.0,155.0,7.0,50.0,0,0,1,1.9,4,2,1,1,1,0
57,male,21.8,130.0,81.0,131.0,5.9,30.0,0,0,0,1.9,9,10,1,1,1,1
71,male,26.7,152.0,76.0,126.0,7.2,382.0,1,0,1,1.1,1,4,1,1,1,1
22,male,21.6,123.0,74.0,114.0,7.3,445.0,0,0,1,2.0,10,7,0,1,1,1
37,female,31.2,140.0,79.0,135.0,6.5,66.0,0,0,0,1.5,1,4,1,0,1,0
57,female,22.6,125.0,64.0,111.0,7.2,63.0,0,0,1,0.3,7,8,1,1,1,0
73,female,27.2,142.0,82.0,137.0,7.3,72.0,0,1,0,1.0,5,1,1,1,1,0
61,female,29.3,134.0,84.0,140.0,7.0,74.0,0,1,0,2.6,4,9,1,1,1,0
18,male,31.6,113.0,79.0,115.0,7.3,222.0,0,0,0,2.4,5,5,0,0,0,1
74,female,25.7,147.0,77.0,131.0,7.7,68.0,0,0,1,1.7,3,2,1,1,1,0
47,female,31.7,129.0,76.0,147.0,6.3,257.0,0,1,1,2.0,1,6,1,1,1,0
38,female,22.1,125.0,72.0,104.0,5.8,143.0,0,0,1,1.5,9,4,1,0,0,0
37,female,21.1,120.0,71.0,107.0,7.3,404.0,0,0,0,1.6,5,8,0,0,0,0
23,male,23.4,120.0,63.0,115.0,6.0,135.0,1,0,1,1.7,10,8,1,0,1,1
39,male,33.1,140.0,70.0,111.0,6.8,64.0,0,0,0,1.1,6,10,1,1,1,1
35,male,27.9,123.0,76.0,115.0,6.6,300.0,0,1,1,2.1,8,7,1,0,0,1
25,female,23.3,120.0,69.0,94.0,9.0,31.0,0,0,1,2.4,10,3,1,0,1,0
56,female,21.4,139.0,75.0,93.0,7.8,402.0,0,0,0,2.1,6,10,0,1,1,0
49,male,31.1,144.0,82.0,126.0,8.4,5.0,0,0,0,2.3,10,4,1,1,1,1
50,female,30.8,135.0,76.0,107.0,7.3,123.0,1,1,0,1.8,3,3,1,1,1,0
70,female,29.7,148.0,72.0,117.0,7.2,2.0,0,0,0,1.0,8,1,1,1,1,0
33,male,30.2,138.0,86.0,129.0,7.3,27.0,1,0,0,1.9,2,7,1,1,1,1
29,male,29.2,121.0,71.0,117.0,6.2,75.0,0,0,0,2.4,7,10,1,0,1,1
55,female,19.9,128.0,71.0,114.0,5.3,21.0,0,1,0,2.5,6,8,1,1,1,0
69,female,26.3,140.0,79.0,120.0,7.6,539.0,0,0,0,2.3,2,8,0,1,0,0
51,female,24.9,139.0,73.0,136.0,7.5,178.0,0,0,0,2.0,4,8,1,1,1,0
78,male,21.1,145.0,77.0,149.0,8.7,228.0,0,1,0,2.9,3,1,1,1,0,1
31,male,28.1,130.0,69.0,122.0,7.9,464.0,0,1,0,2.0,1,1,0,0,0,1
53,male,37.2,135.0,84.0,98.0,6.2,135.0,0,0,1,1.0,3,10,1,1,1,1
50,male,26.3,143.0,81.0,118.0,5.4,37.0,0,1,0,1.5,7,5,1,1,1,1
40,female,27.3,128.0,84.0,104.0,7.3,170.0,0,0,0,1.9,6,10,1,1,1,0
67,male,11.1,131.0,84.0,105.0,6.8,105.0,0,0,0,0.6,3,3,1,1,1,1
62,male,29.6,144.0,66.0,131.0,6.1,37.0,0,1,1,1.6,2,1,1,1,1,1
19,female,20.9,136.0,72.0,106.0,7.5,55.0,1,1,0,2.5,6,2,0,0,1,0
58,female,31.3,137.0,70.0,109.0,5.3,112.0,0,0,0,2.6,7,8,1,1,1,0
38,female,28.9,127.0,81.0,109.0,6.0,60.0,1,0,0,1.9,2,5,0,1,1,0
19,male,15.6,114.0,69.0,113.0,10.0,32.0,1,0,0,1.7,7,4,0,0,1,1
44,female,25.6,142.0,69.0,135.0,5.5,67.0,1,0,1,2.2,3,2,1,1,1,0
74,female,23.1,145.0,70.0,139.0,7.4,32.0,0,0,0,2.0,6,8,1,1,1,0
26,male,14.3,122.0,63.0,84.0,8.1,250.0,0,1,0,1.1,5,6,0,0,0,1
18,male,38.9,137.0,69.0,116.0,7.9,142.0,0,0,0,1.6,1,8,1,1,1,1
28,female,19.3,132.0,77.0,97.0,7.7,57.0,1,0,0,2.1,9,1,0,1,1,0
20,male,23.2,117.0,70.0,115.0,7.4,349.0,1,0,0,0.3,4,3,0,0,0,1
69,female,23.3,146.0,71.0,118.0,6.8,59.0,0,0,0,1.7,5,1,1,1,1,0
79,female,24.5,155.0,81.0,114.0,8.7,103.0,0,0,0,1.8,3,4,1,1,1,0
40,male,30.0,136.0,77.0,137.0,8.6,86.0,0,0,1,2.3,7,5,1,1,1,1
43,female,23.9,125.0,72.0,107.0,8.1,16.0,0,0,0,1.1,10,6,1,1,1,0
21,male,21.3,113.0,76.0,118.0,8.9,66.0,0,0,1,1.9,4,6,1,1,0,1
35,male,27.0,134.0,76.0,108.0,8.0,10.0,1,0,1,0.6,4,7,1,1,1,1
72,male,21.9,133.0,80.0,131.0,6.4,22.0,0,0,0,1.5,9,6,1,1,1,1
23,female,27.0,119.0,60.0,107.0,5.9,186.0,0,0,1,1.8,3,3,0,0,1,0
52,male,32.4,136.0,75.0,112.0,7.3,43.0,0,0,1,0.9,5,2,1,1,1,1
39,male,34.0,138.0,79.0,136.0,7.2,11.0,0,0,1,1.4,3,8,1,1,1,1
60,female,32.4,148.0,80.0,119.0,7.4,152.0,0,0,1,2.1,2,6,1,1,1,0
32,female,25.5,122.0,72.0,114.0,8.8,195.0,1,0,1,2.2,6,1,1,1,1,0
39,female,27.6,122.0,78.0,101.0,6.3,104.0,0,1,0,2.2,8,10,0,1,0,0
77,female,28.6,154.0,82.0,112.0,6.6,297.0,0,0,0,0.9,5,10,0,1,1,0
54,male,24.6,142.0,80.0,137.0,7.2,227.0,0,0,0,1.1,2,9,1,1,1,1
69,male,33.8,152.0,82.0,133.0,6.6,97.0,0,1,0,1.7,5,2,1,1,1,1
59,male,16.9,137.0,78.0,112.0,4.4,160.0,0,0,0,1.5,10,10,1,1,1,1
29,female,22.7,122.0,75.0,104.0,6.2,48.0,0,0,0,1.7,6,5,1,1,1,0
64,female,28.8,141.0,78.0,116.0,5.5,121.0,0,0,0,1.3,1,2,1,1,1,0
66,male,30.0,145.0,79.0,134.0,8.6,452.0,0,0,1,2.9,3,9,0,1,1,1
59,female,22.9,131.0,76.0,135.0,5.7,193.0,0,1,0,1.1,7,9,1,1,1,0
55,female,16.7,135.0,66.0,121.0,6.7,56.0,0,0,1,2.3,9,3,1,1,1,0
35,male,21.5,128.0,62.0,117.0,6.9,323.0,0,0,1,2.6,8,2,0,0,0,1
62,male,30.5,142.0,81.0,122.0,7.4,209.0,0,0,0,1.3,4,8,1,1,1,1
52,female,28.3,145.0,80.0,129.0,7.1,5.0,0,0,0,2.7,6,9,1,1,1,0
47,female,36.4,140.0,78.0,150.0,7.2,164.0,0,0,0,2.9,10,2,1,1,1,0
41,female,45.9,149.0,82.0,130.0,5.7,450.0,0,0,1,1.6,9,9,1,1,1,0
59,male,30.5,132.0,82.0,129.0,6.4,46.0,1,0,1,2.1,7,3,1,1,1,1
47,male,24.1,140.0,77.0,132.0,5.0,39.0,0,0,0,1.3,10,1,1,1,1,1
31,male,30.2,135.0,77.0,140.0,7.3,123.0,0,1,0,2.6,2,6,1,1,1,1
23,male,34.9,147.0,66.0,120.0,5.8,14.0,1,0,1,0.7,6,2,1,1,1,1
20,male,26.9,137.0,81.0,120.0,8.6,135.0,1,1,1,1.2,8,1,0,1,0,1
33,female,31.9,140.0,76.0,116.0,4.2,31.0,1,0,0,2.3,1,4,1,1,1,0
24,female,18.1,116.0,75.0,107.0,9.3,72.0,0,0,1,2.2,1,9,1,0,0,0
69,female,23.8,135.0,81.0,119.0,7.1,267.0,0,0,1,1.9,1,8,1,1,1,0
31,male,17.8,117.0,64.0,119.0,6.4,191.0,0,0,0,2.4,4,3,0,0,0,1
26,male,36.1,136.0,71.0,140.0,7.5,14.0,1,0,0,0.6,2,8,1,1,1,1
32,male,28.9,140.0,70.0,101.0,8.7,172.0,0,0,1,2.3,7,6,1,1,1,1
38,female,25.3,121.0,80.0,113.0,9.3,64.0,0,1,0,2.0,4,5,1,1,0,0
52,male,23.9,128.0,69.0,111.0,6.8,600.0,0,0,0,2.3,7,1,0,1,0,1
19,male,30.8,126.0,65.0,110.0,4.2,43.0,0,0,1,1.6,10,9,1,1,1,1
44,female,36.1,130.0,80.0,123.0,6.7,76.0,0,0,1,2.5,2,2,1,1,1,0
19,male,29.7,122.0,82.0,102.0,6.1,50.0,0,0,0,2.4,3,9,1,1,1,1
52,female,31.6,150.0,72.0,127.0,7.7,106.0,1,0,0,1.7,1,5,1,1,1,0
35,male,25.2,135.0,81.0,99.0,6.3,37.0,0,0,1,1.5,9,3,1,1,1,1
31,male,24.7,134.0,77.0,122.0,5.3,293.0,1,0,0,1.9,6,10,1,1,1,1
37,female,28.5,124.0,72.0,120.0,6.1,115.0,1,0,0,1.2,10,7,0,1,1,0
35,female,16.7,110.0,62.0,93.0,8.6,343.0,0,0,0,1.6,10,1,0,0,0,0
27,female,18.2,118.0,67.0,91.0,7.0,137.0,0,0,0,2.5,7,5,0,0,0,0
42,female,35.2,119.0,72.0,134.0,8.1,25.0,1,1,0,1.4,4,5,1,1,1,0
19,female,35.5,133.0,81.0,109.0,6.3,2.0,0,0,0,1.2,4,7,1,1,1,0
42,female,20.7,135.0,72.0,130.0,8.3,63.0,0,0,0,2.7,10,8,1,1,1,0
78,male,33.1,145.0,85.0,108.0,5.7,600.0,1,0,0,2.0,10,8,0,1,1,1
71,male,26.1,149.0,81.0,112.0,5.8,251.0,0,0,0,2.0,8,1,0,1,0,1
50,female,24.3,139.0,71.0,112.0,8.6,225.0,0,1,1,1.9,1,4,0,1,1,0
53,male,22.2,126.0,75.0,116.0,8.5,101.0,0,0,0,1.3,7,6,1,0,1,1
48,female,26.0,132.0,81.0,126.0,4.3,12.0,0,0,1,2.7,4,10,1,1,1,0
31,male,31.5,128.0,74.0,115.0,8.1,2.0,0,0,0,1.6,4,2,1,1,1,1
18,female,15.3,124.0,66.0,95.0,5.1,219.0,0,0,0,0.6,8,7,0,0,0,0
63,male,27.8,148.0,82.0,116.0,8.2,23.0,0,1,1,1.5,6,9,1,1,1,1
33,male,32.7,137.0,67.0,110.0,8.1,10.0,0,0,0,2.7,5,10,1,1,1,1
71,male,25.5,139.0,65.0,116.0,8.8,148.0,1,0,0,1.7,9,5,0,1,1,1
63,male,23.1,150.0,78.0,119.0,9.0,0.0,0,0,1,2.6,2,5,1,1,1,1
78,male,17.9,143.0,83.0,97.0,7.1,162.0,1,1,0,1.9,7,5,1,1,1,1
69,female,25.7,147.0,89.0,130.0,6.5,26.0,0,0,0,1.5,2,9,1,1,1,0
20,female,20.5,134.0,70.0,105.0,6.8,47.0,1,1,0,1.4,5,5,1,0,1,0
52,female,38.0,149.0,84.0,128.0,6.6,23.0,1,0,0,2.4,3,4,1,1,1,0
58,male,31.2,141.0,86.0,139.0,6.5,180.0,0,1,0,2.2,9,8,1,1,1,1
23,female,13.9,114.0,68.0,107.0,6.6,80.0,0,0,0,1.1,6,4,0,1,0,0
42,male,29.7,121.0,71.0,121.0,8.3,22.0,1,1,0,2.2,6,8,1,1,1,1
30,male,30.8,118.0,69.0,125.0,5.1,5.0,0,1,1,1.6,3,7,1,1,1,1
70,male,24.4,150.0,76.0,116.0,8.2,518.0,0,0,0,1.7,9,8,0,1,0,1
51,female,29.2,122.0,85.0,129.0,6.8,150.0,0,1,1,2.7,7,2,1,1,1,0
25,male,26.7,134.0,77.0,121.0,4.9,137.0,0,0,0,3.0,5,4,1,1,1,1
38,female,43.3,148.0,77.0,101.0,7.6,84.0,1,0,1,1.4,10,3,1,1,1,0
51,female,29.3,131.0,84.0,143.0,4.8,69.0,0,0,0,0.5,7,7,1,1,1,0
21,male,28.0,127.0,74.0,115.0,6.9,191.0,0,1,1,1.9,10,9,0,1,0,1
42,male,32.2,141.0,75.0,129.0,9.6,210.0,0,0,0,2.4,2,6,0,1,1,1
32,female,16.2,123.0,71.0,117.0,6.2,8.0,0,1,1,1.7,6,4,1,0,1,0
21,female,22.5,132.0,72.0,105.0,6.3,235.0,1,0,0,1.4,5,10,0,1,0,0
62,female,17.6,124.0,75.0,109.0,7.8,172.0,0,0,0,1.2,6,4,0,1,1,0
77,female,16.6,145.0,87.0,122.0,7.6,80.0,1,0,1,1.8,8,3,1,1,1,0
29,female,25.7,122.0,71.0,145.0,7.6,78.0,0,1,0,0.9,3,6,1,0,1,0
49,female,35.5,127.0,70.0,125.0,6.2,216.0,0,0,0,1.6,10,3,1,1,1,0
49,male,13.8,119.0,73.0,99.0,7.4,189.0,0,0,1,1.6,8,5,0,1,0,1
45,female,26.4,130.0,73.0,133.0,6.1,18.0,0,1,1,2.1,9,5,1,1,1,0
30,female,23.8,126.0,64.0,85.0,7.4,96.0,0,0,1,2.3,5,5,0,0,1,0
48,female,34.1,132.0,81.0,124.0,6.6,418.0,0,0,0,1.5,5,7,0,1,0,0
31,female,37.8,131.0,55.0,116.0,7.8,160.0,0,0,0,1.1,7,5,1,0,1,0
37,male,21.8,125.0,74.0,118.0,8.0,433.0,0,0,0,1.0,4,1,0,1,0,1
35,male,42.7,133.0,64.0,131.0,7.4,180.0,0,0,1,2.4,3,7,1,0,1,1
46,female,26.7,130.0,75.0,105.0,5.8,89.0,0,0,0,2.7,3,7,0,1,1,0
77,female,21.8,148.0,81.0,131.0,4.8,111.0,1,0,0,1.1,9,10,1,1,1,0
23,female,28.1,139.0,76.0,102.0,5.3,148.0,0,0,0,2.9,10,3,0,0,0,0
49,male,26.1,137.0,80.0,118.0,5.5,157.0,0,1,1,2.9,1,6,1,1,1,1
46,male,18.2,130.0,66.0,105.0,10.0,165.0,0,0,0,1.3,9,5,0,0,0,1
60,male,36.3,145.0,81.0,140.0,7.7,320.0,1,0,0,1.7,8,1,0,1,1,1
79,male,28.7,146.0,76.0,124.0,7.1,44.0,0,0,0,2.2,1,7,1,1,1,1
19,male,30.2,130.0,67.0,76.0,6.1,212.0,0,0,0,1.8,8,4,0,0,0,1
77,male,32.7,158.0,81.0,119.0,8.0,101.0,0,0,0,1.6,4,2,1,1,1,1
40,female,17.1,117.0,69.0,108.0,6.5,260.0,0,0,1,2.5,6,2,0,1,0,0
36,male,29.3,140.0,68.0,109.0,7.2,120.0,0,0,1,2.2,8,8,1,1,1,1
48,male,14.3,141.0,73.0,122.0,7.6,328.0,0,0,0,1.3,1,3,0,1,0,1
68,female,18.0,130.0,79.0,104.0,7.3,66.0,0,0,0,2.1,4,6,0,1,1,0
22,male,34.0,137.0,68.0,124.0,6.9,13.0,0,0,0,2.0,2,8,1,1,1,1
36,female,29.8,145.0,73.0,127.0,5.5,124.0,0,1,0,1.7,1,7,0,1,1,0
51,male,24.1,141.0,74.0,119.0,6.9,179.0,0,1,0,1.5,4,3,0,1,1,1
27,female,31.3,128.0,73.0,121.0,8.2,141.0,0,0,1,1.2,3,9,1,1,0,0
42,female,33.6,143.0,76.0,121.0,7.8,155.0,0,0,0,1.6,9,2,1,1,0,0
19,female,23.8,115.0,72.0,110.0,7.2,4.0,0,1,0,1.5,1,8,1,0,0,0
79,female,35.0,150.0,89.0,129.0,7.9,402.0,1,0,0,2.1,6,7,1,1,1,0
28,female,24.2,120.0,72.0,113.0,5.2,37.0,0,0,0,2.6,4,10,0,1,0,0
67,male,16.9,126.0,72.0,112.0,6.6,64.0,1,1,0,1.6,4,2,0,1,1,1
78,male,20.8,144.0,78.0,119.0,6.7,65.0,0,1,0,2.0,3,5,1,1,1,1
48,female,29.8,139.0,70.0,113.0,5.4,285.0,0,0,1,1.3,2,5,0,1,1,0
73,female,20.2,147.0,72.0,117.0,7.5,163.0,0,0,0,1.8,4,10,1,1,1,0
32,female,22.2,90.0,74.0,128.0,7.7,116.0,0,0,0,2.2,7,2,0,0,0,0
26,male,30.1,130.0,55.0,112.0,7.0,15.0,0,0,1,1.7,7,8,1,1,1,1
40,female,21.6,130.0,71.0,123.0,7.1,47.0,1,0,0,1.6,1,2,0,0,0,0
36,female,27.3,122.0,79.0,122.0,6.0,81.0,1,0,0,1.6,10,7,1,1,1,0
26,female,17.9,118.0,72.0,107.0,6.0,15.0,1,0,1,2.0,3,6,1,0,1,0
52,female,27.8,143.0,81.0,124.0,5.0,102.0,0,1,0,1.7,4,7,1,1,1,0
38,male,21.0,129.0,74.0,111.0,6.6,29.0,0,0,0,1.3,3,9,0,1,1,1
26,female,24.5,125.0,83.0,103.0,6.0,209.0,0,0,0,2.4,6,5,0,0,0,0
45,female,17.0,135.0,64.0,129.0,5.8,212.0,1,0,0,1.4,7,7,0,1,1,0
79,male,30.9,169.0,82.0,144.0,6.9,110.0,0,0,1,2.6,4,4,1,1,1,1
63,female,35.4,145.0,84.0,131.0,6.3,53.0,0,0,0,1.1,7,4,1,1,1,0
68,female,22.7,143.0,74.0,122.0,5.0,5.0,1,0,1,3.0,6,10,1,1,1,0
24,male,21.6,115.0,77.0,113.0,6.1,119.0,0,0,1,2.6,1,9,0,1,1,1
33,male,33.2,150.0,79.0,107.0,6.6,184.0,1,1,0,1.1,1,7,0,1,0,1
33,male,28.3,126.0,64.0,106.0,5.4,188.0,0,1,1,1.8,4,8,0,0,1,1
77,female,23.0,130.0,81.0,101.0,7.3,80.0,0,0,0,1.8,7,9,0,1,1,0
50,female,26.7,141.0,79.0,116.0,6.9,18.0,0,0,0,1.4,4,7,1,1,1,0
21,male,46.9,124.0,87.0,143.0,5.7,8.0,0,0,0,2.6,7,5,1,1,1,1
21,male,19.6,131.0,68.0,101.0,7.8,7.0,0,0,1,2.3,6,4,1,0,1,1
56,male,21.1,140.0,78.0,142.0,8.6,34.0,0,1,0,2.4,4,4,1,1,1,1
57,female,28.0,131.0,79.0,117.0,6.7,18.0,0,0,1,2.3,10,7,1,1,1,0
34,female,43.4,145.0,75.0,131.0,6.5,22.0,0,1,0,1.4,8,1,1,1,1,0
54,male,26.2,135.0,74.0,116.0,6.4,144.0,1,0,0,2.0,1,1,1,1,1,1
56,female,14.7,135.0,60.0,83.0,6.1,24.0,0,0,0,2.1,7,8,0,1,1,0
77,male,31.1,139.0,78.0,128.0,5.6,141.0,0,0,1,1.2,1,6,1,1,1,1
69,female,24.6,132.0,87.0,113.0,6.9,52.0,1,0,1,1.5,6,1,1,1,1,0
46,female,25.6,136.0,74.0,120.0,5.8,179.0,1,0,1,2.0,7,5,1,1,1,0
69,female,19.8,155.0,81.0,134.0,3.4,21.0,0,0,1,1.0,6,8,1,1,1,0
53,female,18.0,127.0,75.0,108.0,9.4,3.0,1,0,0,1.9,4,1,0,1,1,0
77,male,27.4,141.0,82.0,132.0,9.0,11.0,0,1,1,1.7,8,10,1,1,1,1
55,female,28.2,136.0,89.0,119.0,6.9,406.0,0,0,0,0.9,8,8,0,1,0,0
56,female,17.1,122.0,71.0,123.0,5.1,93.0,1,1,0,2.3,2,3,1,1,1,0
67,male,24.7,146.0,75.0,150.0,9.8,112.0,1,0,0,2.9,1,10,1,1,1,1
54,female,18.6,140.0,80.0,131.0,7.5,409.0,0,0,0,1.6,8,10,0,1,1,0
69,male,31.9,151.0,79.0,122.0,6.3,180.0,0,1,0,1.5,7,3,1,1,1,1
79,male,27.3,147.0,78.0,145.0,8.8,14.0,0,0,0,1.9,10,4,1,1,1,1
78,female,16.5,133.0,82.0,122.0,5.5,66.0,1,0,1,2.1,2,8,1,1,1,0
52,female,36.3,159.0,80.0,143.0,4.1,207.0,1,0,0,1.1,5,10,1,1,1,0
24,male,14.9,112.0,67.0,88.0,6.0,131.0,0,1,0,2.2,5,8,0,0,0,1
44,male,36.0,132.0,75.0,125.0,7.7,29.0,1,0,0,1.8,7,2,1,1,1,1
45,male,28.3,121.0,70.0,121.0,9.8,197.0,0,0,1,0.8,2,2,1,1,0,1
39,female,29.6,122.0,65.0,118.0,5.9,98.0,0,0,0,1.5,9,5,0,1,1,0
31,male,28.0,132.0,80.0,118.0,5.3,186.0,0,0,1,1.8,9,1,0,0,0,1
24,male,21.0,119.0,67.0,105.0,6.8,118.0,0,0,0,1.6,5,8,0,0,0,1
54,male,18.0,126.0,63.0,108.0,6.8,75.0,1,0,0,2.0,2,9,1,1,1,1
78,female,29.1,142.0,91.0,124.0,9.2,156.0,0,0,1,1.8,7,4,1,1,1,0
39,male,15.3,121.0,71.0,96.0,7.1,241.0,0,1,0,1.4,4,8,0,1,0,1
22,female,32.2,123.0,73.0,119.0,9.5,75.0,0,0,1,2.7,3,2,1,1,1,0
79,female,17.9,154.0,68.0,118.0,8.6,4.0,0,0,1,0.8,7,7,1,1,1,0
72,male,38.0,149.0,86.0,129.0,8.0,108.0,0,0,0,1.4,7,5,1,1,1,1
19,female,24.1,123.0,67.0,89.0,4.9,11.0,0,0,0,2.4,1,10,0,0,0,0
79,male,30.4,150.0,78.0,137.0,6.3,47.0,0,0,0,2.2,7,3,1,1,1,1
44,female,27.9,135.0,77.0,126.0,7.1,96.0,0,0,1,1.8,10,3,1,1,1,0
38,female,39.5,136.0,78.0,116.0,3.4,51.0,0,0,0,2.7,5,1,1,1,1,0
71,male,38.3,148.0,76.0,137.0,5.9,40.0,0,0,1,1.3,7,1,1,1,1,1
55,male,30.3,145.0,69.0,117.0,6.4,2.0,0,1,1,2.3,8,8,1,1,1,1
32,male,21.2,127.0,72.0,117.0,5.8,38.0,0,0,0,0.9,10,10,1,1,1,1
38,female,15.9,119.0,71.0,100.0,9.5,58.0,0,0,0,1.7,7,5,0,0,0,0
27,female,16.2,98.0,85.0,97.0,7.4,41.0,0,1,0,2.0,10,8,0,1,0,0
40,male,25.5,126.0,60.0,117.0,6.5,119.0,0,0,0,2.1,2,4,1,0,1,1
75,male,28.5,136.0,81.0,123.0,4.4,132.0,0,0,0,1.5,4,7,1,1,1,1
73,female,28.7,139.0,70.0,122.0,6.1,182.0,1,0,1,1.1,6,10,1,1,1,0
56,female,19.0,123.0,72.0,107.0,8.9,25.0,0,1,0,2.9,9,5,1,1,1,0
22,female,26.4,134.0,69.0,105.0,6.0,116.0,0,0,0,1.8,5,4,0,1,1,0
18,male,35.6,138.0,77.0,113.0,6.3,67.0,0,0,0,1.2,2,5,1,1,1,1
30,female,20.1,130.0,74.0,107.0,5.1,47.0,0,0,1,1.5,4,4,0,0,1,0
38,male,18.8,124.0,80.0,106.0,7.0,79.0,0,0,1,2.4,8,3,1,1,1,1
43,female,24.6,127.0,75.0,121.0,7.2,79.0,0,1,0,2.5,4,8,1,1,1,0
67,female,28.6,132.0,85.0,112.0,7.0,122.0,0,1,0,1.4,8,6,1,1,1,0
62,male,24.1,147.0,85.0,145.0,5.3,98.0,0,0,0,3.0,4,1,1,1,1,1
38,male,23.9,136.0,74.0,113.0,7.5,120.0,0,0,1,1.5,8,10,1,1,1,1
70,male,19.2,143.0,83.0,130.0,6.3,472.0,0,0,0,1.4,3,6,0,1,1,1
35,female,25.3,120.0,74.0,119.0,7.1,200.0,0,1,1,1.4,4,8,0,0,1,0
54,female,31.8,138.0,78.0,126.0,7.8,41.0,0,0,0,1.3,10,4,1,1,1,0
62,female,33.4,144.0,75.0,134.0,7.3,91.0,1,1,1,2.0,9,2,1,1,1,0
49,male,35.3,127.0,80.0,131.0,7.6,31.0,0,0,1,1.5,5,4,1,1,1,1
53,female,30.9,151.0,79.0,122.0,7.7,88.0,1,1,0,1.2,3,9,1,1,1,0
34,male,35.7,124.0,78.0,151.0,7.9,149.0,0,0,0,1.5,3,7,1,1,1,1
52,male,18.1,125.0,80.0,125.0,8.1,8.0,1,1,0,2.4,4,10,1,1,1,1
66,male,26.6,128.0,83.0,105.0,8.4,18.0,0,0,1,0.6,2,7,1,1,1,1
77,female,29.0,147.0,71.0,142.0,7.4,1.0,1,0,0,2.2,7,2,1,1,1,0
28,female,35.0,130.0,66.0,121.0,7.9,57.0,0,1,1,1.2,7,3,1,1,1,0
38,male,30.9,142.0,76.0,139.0,7.0,175.0,0,1,0,2.6,9,7,1,1,1,1
69,female,16.3,130.0,69.0,111.0,7.7,72.0,0,0,1,2.9,8,5,1,1,1,0
72,male,14.4,129.0,75.0,87.0,6.2,101.0,0,0,0,1.6,3,8,0,1,1,1
70,male,23.6,143.0,72.0,118.0,4.5,107.0,0,0,1,2.8,5,7,1,1,1,1
43,female,24.9,116.0,74.0,96.0,8.7,11.0,1,0,1,1.3,8,4,0,1,1,0
79,male,39.6,166.0,78.0,131.0,7.1,23.0,0,0,0,1.0,8,4,1,1,1,1
21,male,21.8,111.0,72.0,99.0,7.0,296.0,0,0,0,0.8,2,8,0,0,0,1
51,female,30.7,153.0,70.0,127.0,8.0,74.0,0,0,1,0.9,1,9,1,1,1,0
69,male,16.3,131.0,76.0,118.0,5.9,65.0,1,0,0,1.8,5,8,1,1,1,1
65,male,26.3,130.0,68.0,131.0,6.7,167.0,0,0,0,1.1,1,5,0,1,1,1
77,male,29.0,153.0,73.0,136.0,6.0,6.0,0,0,1,3.3,7,1,1,1,1,1
35,male,16.3,128.0,74.0,128.0,6.6,220.0,1,0,1,1.5,8,6,1,0,1,1
57,male,19.7,139.0,82.0,115.0,6.3,133.0,1,0,1,1.3,6,3,1,1,1,1
52,male,21.1,134.0,80.0,121.0,6.1,19.0,0,0,1,1.5,3,4,1,1,1,1
58,male,26.8,157.0,81.0,132.0,7.3,8.0,1,0,0,2.1,10,10,1,1,1,1
46,female,20.7,120.0,82.0,105.0,4.4,0.0,1,1,0,2.1,1,1,0,1,1,0
69,female,22.9,152.0,83.0,106.0,8.5,42.0,0,0,0,2.4,2,5,1,1,1,0
46,male,28.0,122.0,66.0,123.0,5.9,47.0,0,0,1,2.0,2,8,1,1,1,1
55,male,40.8,160.0,86.0,128.0,7.4,23.0,1,0,0,2.6,10,2,1,1,1,1
59,female,27.7,143.0,83.0,132.0,7.5,41.0,0,0,0,1.8,2,6,1,1,1,0
38,female,23.4,142.0,61.0,121.0,6.4,99.0,1,0,0,1.9,10,10,1,1,1,0
59,female,26.3,147.0,73.0,133.0,7.4,14.0,0,1,1,2.0,5,8,1,1,1,0
30,female,22.4,108.0,81.0,100.0,5.4,27.0,0,1,1,1.7,2,8,1,1,1,0
66,female,24.7,139.0,77.0,115.0,6.1,99.0,0,0,0,1.8,9,7,1,1,1,0
58,male,36.0,135.0,73.0,131.0,6.5,146.0,0,0,0,1.3,6,9,1,1,1,1
34,female,20.0,138.0,76.0,106.0,7.4,321.0,0,0,0,0.9,7,7,0,1,0,0
73,female,28.7,153.0,78.0,133.0,6.4,86.0,1,1,1,2.5,3,10,1,1,1,0
26,female,22.0,125.0,68.0,124.0,6.6,14.0,0,1,0,1.7,10,6,1,1,1,0
58,male,28.5,137.0,83.0,122.0,7.9,107.0,0,1,0,1.3,7,6,1,1,1,1
18,male,26.2,126.0,73.0,93.0,7.3,600.0,0,0,0,2.0,4,4,0,0,0,1
19,male,24.3,115.0,69.0,84.0,9.8,258.0,1,0,0,2.6,8,8,0,0,0,1
77,male,25.6,148.0,81.0,111.0,5.6,182.0,0,1,1,2.3,9,2,1,1,1,1
65,male,28.7,142.0,77.0,109.0,5.1,159.0,0,1,1,2.4,5,10,1,1,1,1
46,male,33.3,132.0,82.0,132.0,9.3,169.0,0,0,0,1.2,3,2,1,1,1,1
50,female,29.4,143.0,68.0,121.0,7.1,11.0,0,1,0,1.3,6,9,1,1,1,0
27,male,29.7,144.0,72.0,116.0,8.5,88.0,1,0,0,1.5,3,8,1,1,1,1
67,male,43.0,141.0,80.0,147.0,5.5,140.0,1,1,1,2.1,6,5,1,1,1,1
75,female,22.9,151.0,80.0,139.0,6.2,9.0,0,1,1,2.1,7,3,1,1,1,0
77,male,33.6,145.0,75.0,131.0,7.0,295.0,0,0,0,1.8,6,4,1,1,1,1
57,female,19.6,139.0,83.0,124.0,6.8,16.0,0,0,0,2.6,4,3,1,1,0,0
38,female,17.1,120.0,66.0,111.0,6.7,11.0,0,0,0,1.9,7,5,1,1,1,0
45,male,26.1,131.0,81.0,98.0,4.7,16.0,0,0,0,2.4,2,8,1,1,1,1
28,female,27.8,126.0,76.0,96.0,6.7,66.0,0,0,1,0.7,5,3,1,0,1,0
72,female,23.4,154.0,79.0,119.0,7.2,94.0,0,0,0,2.1,6,4,1,1,1,0
51,female,23.5,134.0,76.0,119.0,6.4,12.0,1,1,0,3.1,6,9,1,1,1,0
25,female,27.0,123.0,61.0,118.0,8.1,185.0,0,0,0,2.0,5,4,0,0,1,0
76,male,26.0,145.0,76.0,124.0,8.1,27.0,1,0,1,1.8,10,5,1,1,1,1
39,female,18.9,142.0,91.0,88.0,7.1,99.0,1,1,0,1.9,5,4,0,1,1,0
25,male,31.7,134.0,75.0,112.0,5.9,81.0,1,0,0,1.9,8,6,1,1,1,1
66,female,23.0,135.0,79.0,98.0,7.3,283.0,0,0,1,1.1,5,6,1,1,0,0
32,female,27.7,141.0,62.0,112.0,7.4,269.0,0,0,0,2.0,6,6,0,1,0,0
34,female,27.6,132.0,72.0,122.0,6.9,33.0,0,0,0,1.5,10,5,1,1,1,0
77,male,27.3,140.0,78.0,133.0,5.8,93.0,0,0,1,1.7,1,7,1,1,1,1
40,male,31.4,138.0,71.0,114.0,7.9,507.0,0,0,0,1.4,1,3,0,1,0,1
41,male,28.8,132.0,78.0,123.0,7.4,48.0,0,0,0,2.2,1,8,1,1,1,1
62,female,24.8,113.0,74.0,107.0,6.3,9.0,0,1,0,1.0,4,3,0,0,0,0
36,female,20.2,129.0,67.0,101.0,7.0,152.0,0,0,0,1.6,3,3,0,1,0,0
22,female,23.6,114.0,62.0,88.0,5.6,84.0,1,0,0,2.5,5,4,1,0,1,0
49,female,22.3,123.0,67.0,108.0,4.3,337.0,0,1,1,2.4,7,2,0,0,0,0
61,male,27.7,125.0,72.0,114.0,4.8,103.0,0,1,0,1.7,6,6,1,1,1,1
18,female,22.5,122.0,67.0,101.0,7.1,86.0,0,0,0,0.7,3,8,0,1,0,0
40,male,18.3,126.0,69.0,105.0,6.4,296.0,0,0,0,2.7,2,10,0,0,0,1
54,female,36.3,151.0,75.0,132.0,7.3,57.0,0,0,0,1.6,2,9,1,1,1,0
25,male,29.3,121.0,62.0,90.0,7.9,109.0,0,0,1,1.5,3,4,0,0,1,1
30,male,30.0,126.0,67.0,106.0,7.3,224.0,1,0,0,1.9,10,4,0,1,0,1
25,female,33.9,146.0,75.0,130.0,6.0,109.0,1,0,0,1.9,3,1,1,1,1,0
74,female,24.5,128.0,87.0,136.0,7.3,42.0,0,1,1,1.7,3,9,1,1,1,0
40,male,22.8,139.0,82.0,113.0,6.3,98.0,0,1,1,1.9,8,2,1,1,1,1
60,female,20.5,130.0,87.0,117.0,6.4,68.0,0,0,0,2.0,3,4,1,1,1,0
18,female,38.3,155.0,76.0,106.0,8.2,502.0,0,0,1,1.1,6,7,0,1,0,0
62,male,39.3,154.0,81.0,129.0,7.5,6.0,0,0,0,1.4,9,8,1,1,1,1
68,male,24.0,137.0,81.0,132.0,6.3,175.0,1,0,1,2.3,8,10,1,1,1,1
41,male,29.5,123.0,73.0,104.0,5.7,3.0,0,0,1,2.6,6,2,1,0,1,1
52,male,30.8,143.0,82.0,125.0,8.6,111.0,0,0,1,2.4,10,6,1,1,1,1
41,female,30.5,119.0,74.0,126.0,6.7,68.0,0,0,0,1.4,5,1,1,1,0,0
34,male,28.0,136.0,75.0,116.0,5.3,290.0,0,0,1,2.3,5,10,1,1,1,1
22,male,25.5,113.0,67.0,108.0,6.2,93.0,1,0,1,1.4,8,7,1,0,1,1
37,male,20.5,119.0,77.0,108.0,4.5,211.0,1,0,0,1.5,7,2,0,0,0,1
38,female,24.7,108.0,67.0,120.0,3.4,134.0,0,1,0,1.2,5,6,0,0,0,0
57,male,24.0,138.0,72.0,121.0,8.0,71.0,0,1,0,1.7,10,10,1,1,1,1
75,female,14.4,141.0,74.0,121.0,5.7,49.0,0,0,0,1.5,6,3,1,1,1,0
48,male,26.5,135.0,70.0,114.0,5.2,15.0,0,0,0,2.5,5,9,1,1,1,1
63,male,41.6,136.0,85.0,132.0,6.1,2.0,0,1,1,1.1,9,4,1,1,1,1
53,female,20.6,145.0,75.0,121.0,6.4,0.0,0,0,0,2.2,6,2,0,1,1,0
28,male,24.7,125.0,66.0,100.0,6.0,31.0,0,0,0,2.8,3,2,0,0,1,1
69,male,24.0,138.0,74.0,109.0,5.6,99.0,0,0,0,1.6,3,8,1,1,1,1
32,female,18.2,130.0,71.0,133.0,6.7,445.0,0,0,0,2.7,10,2,0,0,0,0
36,male,21.6,124.0,73.0,115.0,6.5,147.0,0,1,1,0.9,10,10,1,0,0,1
24,male,29.5,131.0,67.0,111.0,9.0,9.0,0,0,0,2.6,4,2,1,0,0,1
68,male,24.5,136.0,78.0,114.0,6.3,124.0,0,0,1,1.1,5,7,1,1,1,1
45,male,30.9,143.0,80.0,110.0,6.7,80.0,0,0,0,1.8,9,1,0,1,0,1
68,female,31.6,152.0,78.0,128.0,5.6,121.0,0,0,1,1.0,10,1,1,1,1,0
60,male,24.3,135.0,70.0,119.0,7.6,117.0,0,1,0,2.1,2,6,1,1,1,1
75,female,30.0,149.0,88.0,135.0,9.0,19.0,1,0,0,3.0,2,10,1,1,1,0
22,male,32.9,128.0,77.0,101.0,6.7,302.0,0,0,0,1.5,1,8,0,1,0,1
22,female,35.1,129.0,71.0,103.0,6.0,97.0,1,0,1,0.9,8,10,1,1,1,0
47,male,33.0,129.0,78.0,127.0,7.0,145.0,0,0,0,1.6,1,8,1,1,1,1
71,female,18.2,131.0,74.0,122.0,7.4,59.0,0,1,1,2.3,6,7,1,1,1,0
49,male,28.9,134.0,70.0,132.0,10.0,16.0,0,0,0,2.1,2,4,1,1,1,1
25,female,40.1,135.0,80.0,144.0,6.6,141.0,0,0,0,3.6,9,6,1,1,1,0
27,female,16.5,114.0,79.0,100.0,6.4,343.0,0,1,1,1.8,4,9,0,0,0,0
55,male,21.3,135.0,80.0,124.0,5.3,104.0,1,0,0,2.6,10,4,1,1,1,1
64,female,20.8,120.0,77.0,105.0,6.4,27.0,1,0,1,0.7,5,8,1,1,1,0
49,male,25.3,135.0,73.0,86.0,6.3,117.0,0,0,1,2.8,2,8,1,1,1,1
65,male,41.1,151.0,66.0,125.0,7.5,67.0,0,0,1,1.8,5,6,1,1,1,1
45,male,18.6,136.0,82.0,104.0,6.4,61.0,0,0,0,1.7,7,7,0,1,1,1
34,male,22.4,138.0,68.0,136.0,5.5,294.0,0,1,0,0.8,5,1,0,0,0,1
48,male,19.4,136.0,78.0,92.0,5.4,160.0,0,1,0,1.4,1,2,0,1,0,1
25,female,30.5,143.0,79.0,124.0,6.3,85.0,0,0,0,1.6,9,10,1,1,1,0
57,male,30.6,141.0,83.0,118.0,7.8,65.0,0,1,1,2.1,2,10,1,1,1,1
42,male,24.7,132.0,65.0,121.0,7.0,33.0,0,0,0,1.7,4,5,1,0,1,1
26,male,19.9,129.0,76.0,106.0,7.4,50.0,1,0,1,3.1,6,4,1,1,1,1
19,male,36.1,128.0,71.0,107.0,6.8,93.0,0,0,0,0.7,1,5,0,0,1,1
32,male,26.2,126.0,72.0,126.0,7.3,6.0,0,0,0,2.1,9,5,1,1,1,1
67,male,16.2,147.0,74.0,120.0,6.3,53.0,0,1,0,0.3,9,10,1,1,1,1
20,female,21.4,127.0,66.0,105.0,5.7,82.0,0,0,0,1.8,8,3,0,0,0,0
66,female,28.3,149.0,77.0,129.0,5.7,112.0,1,0,0,2.1,9,6,1,1,1,0
53,male,22.9,128.0,76.0,111.0,5.6,163.0,0,0,0,1.6,4,1,0,1,0,1
79,female,21.3,152.0,73.0,100.0,8.4,2.0,1,0,1,2.7,9,4,1,1,1,0
21,male,27.7,126.0,62.0,113.0,8.1,42.0,0,0,1,2.2,4,10,1,0,1,1
31,male,28.2,121.0,78.0,141.0,6.2,36.0,0,0,0,2.1,5,10,1,1,1,1
58,male,26.3,145.0,78.0,131.0,7.0,88.0,1,1,0,2.0,6,4,1,1,1,1
58,male,37.2,136.0,69.0,134.0,7.7,75.0,0,0,0,1.4,7,9,1,1,1,1
42,male,19.1,109.0,74.0,114.0,6.0,10.0,0,0,0,1.6,3,1,1,0,0,1
75,female,34.3,136.0,80.0,133.0,6.6,172.0,0,0,0,3.1,2,9,1,1,1,0
72,female,27.9,144.0,71.0,100.0,5.6,139.0,1,1,1,1.6,5,8,1,1,1,0
79,female,26.7,160.0,77.0,115.0,5.7,207.0,0,0,0,1.2,10,10,1,1,1,0
67,female,19.3,141.0,78.0,117.0,7.7,14.0,1,0,1,2.7,3,2,1,1,1,0
27,male,23.6,124.0,65.0,120.0,6.9,85.0,1,0,1,2.4,3,2,1,1,1,1
38,female,12.9,133.0,63.0,125.0,6.8,111.0,1,1,1,1.7,7,4,1,0,1,0
53,male,23.4,139.0,72.0,104.0,8.3,6.0,1,1,0,1.2,6,6,1,1,1,1
29,female,31.5,139.0,68.0,125.0,6.2,385.0,0,0,0,2.6,3,3,0,1,0,0
44,female,17.3,136.0,65.0,82.0,7.7,190.0,0,1,0,1.6,7,9,0,0,0,0
57,female,32.6,140.0,72.0,122.0,5.7,34.0,0,1,0,2.2,10,7,1,1,1,0
19,female,21.8,119.0,72.0,105.0,6.3,119.0,0,0,1,2.4,10,1,1,0,0,0
71,male,28.1,139.0,74.0,147.0,5.9,19.0,1,0,0,1.8,6,10,1,1,1,1
30,female,21.0,131.0,77.0,98.0,5.8,248.0,1,1,0,2.4,1,4,0,1,0,0
70,female,34.7,139.0,94.0,128.0,9.1,12.0,0,0,0,1.6,5,3,1,1,1,0
49,male,26.0,128.0,74.0,130.0,5.1,281.0,0,0,0,1.4,4,4,1,1,0,1
48,male,22.3,132.0,86.0,106.0,5.9,211.0,0,0,0,0.9,3,6,0,1,0,1
33,female,31.6,133.0,78.0,112.0,4.1,78.0,0,0,1,2.4,3,3,1,1,1,0
49,male,25.8,140.0,76.0,101.0,6.1,127.0,0,0,0,1.5,8,9,1,1,1,1
49,male,21.0,132.0,73.0,121.0,6.6,34.0,0,1,0,1.9,3,10,1,1,1,1
77,male,16.1,138.0,65.0,100.0,7.9,58.0,1,0,0,2.0,2,9,0,1,1,1
51,female,29.3,144.0,74.0,134.0,6.1,29.0,0,0,0,1.9,5,4,1,1,1,0
28,male,31.7,138.0,67.0,102.0,5.3,90.0,0,0,0,1.6,10,9,0,1,1,1
27,female,11.2,104.0,73.0,89.0,6.1,46.0,0,0,0,1.5,3,2,0,0,0,0
32,female,28.1,138.0,83.0,101.0,7.1,52.0,0,0,0,1.8,10,9,1,1,1,0
34,female,23.1,125.0,73.0,108.0,7.8,70.0,0,0,1,0.4,3,4,1,0,1,0
57,female,31.6,155.0,80.0,138.0,6.0,247.0,0,1,0,0.4,8,10,1,1,1,0
35,male,28.4,126.0,80.0,108.0,5.6,95.0,1,1,1,2.2,9,4,1,1,1,1
72,female,28.7,138.0,80.0,116.0,6.3,197.0,0,0,1,2.7,2,10,1,1,1,0
26,male,28.5,133.0,80.0,113.0,7.2,227.0,0,0,1,2.1,1,3,1,1,1,1
42,female,34.7,155.0,91.0,123.0,7.8,34.0,0,0,1,2.8,8,2,1,1,1,0
57,male,23.8,124.0,84.0,127.0,5.5,180.0,0,0,1,2.2,10,8,1,1,1,1
76,female,33.3,157.0,78.0,117.0,5.9,126.0,0,0,1,2.1,10,5,1,1,1,0
31,male,24.4,131.0,77.0,114.0,4.1,85.0,0,0,0,1.0,6,10,1,1,1,1
77,female,41.5,155.0,80.0,155.0,4.1,11.0,0,0,0,2.0,9,6,1,1,1,0
75,female,21.3,159.0,76.0,109.0,5.4,102.0,0,1,0,1.3,1,3,0,1,1,0
42,male,41.0,126.0,88.0,132.0,5.5,20.0,0,0,1,1.0,5,4,1,1,1,1
67,female,35.1,157.0,75.0,119.0,6.2,203.0,0,0,0,2.2,5,2,1,1,1,0
39,female,30.2,142.0,73.0,132.0,7.2,327.0,1,1,1,1.9,3,3,1,1,1,0
69,female,19.2,149.0,83.0,138.0,6.7,78.0,0,0,0,2.0,2,10,1,1,1,0
47,male,30.3,146.0,71.0,107.0,7.2,70.0,0,0,1,1.6,9,5,1,1,1,1
37,female,20.5,129.0,60.0,113.0,8.0,81.0,0,0,1,2.8,7,4,0,0,1,0
38,female,29.0,130.0,65.0,122.0,7.1,8.0,0,0,1,2.2,9,10,1,1,1,0
61,male,40.7,144.0,78.0,137.0,6.5,32.0,0,0,1,1.4,3,10,1,1,1,1
49,male,26.4,140.0,75.0,116.0,7.4,339.0,0,0,1,1.8,1,2,0,1,1,1
68,male,29.0,145.0,77.0,120.0,4.3,51.0,0,1,0,0.9,2,2,1,1,1,1
63,male,26.3,139.0,74.0,104.0,6.5,107.0,0,0,1,1.1,6,6,1,1,1,1
66,male,18.6,133.0,76.0,115.0,7.6,126.0,0,0,1,1.5,6,9,1,1,1,1
73,female,19.4,138.0,74.0,130.0,6.6,252.0,0,1,0,1.9,2,7,0,1,1,0
38,female,24.7,136.0,69.0,127.0,7.1,33.0,1,0,0,1.8,9,8,1,1,1,0
52,female,30.0,139.0,78.0,125.0,6.5,265.0,1,0,1,1.8,10,4,1,1,1,0
75,male,33.0,159.0,82.0,120.0,7.6,60.0,0,1,1,0.3,1,2,1,1,1,1
49,female,34.1,129.0,84.0,110.0,8.0,306.0,1,0,1,1.0,4,7,0,1,1,0
47,male,41.4,149.0,92.0,124.0,4.1,64.0,0,0,0,1.4,4,1,1,1,1,1
72,male,20.3,133.0,64.0,97.0,5.9,13.0,0,1,1,2.2,1,1,1,1,1,1
56,female,28.4,149.0,80.0,92.0,4.2,6.0,1,0,0,1.6,5,5,1,1,1,0
66,male,24.2,151.0,78.0,105.0,3.0,410.0,0,0,0,1.8,6,3,0,1,1,1
29,male,21.4,113.0,78.0,112.0,7.6,16.0,0,0,0,1.6,9,6,0,1,1,1
58,female,20.6,129.0,72.0,96.0,7.8,93.0,0,1,0,2.7,8,4,0,1,1,0
64,male,17.3,130.0,73.0,119.0,6.1,90.0,0,0,0,2.0,4,7,1,1,1,1
35,male,20.6,136.0,64.0,99.0,5.9,62.0,0,0,0,1.6,6,1,0,0,0,1
38,female,39.7,134.0,84.0,142.0,6.6,65.0,0,0,0,2.7,7,6,1,1,1,0
30,male,29.9,135.0,74.0,109.0,10.0,77.0,1,1,0,1.5,6,2,0,1,0,1
79,male,33.1,146.0,89.0,128.0,5.4,13.0,0,0,0,1.6,5,3,1,1,1,1
38,female,30.7,142.0,72.0,110.0,5.0,188.0,0,1,1,0.9,1,10,1,1,1,0
79,female,28.3,158.0,76.0,120.0,7.6,57.0,0,0,0,2.2,7,5,1,1,1,0
25,female,28.1,140.0,77.0,114.0,7.6,34.0,1,0,0,1.8,7,6,1,1,0,0
63,female,24.0,138.0,75.0,124.0,7.3,46.0,0,1,1,2.1,5,1,1,1,1,0
57,male,22.2,136.0,79.0,117.0,6.9,114.0,0,0,1,2.6,9,5,1,1,0,1
63,male,32.4,144.0,82.0,113.0,6.4,179.0,0,0,0,2.9,3,3,0,1,1,1
24,female,20.6,122.0,70.0,111.0,4.9,20.0,0,0,0,1.6,1,9,1,1,1,0
40,male,25.6,128.0,70.0,101.0,9.2,108.0,0,0,1,1.9,5,8,1,1,1,1
61,male,24.6,148.0,79.0,107.0,9.3,66.0,0,1,1,1.9,4,10,1,1,1,1
49,female,20.1,126.0,69.0,106.0,6.2,238.0,0,1,1,2.0,6,3,0,1,1,0
28,female,30.8,129.0,74.0,125.0,8.6,358.0,0,1,0,1.8,2,4,0,1,0,0
39,male,30.7,136.0,85.0,106.0,7.2,136.0,1,1,0,2.5,5,10,1,1,0,1
39,female,32.8,139.0,83.0,126.0,4.5,107.0,1,1,1,1.6,8,4,1,1,1,0
60,female,22.1,128.0,73.0,87.0,4.6,182.0,0,1,0,2.9,8,9,0,1,1,0
42,female,30.8,133.0,77.0,126.0,7.8,82.0,0,0,0,1.6,2,4,1,1,1,0
39,male,30.1,134.0,72.0,131.0,8.5,7.0,0,0,1,1.4,3,9,1,1,1,1
45,female,32.3,144.0,78.0,130.0,7.3,145.0,0,0,0,1.3,9,4,1,1,1,0
46,male,28.4,134.0,70.0,119.0,7.1,104.0,0,0,0,1.5,7,6,1,1,1,1
30,male,28.3,128.0,69.0,106.0,5.7,20.0,0,1,0,1.8,9,5,1,0,1,1
35,male,39.1,139.0,88.0,114.0,5.3,29.0,0,1,0,0.8,4,6,1,1,1,1
19,female,20.1,128.0,70.0,94.0,7.8,31.0,0,0,0,0.7,7,8,0,0,0,0
46,female,19.6,114.0,70.0,104.0,6.9,158.0,1,0,1,1.3,7,9,1,1,1,0
38,female,23.7,130.0,60.0,124.0,6.6,88.0,0,0,0,1.9,7,2,1,1,1,0
32,female,20.4,134.0,72.0,106.0,8.4,6.0,1,1,0,1.9,10,1,0,0,1,0
69,female,16.6,131.0,88.0,125.0,9.0,218.0,0,1,0,1.6,5,2,0,1,0,0
44,male,28.9,129.0,72.0,156.0,7.6,124.0,0,0,0,1.9,6,4,1,1,1,1
67,male,35.9,158.0,79.0,152.0,5.6,159.0,1,0,1,1.6,4,6,1,1,1,1
48,male,20.7,129.0,74.0,113.0,6.9,333.0,1,0,0,1.4,9,5,0,1,0,1
32,female,19.3,122.0,67.0,100.0,6.2,36.0,0,0,0,2.2,4,4,0,1,0,0
68,male,23.6,144.0,91.0,132.0,6.6,107.0,0,1,1,1.9,9,8,1,1,1,1
40,male,27.2,108.0,80.0,126.0,5.2,171.0,1,0,1,2.0,9,3,1,1,1,1
41,female,19.1,113.0,76.0,116.0,8.4,86.0,0,1,1,1.8,5,1,0,0,1,0
61,female,20.1,141.0,88.0,134.0,6.2,80.0,1,1,0,1.9,9,9,1,1,1,0
30,male,46.1,138.0,89.0,119.0,8.9,317.0,0,0,1,2.1,9,7,1,1,1,1
39,male,27.8,131.0,75.0,120.0,6.6,34.0,0,0,0,3.0,3,4,1,1,0,1
60,female,28.6,136.0,76.0,123.0,6.2,127.0,0,0,0,1.5,3,10,1,1,1,0
54,female,17.2,130.0,72.0,120.0,5.9,422.0,0,0,0,1.4,4,10,0,1,1,0
78,female,26.3,157.0,76.0,122.0,5.9,30.0,0,1,1,2.7,8,1,1,1,1,0
50,female,26.2,137.0,74.0,123.0,7.1,74.0,0,0,1,1.4,3,9,1,1,1,0
73,male,28.3,155.0,76.0,106.0,6.7,445.0,0,0,0,1.8,2,3,0,1,1,1
20,male,37.3,129.0,67.0,119.0,7.8,4.0,1,1,0,1.4,6,4,1,1,1,1
71,female,26.4,144.0,64.0,146.0,5.8,119.0,1,0,1,2.4,3,4,1,1,1,0
36,male,26.7,133.0,80.0,109.0,7.1,62.0,0,1,0,1.6,9,1,1,1,1,1
40,male,33.7,140.0,60.0,121.0,8.4,177.0,0,0,0,1.3,10,4,1,1,0,1
46,female,20.6,124.0,75.0,125.0,8.6,47.0,0,0,0,1.5,9,10,1,1,1,0
47,male,20.9,131.0,79.0,119.0,5.9,56.0,1,0,1,2.2,10,2,1,1,1,1
56,male,18.0,128.0,76.0,93.0,6.4,87.0,1,1,0,1.8,6,4,0,1,1,1
61,male,31.3,155.0,78.0,125.0,6.0,51.0,0,0,0,1.8,5,7,1,1,1,1
64,female,30.7,130.0,80.0,131.0,5.7,36.0,0,0,1,2.1,2,8,1,1,1,0
42,female,20.4,134.0,70.0,127.0,7.7,53.0,0,0,0,1.1,8,7,1,1,1,0
54,male,26.8,131.0,76.0,134.0,5.3,286.0,0,1,0,2.1,3,1,0,1,1,1
64,female,18.7,128.0,73.0,115.0,9.6,50.0,0,0,0,2.6,5,4,1,1,1,0
25,female,18.0,118.0,65.0,111.0,7.1,276.0,1,0,1,2.4,10,7,0,0,0,0
59,female,21.2,147.0,82.0,116.0,6.6,28.0,0,1,0,1.5,4,6,1,1,1,0
75,male,15.5,134.0,81.0,110.0,9.4,134.0,0,1,1,1.6,3,6,1,1,1,1
33,male,21.8,112.0,71.0,123.0,5.1,164.0,0,0,0,1.0,3,6,0,0,1,1
25,female,19.9,114.0,70.0,118.0,5.8,14.0,0,0,1,1.8,9,6,1,0,1,0
18,male,28.3,125.0,67.0,114.0,5.2,94.0,0,0,0,0.7,2,6,0,0,0,1
61,male,18.9,123.0,77.0,107.0,6.8,2.0,0,0,1,1.1,3,6,1,1,1,1
22,male,24.7,129.0,70.0,109.0,6.0,316.0,0,0,0,1.6,5,8,0,0,1,1
20,male,32.9,115.0,71.0,116.0,5.1,89.0,1,0,0,1.4,4,2,1,0,1,1
18,male,40.6,128.0,76.0,133.0,5.3,4.0,0,0,0,2.1,9,1,1,0,1,1
21,female,20.7,127.0,70.0,101.0,7.2,138.0,0,1,1,2.6,5,6,1,1,0,0
57,male,27.7,135.0,72.0,122.0,7.6,260.0,0,0,1,1.9,10,7,1,1,1,1
52,male,25.6,125.0,81.0,121.0,5.0,161.0,0,0,1,2.4,5,10,1,1,1,1
49,male,15.0,128.0,78.0,105.0,6.5,17.0,0,1,1,1.8,7,9,1,1,1,1
59,female,21.2,132.0,71.0,120.0,6.3,93.0,0,0,1,2.1,4,3,1,1,1,0
51,female,24.6,145.0,94.0,119.0,5.9,159.0,0,1,0,1.8,5,1,0,1,1,0
60,female,29.7,148.0,72.0,115.0,8.9,193.0,0,0,1,2.3,1,6,1,1,1,0
42,male,26.2,137.0,78.0,109.0,6.7,2.0,0,0,1,2.7,7,10,1,1,1,1
27,female,15.1,120.0,72.0,85.0,7.0,40.0,0,0,1,2.3,4,5,0,0,1,0
38,female,23.8,128.0,77.0,104.0,7.7,259.0,0,1,0,0.9,2,4,0,1,1,0
63,female,26.5,139.0,88.0,140.0,6.9,36.0,0,0,0,1.1,7,10,1,1,1,0
56,female,37.1,131.0,78.0,138.0,6.8,77.0,0,0,0,2.0,8,10,1,1,1,0
44,male,23.7,132.0,74.0,105.0,7.9,143.0,0,0,0,1.9,9,7,1,1,0,1
44,female,28.2,128.0,78.0,116.0,6.0,509.0,1,0,0,2.4,8,5,0,1,1,0
19,female,25.6,122.0,60.0,98.0,6.2,67.0,0,0,0,1.7,8,4,0,0,1,0
58,male,18.7,135.0,75.0,123.0,5.5,84.0,0,1,0,1.3,8,10,1,1,1,1
65,male,24.4,137.0,79.0,124.0,8.6,98.0,0,0,1,1.5,7,10,1,1,1,1
30,female,18.3,130.0,66.0,114.0,7.5,32.0,0,1,0,1.5,2,10,1,1,1,0
26,male,22.0,115.0,84.0,104.0,7.1,55.0,1,0,0,1.9,2,9,1,1,1,1
69,female,29.3,141.0,81.0,139.0,8.8,68.0,1,0,1,2.0,9,8,1,1,1,0
53,male,25.2,134.0,71.0,104.0,5.2,2.0,0,0,0,2.4,1,4,1,1,1,1
39,male,20.2,137.0,68.0,103.0,6.7,1.0,1,1,0,1.1,1,4,1,1,1,1
59,female,19.1,135.0,70.0,110.0,4.9,30.0,0,0,1,1.4,7,10,1,1,1,0
43,male,32.7,137.0,72.0,132.0,5.0,86.0,1,0,0,2.4,10,9,1,1,1,1
75,female,28.5,154.0,82.0,122.0,8.3,374.0,1,1,0,2.2,6,8,0,1,1,0
71,male,25.6,140.0,81.0,113.0,9.0,432.0,0,0,0,2.3,6,7,0,1,1,1
29,female,19.6,130.0,73.0,106.0,6.3,125.0,0,0,0,2.2,8,1,0,1,1,0
34,male,28.1,134.0,78.0,145.0,6.3,211.0,1,1,1,1.2,4,4,1,1,1,1
31,male,24.4,137.0,75.0,100.0,6.2,277.0,0,0,1,2.8,5,1,0,1,0,1
31,male,19.8,121.0,84.0,122.0,9.0,219.0,0,1,0,1.3,5,5,1,1,0,1
74,male,26.8,143.0,85.0,126.0,6.0,94.0,0,0,1,2.0,6,4,1,1,1,1
51,male,22.0,135.0,68.0,115.0,9.0,146.0,0,0,0,2.7,1,7,0,0,1,1
70,female,28.2,144.0,79.0,119.0,6.9,0.0,0,0,1,0.9,4,8,1,1,1,0
74,male,31.6,155.0,74.0,138.0,6.2,125.0,0,0,0,1.9,3,1,1,1,1,1
37,female,19.3,125.0,71.0,121.0,7.1,67.0,1,0,0,1.1,7,5,0,1,1,0
28,female,21.7,116.0,62.0,126.0,9.3,124.0,1,0,0,2.4,1,10,1,0,1,0
33,female,26.4,140.0,71.0,117.0,7.0,142.0,0,0,1,1.1,2,7,1,1,1,0
68,male,14.1,151.0,74.0,105.0,6.5,12.0,0,0,0,1.3,8,3,1,1,1,1
48,female,30.0,125.0,68.0,143.0,7.5,249.0,1,0,1,2.1,2,9,1,1,1,0
72,male,38.8,156.0,83.0,131.0,6.5,23.0,0,0,0,2.2,9,8,1,1,1,1
23,female,25.4,130.0,69.0,100.0,5.3,1.0,0,0,0,1.9,4,5,1,0,1,0
73,female,35.0,152.0,75.0,137.0,6.7,67.0,0,0,0,2.2,3,3,1,1,1,0
36,female,18.9,138.0,77.0,96.0,7.9,11.0,0,0,1,2.3,4,3,1,1,0,0
54,female,19.0,122.0,72.0,107.0,7.4,375.0,1,1,0,2.0,9,3,0,1,0,0
75,female,27.7,142.0,86.0,135.0,5.1,40.0,0,0,0,1.6,7,2,1,1,1,0
21,male,20.1,121.0,70.0,139.0,7.8,30.0,0,1,1,1.0,4,1,1,0,1,1
64,female,35.9,155.0,78.0,138.0,7.5,36.0,1,0,0,1.2,7,1,1,1,1,0
78,female,32.0,160.0,75.0,146.0,7.0,40.0,0,0,0,2.4,8,9,1,1,1,0
21,male,22.1,112.0,63.0,100.0,8.2,8.0,0,1,1,2.0,8,7,1,0,0,1
37,male,31.0,119.0,76.0,122.0,8.0,93.0,0,1,1,1.7,6,7,1,0,1,1
27,male,15.6,126.0,71.0,79.0,7.9,2.0,0,1,0,1.5,1,10,0,1,0,1
41,female,22.2,131.0,68.0,96.0,4.5,165.0,0,1,0,0.9,10,2,1,1,1,0
71,female,25.8,145.0,71.0,126.0,7.6,175.0,0,1,1,2.3,3,4,1,1,1,0
52,female,19.7,139.0,78.0,118.0,6.4,61.0,0,1,0,1.5,6,8,1,1,1,0
43,female,28.2,128.0,79.0,128.0,7.2,424.0,0,1,1,1.7,1,6,0,1,0,0
54,female,33.0,139.0,73.0,124.0,5.6,183.0,1,0,0,2.3,5,4,0,1,1,0
55,female,36.6,148.0,78.0,148.0,8.0,16.0,0,0,0,1.4,2,10,1,1,1,0
38,male,25.9,123.0,77.0,121.0,8.2,469.0,1,0,0,1.9,1,3,0,1,0,1
71,male,35.4,145.0,75.0,111.0,6.7,224.0,0,0,1,1.7,10,2,1,1,1,1
57,female,19.8,136.0,69.0,93.0,4.6,146.0,0,0,1,1.8,3,4,1,1,1,0
56,female,19.0,138.0,79.0,115.0,7.5,127.0,0,0,0,1.2,2,4,1,1,0,0
38,female,26.9,120.0,68.0,113.0,7.1,111.0,0,0,0,2.1,6,1,0,1,0,0
27,female,24.6,131.0,72.0,113.0,4.3,555.0,0,0,0,2.0,6,8,0,1,0,0
55,female,20.2,138.0,75.0,111.0,6.8,78.0,0,0,0,2.3,7,8,1,1,1,0
63,male,26.1,134.0,70.0,115.0,7.9,22.0,0,0,1,1.8,7,6,1,1,1,1
21,male,32.4,146.0,79.0,107.0,3.9,42.0,0,0,0,1.0,5,5,0,1,1,1
77,female,20.6,136.0,68.0,121.0,6.9,56.0,0,0,0,1.7,3,1,0,1,1,0
74,male,25.2,151.0,80.0,135.0,7.1,46.0,0,0,0,1.0,6,8,1,1,1,1
62,female,28.6,144.0,75.0,111.0,7.1,4.0,0,0,1,2.8,3,7,1,1,1,0
37,female,21.7,124.0,73.0,109.0,6.5,9.0,0,0,0,1.6,5,3,1,0,0,0
34,female,31.8,133.0,73.0,136.0,7.0,1.0,0,0,0,1.8,3,7,1,1,1,0
72,male,14.0,141.0,68.0,93.0,6.5,136.0,0,0,1,1.9,6,7,0,1,1,1
24,male,23.5,147.0,69.0,116.0,6.4,131.0,0,1,1,1.6,4,2,1,1,1,1
21,female,47.3,125.0,80.0,126.0,7.4,8.0,0,0,0,2.5,9,10,1,1,1,0
46,male,28.0,114.0,74.0,110.0,10.0,45.0,1,0,1,1.8,2,3,1,0,1,1
31,male,29.8,122.0,71.0,109.0,6.7,40.0,0,0,1,1.3,7,7,1,1,1,1
20,female,35.2,129.0,62.0,130.0,5.9,73.0,0,0,0,1.7,5,9,1,1,1,0
41,male,34.6,143.0,71.0,122.0,6.6,53.0,0,1,0,2.0,9,6,0,1,1,1
54,male,25.2,137.0,71.0,106.0,6.7,206.0,0,0,0,1.5,10,10,1,1,1,1
33,female,20.8,124.0,76.0,98.0,5.9,257.0,0,0,0,1.6,5,4,0,1,0,0
75,female,29.8,160.0,78.0,123.0,5.9,28.0,0,0,1,2.1,5,10,1,1,1,0
72,male,22.8,136.0,81.0,133.0,5.7,15.0,0,1,0,1.7,2,4,1,1,1,1
69,female,21.8,154.0,72.0,114.0,6.1,219.0,0,0,0,1.9,3,8,0,1,1,0
21,male,31.6,132.0,60.0,114.0,6.9,84.0,0,1,0,1.9,6,8,0,0,0,1
73,female,29.7,159.0,86.0,120.0,6.7,47.0,1,1,0,1.4,4,10,1,1,1,0
79,female,16.8,134.0,72.0,114.0,8.3,6.0,0,1,1,1.5,3,9,1,1,1,0
41,female,28.0,130.0,80.0,116.0,4.1,112.0,0,0,0,0.8,5,4,1,1,1,0
51,female,28.8,126.0,75.0,110.0,6.6,28.0,0,0,1,2.5,9,5,1,0,1,0
47,male,22.8,135.0,82.0,105.0,6.1,5.0,1,0,1,2.0,3,8,1,1,1,1
35,female,16.7,127.0,89.0,99.0,5.2,71.0,0,0,0,1.6,7,8,1,1,1,0
36,female,22.6,144.0,75.0,129.0,5.7,109.0,0,1,1,1.4,9,3,1,1,1,0
48,female,31.7,139.0,69.0,124.0,4.4,23.0,0,1,0,0.6,4,5,1,1,1,0
77,male,24.6,133.0,82.0,115.0,6.6,126.0,1,0,0,0.9,7,10,0,1,1,1
77,male,41.6,163.0,86.0,151.0,6.8,25.0,0,0,0,2.8,7,10,1,1,1,1
36,female,29.8,125.0,67.0,128.0,5.0,3.0,0,1,1,1.1,3,2,1,1,1,0
66,female,29.0,134.0,75.0,115.0,6.7,19.0,0,0,1,1.6,1,6,1,1,1,0
63,female,38.3,154.0,78.0,153.0,6.9,106.0,0,1,1,2.4,4,5,1,1,1,0
36,female,31.0,127.0,77.0,123.0,5.6,121.0,0,0,0,1.1,9,10,1,1,1,0
39,female,26.9,127.0,68.0,121.0,6.9,240.0,0,0,0,1.9,10,8,0,0,0,0
41,female,21.8,141.0,66.0,116.0,6.9,8.0,1,0,0,1.5,7,2,1,1,1,0
62,male,23.6,143.0,69.0,124.0,6.6,367.0,0,0,0,1.4,10,7,0,1,1,1
29,female,24.0,131.0,60.0,109.0,7.8,89.0,0,0,0,1.8,6,5,1,0,0,0
47,female,34.1,128.0,81.0,133.0,8.2,34.0,0,0,0,0.9,5,5,1,1,1,0
75,female,24.9,151.0,79.0,121.0,8.2,55.0,0,1,0,1.5,10,5,1,1,1,0
55,female,26.8,136.0,81.0,139.0,5.7,7.0,0,1,0,1.8,10,5,1,1,1,0
70,female,28.7,142.0,75.0,103.0,6.6,14.0,0,1,0,0.7,1,1,1,1,1,0
48,female,20.2,135.0,69.0,102.0,4.2,257.0,0,0,1,2.7,4,8,1,1,1,0
53,male,24.5,136.0,77.0,122.0,7.7,13.0,0,0,0,2.6,3,2,1,1,1,1
36,male,28.4,120.0,79.0,115.0,7.9,7.0,0,0,0,0.9,3,7,1,1,0,1
65,male,39.8,157.0,88.0,129.0,8.2,109.0,0,0,1,1.4,1,5,1,1,1,1
62,male,19.4,145.0,68.0,118.0,9.2,58.0,0,1,1,2.6,3,4,1,1,1,1
53,male,26.6,132.0,82.0,105.0,8.2,62.0,0,0,0,2.0,10,2,1,1,0,1
47,male,15.3,133.0,81.0,95.0,7.5,15.0,0,1,1,1.9,10,4,1,1,1,1
72,female,29.2,154.0,82.0,126.0,6.9,5.0,0,0,1,2.3,8,6,1,1,1,0
66,female,25.8,127.0,85.0,128.0,10.0,241.0,0,0,0,2.1,4,9,1,1,1,0
72,female,23.6,139.0,81.0,114.0,7.1,59.0,0,0,0,1.8,7,5,1,1,1,0
50,female,26.1,118.0,69.0,97.0,9.9,14.0,0,0,0,1.4,2,3,1,1,0,0
35,female,28.9,136.0,80.0,119.0,5.9,27.0,0,0,0,1.8,7,3,1,0,1,0
69,female,31.6,150.0,82.0,135.0,6.4,13.0,0,0,0,2.7,6,5,1,1,1,0
66,male,18.3,132.0,69.0,103.0,7.8,78.0,0,0,0,2.6,8,4,1,1,1,1
76,female,19.3,141.0,74.0,115.0,3.0,195.0,0,0,1,1.6,8,8,1,1,1,0
45,male,27.2,131.0,77.0,129.0,6.5,60.0,0,1,1,0.8,8,1,1,1,1,1
76,male,17.4,125.0,91.0,105.0,8.4,116.0,1,1,1,1.7,10,10,0,1,1,1
64,female,29.7,154.0,89.0,126.0,6.3,135.0,1,0,0,0.3,4,3,1,1,1,0
28,female,26.9,129.0,60.0,105.0,6.8,149.0,0,1,0,2.1,9,5,1,0,0,0
74,female,26.3,144.0,79.0,152.0,4.7,112.0,0,1,1,1.5,8,4,1,1,1,0
77,female,17.7,140.0,86.0,104.0,6.3,97.0,0,1,1,1.2,4,1,1,1,1,0
71,female,15.4,143.0,73.0,93.0,5.7,78.0,0,0,0,1.1,2,5,0,1,1,0
62,female,18.7,123.0,72.0,123.0,7.8,77.0,0,0,0,1.5,1,1,1,1,1,0
50,female,26.7,129.0,72.0,115.0,7.9,49.0,0,0,1,1.1,2,8,1,1,1,0
34,male,24.7,130.0,78.0,100.0,5.8,84.0,0,0,1,2.1,5,10,1,1,1,1
23,female,37.4,141.0,77.0,115.0,5.6,78.0,0,0,0,0.4,5,6,1,1,0,0
21,female,31.6,108.0,76.0,133.0,8.8,46.0,0,1,0,2.1,10,7,1,1,0,0
37,male,22.5,136.0,71.0,111.0,5.1,43.0,0,1,0,2.3,2,9,1,1,1,1
65,female,30.1,138.0,89.0,144.0,7.8,71.0,0,0,1,2.2,4,8,1,1,1,0
64,female,28.3,140.0,76.0,110.0,6.9,195.0,0,0,1,1.3,8,1,1,1,1,0
44,male,31.5,137.0,81.0,135.0,8.2,34.0,0,0,0,1.7,1,2,1,1,1,1
32,female,24.2,119.0,60.0,100.0,7.1,224.0,0,0,0,1.6,2,2,0,0,0,0
23,female,23.7,114.0,70.0,123.0,6.1,154.0,0,0,0,0.8,2,3,0,0,0,0
64,female,25.2,142.0,74.0,136.0,5.3,36.0,0,0,0,1.1,5,5,1,1,1,0
31,female,22.8,141.0,72.0,98.0,5.3,2.0,0,0,0,2.2,2,6,1,1,1,0
77,female,26.3,139.0,70.0,132.0,5.2,10.0,0,0,1,1.1,8,3,1,1,1,0
28,female,24.4,118.0,81.0,113.0,6.7,257.0,1,1,0,2.7,3,6,0,0,0,0
56,male,26.4,128.0,77.0,132.0,7.9,197.0,1,0,0,2.1,3,6,1,1,1,1
26,female,27.3,125.0,86.0,99.0,5.6,57.0,0,0,0,1.2,8,10,0,1,0,0
43,female,49.6,139.0,86.0,133.0,5.5,8.0,0,1,0,2.4,1,3,1,1,1,0
33,male,24.5,120.0,74.0,113.0,7.0,200.0,0,0,1,1.8,4,4,1,1,0,1
22,male,18.6,122.0,69.0,121.0,8.6,35.0,0,0,0,2.5,7,4,0,0,0,1
74,female,28.2,135.0,84.0,128.0,7.8,367.0,0,0,0,1.9,5,1,0,1,1,0
69,male,19.1,152.0,81.0,106.0,6.7,89.0,0,0,0,2.2,3,10,1,1,1,1
78,female,24.0,136.0,82.0,129.0,5.5,151.0,0,0,1,2.2,8,1,1,1,1,0
27,female,25.9,135.0,85.0,99.0,6.9,74.0,0,1,0,1.6,5,4,1,1,0,0
67,male,18.0,153.0,82.0,96.0,8.0,3.0,0,0,1,1.6,6,8,1,1,1,1
20,female,37.3,140.0,70.0,118.0,7.6,8.0,0,0,0,2.1,1,9,1,1,1,0
30,female,34.3,141.0,70.0,123.0,7.1,447.0,0,0,0,2.0,3,6,0,1,0,0
60,male,28.6,148.0,80.0,126.0,8.2,64.0,0,1,1,2.5,10,3,1,1,1,1
66,male,24.8,143.0,78.0,123.0,8.7,24.0,0,1,0,2.3,4,1,1,1,1,1
47,male,22.6,142.0,76.0,136.0,7.9,153.0,0,0,0,2.1,10,4,1,1,0,1
79,male,17.2,140.0,67.0,138.0,4.2,257.0,0,0,0,0.8,10,2,1,1,1,1
71,female,24.0,150.0,83.0,113.0,8.1,37.0,0,1,0,2.3,4,7,1,1,1,0
62,male,29.3,151.0,76.0,136.0,6.6,102.0,0,0,1,1.9,5,3,1,1,1,1
23,male,21.4,126.0,83.0,133.0,7.0,34.0,1,0,0,1.5,9,8,1,1,1,1
34,male,27.5,128.0,75.0,136.0,6.5,207.0,0,0,1,1.7,4,9,1,1,1,1
76,male,33.6,154.0,81.0,145.0,5.9,11.0,0,0,0,0.3,7,4,1,1,1,1
62,male,27.1,138.0,80.0,121.0,3.7,56.0,0,0,0,2.7,8,5,1,1,1,1
68,female,22.8,137.0,73.0,105.0,7.2,57.0,0,1,0,2.0,7,5,1,1,1,0
70,male,41.4,159.0,93.0,127.0,5.1,122.0,0,0,1,2.9,2,8,1,1,1,1
36,female,19.1,127.0,85.0,114.0,7.5,24.0,0,0,0,3.3,1,1,0,1,1,0
59,male,27.4,146.0,81.0,126.0,6.3,77.0,0,1,0,0.3,5,6,1,1,1,1
52,male,31.3,141.0,81.0,125.0,8.3,96.0,0,1,0,1.4,8,2,1,1,1,1
63,male,27.1,146.0,74.0,134.0,9.1,266.0,0,0,0,1.6,1,9,1,1,1,1
43,male,19.4,140.0,72.0,124.0,6.6,90.0,0,0,0,1.8,2,7,1,1,1,1
68,male,28.0,143.0,82.0,140.0,6.1,17.0,0,0,1,1.2,9,10,1,1,1,1
22,male,19.1,117.0,62.0,113.0,5.9,13.0,0,0,0,2.5,6,9,1,0,0,1
46,male,29.5,140.0,85.0,127.0,7.4,309.0,0,0,0,2.6,1,10,1,1,0,1
54,male,31.4,120.0,68.0,118.0,6.0,467.0,0,0,1,0.9,8,4,0,0,0,1
37,female,30.6,139.0,62.0,120.0,6.8,22.0,0,0,1,2.3,3,5,1,1,1,0
66,male,28.6,137.0,89.0,130.0,5.6,167.0,0,0,0,1.1,4,10,1,1,1,1
38,female,34.6,149.0,81.0,122.0,6.9,35.0,0,0,0,2.0,10,7,1,1,1,0
27,male,18.6,128.0,64.0,86.0,9.0,215.0,0,1,0,1.3,5,3,0,0,0,1
22,female,12.6,124.0,68.0,102.0,5.8,12.0,0,0,0,2.4,9,8,0,0,0,0
53,male,15.2,138.0,74.0,109.0,6.8,69.0,0,0,1,2.4,5,7,1,1,1,1
23,male,36.2,127.0,75.0,118.0,7.4,109.0,0,0,0,1.9,6,6,1,1,1,1
43,male,32.3,134.0,70.0,129.0,8.5,230.0,0,1,0,2.7,7,8,1,1,1,1
21,female,20.1,107.0,71.0,111.0,8.3,233.0,1,0,1,1.6,5,2,0,0,0,0
79,female,18.3,155.0,84.0,134.0,7.7,24.0,0,0,0,2.1,5,5,1,1,1,0
56,female,29.4,130.0,67.0,130.0,7.3,410.0,0,0,0,2.1,2,9,0,1,1,0
56,female,17.0,132.0,71.0,108.0,10.0,122.0,0,1,0,1.7,2,8,0,1,1,0
67,male,21.2,149.0,69.0,135.0,7.7,129.0,1,0,0,2.2,6,1,1,1,1,1
52,male,22.9,147.0,70.0,134.0,7.2,264.0,0,1,1,2.3,10,10,1,1,1,1
18,male,24.2,120.0,72.0,107.0,8.4,46.0,1,1,1,1.4,6,8,1,1,1,1
41,female,26.6,119.0,66.0,131.0,7.6,64.0,0,0,0,2.0,10,2,1,1,1,0
74,male,38.3,154.0,93.0,139.0,10.0,504.0,0,0,0,1.8,6,7,1,1,1,1
53,female,22.4,137.0,75.0,130.0,6.1,2.0,1,0,0,1.9,3,1,1,1,1,0
23,female,31.3,131.0,71.0,131.0,6.7,242.0,1,0,1,2.7,9,3,0,1,1,0
58,female,23.1,135.0,64.0,111.0,5.1,222.0,0,1,0,1.2,7,7,1,1,1,0
71,female,25.3,142.0,79.0,141.0,6.7,37.0,0,0,0,2.5,4,10,1,1,1,0
63,female,22.2,133.0,76.0,119.0,5.3,207.0,0,1,0,1.5,9,1,0,1,1,0
77,male,29.6,150.0,72.0,134.0,7.0,48.0,0,0,1,1.5,4,9,1,1,1,1
61,female,28.0,148.0,72.0,137.0,5.9,119.0,0,0,0,1.6,3,4,1,1,1,0
77,female,25.6,148.0,90.0,123.0,7.8,71.0,0,1,0,1.7,1,5,1,1,1,0
74,male,21.1,142.0,75.0,133.0,6.2,13.0,0,1,1,1.8,4,3,1,1,1,1
48,female,17.8,139.0,73.0,112.0,7.7,271.0,1,0,1,1.4,3,9,0,1,1,0
37,female,30.8,135.0,78.0,113.0,6.5,95.0,0,1,0,0.5,3,6,1,1,1,0
41,male,32.3,136.0,75.0,129.0,8.3,79.0,0,0,0,2.1,6,7,1,1,1,1
42,male,31.8,137.0,84.0,136.0,6.7,254.0,0,0,0,1.6,9,8,0,1,1,1
53,male,34.8,132.0,74.0,128.0,6.2,48.0,0,0,0,1.1,1,1,1,1,1,1
38,female,29.4,124.0,72.0,106.0,4.4,101.0,0,0,1,1.7,9,1,1,1,0,0
47,male,18.3,129.0,70.0,107.0,5.0,257.0,0,0,0,1.7,2,6,0,1,0,1
41,male,21.8,124.0,68.0,103.0,7.8,50.0,1,0,0,3.2,3,6,0,0,1,1
61,male,28.6,141.0,72.0,151.0,5.1,189.0,1,0,0,2.2,9,1,1,1,1,1
59,female,24.2,145.0,76.0,109.0,8.0,87.0,0,0,0,2.4,8,8,1,1,1,0
47,male,28.8,142.0,84.0,93.0,6.2,21.0,1,0,0,1.9,9,10,1,1,1,1
39,female,33.9,139.0,69.0,118.0,6.8,5.0,0,0,0,1.9,8,7,1,1,1,0
45,female,34.7,146.0,76.0,127.0,7.5,156.0,0,1,0,2.0,6,7,1,1,1,0
24,male,26.0,133.0,76.0,111.0,8.2,36.0,0,0,0,1.1,10,4,1,1,1,1
52,female,34.2,149.0,90.0,129.0,4.9,203.0,0,0,1,1.5,9,5,1,1,1,0
72,female,39.5,160.0,88.0,122.0,5.0,25.0,0,0,1,1.4,3,8,1,1,1,0
45,male,28.6,126.0,74.0,120.0,6.5,101.0,0,1,1,1.4,4,10,1,1,1,1
31,female,30.1,115.0,70.0,104.0,8.4,12.0,0,0,0,1.1,1,9,1,1,0,0
73,male,33.4,143.0,88.0,143.0,6.8,160.0,0,0,0,1.4,7,4,1,1,1,1
27,female,22.5,121.0,76.0,95.0,8.3,174.0,0,0,1,2.4,2,9,0,1,1,0
33,female,26.9,137.0,73.0,113.0,4.7,298.0,0,0,0,0.8,1,10,0,1,1,0
33,male,19.7,124.0,70.0,98.0,6.1,99.0,1,0,1,2.2,8,10,0,1,1,1
71,male,22.5,138.0,90.0,133.0,6.9,14.0,0,0,0,3.1,10,9,1,1,1,1
48,female,23.8,135.0,86.0,110.0,5.4,211.0,0,0,0,3.1,9,9,0,1,0,0
59,female,22.9,142.0,78.0,106.0,5.3,45.0,0,0,0,1.8,4,3,1,1,1,0
42,male,26.5,139.0,75.0,129.0,5.8,276.0,0,0,1,1.9,9,4,1,1,1,1
30,female,34.8,130.0,68.0,96.0,6.3,457.0,1,0,0,2.8,3,5,0,1,1,0
23,female,31.9,121.0,73.0,124.0,5.3,17.0,0,1,0,1.3,8,6,1,0,1,0
61,female,24.4,133.0,84.0,124.0,8.4,10.0,0,1,0,2.7,10,10,1,1,1,0
26,female,27.2,128.0,60.0,143.0,7.1,273.0,1,0,1,1.8,5,6,1,1,1,0
62,male,23.2,130.0,80.0,127.0,7.2,275.0,0,0,1,2.8,2,10,0,1,1,1
53,male,28.0,146.0,80.0,127.0,7.2,106.0,0,1,0,1.3,5,1,1,1,1,1
73,male,23.2,135.0,82.0,113.0,8.9,263.0,0,0,1,2.2,6,4,1,1,1,1
60,male,27.8,128.0,73.0,120.0,9.4,320.0,1,1,0,2.5,5,10,1,1,0,1
37,male,28.5,133.0,72.0,120.0,6.4,97.0,0,1,0,1.8,7,7,0,1,1,1
35,male,19.2,123.0,67.0,125.0,7.5,139.0,0,0,0,0.9,4,8,1,0,0,1
75,female,24.0,148.0,90.0,115.0,6.4,114.0,0,1,1,2.4,10,8,1,1,1,0
60,male,18.1,131.0,84.0,92.0,8.0,23.0,0,0,0,2.2,10,6,0,1,0,1
74,female,25.7,148.0,81.0,126.0,8.6,69.0,0,0,1,1.4,7,3,1,1,1,0
38,female,27.3,140.0,74.0,97.0,6.8,137.0,1,0,1,2.0,9,4,1,1,1,0
21,female,27.3,120.0,71.0,121.0,8.0,113.0,0,0,0,1.8,2,4,1,1,0,0
67,male,22.2,144.0,75.0,138.0,6.4,29.0,0,1,1,1.3,9,6,1,1,1,1
50,female,37.5,157.0,67.0,141.0,8.3,289.0,0,1,1,1.2,10,4,1,1,1,0
44,male,30.5,142.0,76.0,115.0,5.6,184.0,0,0,0,0.8,2,5,0,1,1,1
24,female,29.9,121.0,85.0,134.0,5.4,9.0,0,1,0,2.3,7,6,0,1,1,0
23,female,33.9,132.0,75.0,108.0,7.6,51.0,0,0,1,1.5,5,3,1,1,1,0
32,male,26.8,118.0,69.0,102.0,8.3,600.0,0,1,0,2.1,4,3,0,0,0,1
35,female,25.3,120.0,74.0,130.0,7.6,59.0,0,1,1,2.4,7,7,1,1,1,0
49,female,18.0,142.0,71.0,107.0,8.2,131.0,0,0,0,1.3,1,1,1,1,1,0
73,female,17.1,143.0,70.0,119.0,5.7,13.0,1,0,0,1.7,3,4,1,1,1,0
28,female,28.6,141.0,66.0,126.0,6.7,45.0,1,0,0,1.1,2,3,1,1,1,0
37,male,42.4,144.0,78.0,116.0,4.7,257.0,1,1,0,2.3,2,5,1,1,0,1
41,female,27.3,128.0,66.0,110.0,5.2,86.0,0,0,0,0.9,5,2,1,0,1,0
32,female,27.1,129.0,73.0,107.0,8.7,209.0,1,0,1,2.0,10,10,1,1,0,0
65,male,23.1,142.0,76.0,118.0,6.3,1.0,0,0,0,1.6,2,9,1,1,1,1
24,female,26.4,143.0,76.0,102.0,9.2,132.0,0,0,0,2.3,3,5,0,0,0,0
38,female,25.4,136.0,72.0,119.0,7.0,43.0,0,0,0,1.8,7,10,1,1,1,0
59,female,16.6,128.0,68.0,117.0,6.5,237.0,0,0,0,3.0,2,4,0,1,0,0
43,female,34.7,136.0,78.0,124.0,6.5,346.0,1,1,0,1.7,4,4,1,1,0,0
61,male,34.0,149.0,86.0,132.0,8.1,140.0,0,0,1,1.9,2,7,1,1,1,1
73,female,34.5,141.0,78.0,125.0,6.6,19.0,1,0,0,2.3,8,4,1,1,1,0
31,male,33.1,132.0,84.0,119.0,6.9,76.0,0,1,0,2.1,6,10,1,1,1,1
74,female,23.4,142.0,79.0,103.0,7.2,75.0,0,0,0,1.3,8,8,0,1,1,0
54,female,24.3,140.0,73.0,130.0,5.1,213.0,0,1,0,2.0,6,1,0,0,1,0
75,female,25.6,145.0,75.0,119.0,6.9,74.0,0,0,1,1.5,1,10,1,1,1,0
38,male,27.0,120.0,75.0,110.0,6.7,49.0,1,1,1,2.9,9,6,1,1,1,1
35,female,16.6,124.0,70.0,94.0,7.4,113.0,0,0,0,0.5,9,9,0,0,0,0
22,female,26.3,131.0,63.0,112.0,8.1,125.0,0,0,0,2.6,5,5,1,1,0,0
20,male,16.3,129.0,77.0,94.0,6.5,199.0,0,0,0,1.8,10,5,0,1,0,1
40,male,14.6,132.0,68.0,113.0,7.5,277.0,0,0,0,1.0,7,4,0,0,0,1
43,male,26.4,120.0,84.0,104.0,5.0,265.0,1,1,0,1.0,3,9,0,1,0,1
54,male,20.5,123.0,68.0,116.0,9.4,118.0,0,1,0,1.9,2,2,1,0,1,1
41,female,35.3,129.0,83.0,129.0,8.8,89.0,0,0,0,1.1,8,9,1,1,1,0
66,female,36.7,160.0,89.0,142.0,6.4,194.0,1,0,1,2.1,3,6,1,1,1,0
36,female,18.6,130.0,79.0,116.0,6.9,44.0,1,1,0,1.6,2,10,1,1,1,0
68,female,24.4,163.0,80.0,111.0,4.0,170.0,0,0,0,2.0,7,8,0,1,1,0
42,male,27.7,144.0,81.0,118.0,7.7,85.0,1,1,0,0.9,9,4,1,1,1,1
38,female,23.8,130.0,76.0,112.0,5.8,16.0,0,1,0,0.3,6,4,1,1,1,0
29,female,21.1,121.0,64.0,95.0,4.7,168.0,0,0,1,1.0,2,10,0,1,0,0
74,female,19.3,144.0,79.0,119.0,7.2,125.0,0,0,0,2.8,2,1,0,1,1,0
78,female,35.4,159.0,76.0,118.0,5.6,10.0,0,1,1,2.5,1,6,1,1,1,0
58,male,12.5,140.0,65.0,111.0,5.5,72.0,0,1,1,2.2,9,2,1,0,1,1
50,female,25.6,133.0,77.0,133.0,7.8,80.0,0,0,0,2.3,4,5,1,1,1,0
67,female,36.2,166.0,77.0,145.0,8.9,127.0,0,1,0,2.1,4,3,1,1,1,0
70,female,16.3,137.0,85.0,120.0,7.2,136.0,0,0,0,3.2,10,2,0,1,1,0
21,male,25.9,133.0,81.0,113.0,8.4,25.0,0,0,1,1.6,4,10,1,1,1,1
59,male,37.9,149.0,97.0,130.0,6.4,4.0,0,1,0,2.2,1,1,1,1,1,1
74,female,40.7,151.0,75.0,165.0,7.6,190.0,0,0,0,1.6,10,9,1,1,1,0
24,female,35.0,115.0,67.0,116.0,7.1,479.0,0,0,1,2.1,8,1,1,0,0,0
39,female,29.8,124.0,80.0,103.0,7.4,339.0,1,1,1,2.7,9,8,1,1,1,0
72,male,21.1,151.0,75.0,130.0,5.6,83.0,0,0,1,1.5,9,6,1,1,1,1
50,female,22.3,139.0,70.0,121.0,3.6,90.0,0,1,1,0.7,9,4,1,1,1,0
34,female,34.0,139.0,73.0,108.0,8.6,320.0,0,0,1,1.5,6,9,1,1,1,0
41,female,29.3,146.0,75.0,114.0,6.5,94.0,1,0,0,0.8,7,1,0,1,1,0
78,male,14.8,132.0,80.0,119.0,4.4,39.0,0,1,0,1.9,1,4,0,1,1,1
78,female,28.3,144.0,69.0,122.0,6.8,136.0,0,0,1,1.7,5,10,1,1,1,0
51,female,24.8,132.0,78.0,129.0,7.3,78.0,0,0,0,0.9,6,7,1,1,1,0
45,male,24.6,122.0,73.0,106.0,6.9,184.0,1,1,1,0.3,8,4,0,1,0,1
75,male,12.2,131.0,70.0,110.0,7.1,184.0,0,0,1,1.8,1,1,1,1,1,1
60,female,14.1,124.0,82.0,106.0,6.9,330.0,0,0,0,3.8,8,4,0,1,0,0
58,male,28.1,127.0,75.0,128.0,6.4,18.0,0,0,0,1.6,7,6,1,1,1,1
56,female,27.9,132.0,75.0,129.0,7.0,88.0,1,0,0,1.4,2,8,1,1,1,0
39,male,31.7,134.0,74.0,126.0,6.6,185.0,0,0,0,0.9,7,2,0,1,0,1
66,male,27.4,157.0,87.0,102.0,7.1,68.0,0,0,0,2.2,4,9,1,1,1,1
34,female,25.1,121.0,73.0,115.0,7.3,118.0,0,1,0,1.2,10,7,0,1,0,0
51,female,33.7,149.0,77.0,131.0,7.6,204.0,1,0,1,1.0,10,6,1,1,1,0
23,female,24.3,126.0,76.0,116.0,6.2,77.0,1,0,0,2.5,6,3,0,1,0,0
63,male,29.7,147.0,65.0,124.0,7.7,63.0,0,0,1,1.4,9,4,1,1,1,1
23,female,14.1,119.0,69.0,100.0,7.4,24.0,0,0,1,1.9,4,8,1,0,0,0
51,female,19.5,117.0,75.0,106.0,8.4,209.0,1,1,0,2.2,10,7,1,1,1,0
18,female,28.6,116.0,76.0,126.0,7.1,191.0,1,1,0,0.9,2,6,0,0,0,0
27,female,19.0,127.0,72.0,89.0,8.1,163.0,0,1,0,1.3,9,7,0,1,0,0
38,female,31.8,135.0,68.0,125.0,3.9,60.0,0,0,1,2.9,1,9,1,1,1,0
22,male,35.6,117.0,64.0,107.0,5.4,105.0,0,0,1,1.3,6,5,1,0,1,1
19,female,24.8,121.0,74.0,102.0,8.2,16.0,0,0,0,1.5,7,5,1,1,0,0
39,female,37.3,143.0,74.0,125.0,7.2,46.0,0,0,1,1.6,8,10,1,1,1,0
65,male,34.1,136.0,78.0,106.0,5.4,69.0,0,0,0,2.5,4,7,1,1,1,1
74,female,22.0,140.0,73.0,105.0,7.0,5.0,0,0,0,2.8,1,7,1,1,1,0
19,female,18.2,131.0,68.0,83.0,8.2,13.0,0,0,1,1.9,1,5,0,0,1,0
27,female,22.6,129.0,70.0,114.0,5.2,212.0,0,0,1,1.8,1,8,0,1,1,0
51,female,30.9,152.0,70.0,135.0,7.2,426.0,1,0,1,1.5,3,6,0,1,1,0
33,female,34.3,131.0,80.0,102.0,9.6,47.0,0,1,1,2.3,9,4,1,1,1,0
65,male,30.1,153.0,75.0,124.0,5.8,14.0,0,0,0,1.5,6,9,1,1,1,1
68,male,20.5,131.0,85.0,122.0,5.6,329.0,1,1,0,1.7,7,2,0,1,1,1
78,male,21.3,151.0,79.0,126.0,3.6,295.0,0,1,0,2.9,7,2,0,1,1,1
56,female,25.7,132.0,76.0,144.0,6.3,128.0,0,0,0,1.9,2,5,1,1,1,0
39,male,32.1,139.0,66.0,122.0,8.0,50.0,0,1,0,2.1,6,3,1,1,1,1
29,female,19.9,128.0,74.0,95.0,6.1,14.0,0,0,0,1.5,9,3,0,0,0,0
41,female,25.6,137.0,74.0,124.0,10.0,337.0,0,0,0,1.6,4,7,0,1,1,0
64,female,22.2,131.0,77.0,138.0,10.0,304.0,0,0,0,0.8,8,5,1,1,1,0
57,male,25.2,140.0,84.0,104.0,9.1,163.0,0,0,0,2.4,8,6,0,1,0,1
55,male,20.2,134.0,80.0,121.0,5.9,326.0,0,0,0,1.6,3,3,0,1,1,1
77,male,24.2,155.0,86.0,125.0,7.2,18.0,1,0,0,1.7,7,8,1,1,1,1
76,female,33.0,145.0,67.0,121.0,6.0,14.0,0,1,1,2.6,8,5,1,1,1,0
27,male,17.0,111.0,68.0,96.0,6.0,26.0,0,1,1,2.5,6,8,1,0,1,1
52,female,29.6,125.0,67.0,141.0,7.2,29.0,0,1,1,1.4,4,4,1,1,1,0
68,male,19.8,137.0,79.0,128.0,5.4,211.0,1,0,0,1.6,8,4,1,1,1,1
66,male,26.8,139.0,67.0,129.0,4.3,306.0,0,1,1,0.6,4,5,1,1,1,1
49,female,27.4,134.0,82.0,101.0,5.0,29.0,0,0,1,2.1,6,8,1,1,1,0
24,female,25.2,122.0,81.0,118.0,7.1,75.0,0,1,0,2.1,2,4,1,0,1,0
38,male,21.8,139.0,71.0,124.0,9.3,73.0,0,0,1,1.4,2,6,1,1,1,1
37,male,28.4,131.0,76.0,100.0,8.0,24.0,0,0,0,2.0,4,8,1,1,1,1
43,male,26.1,142.0,84.0,117.0,6.7,230.0,1,1,0,2.3,6,3,0,1,1,1
21,female,29.9,129.0,85.0,125.0,7.8,89.0,0,0,0,1.2,3,6,1,1,1,0
63,female,22.1,131.0,86.0,129.0,6.7,100.0,1,0,1,1.7,3,7,1,1,1,0
69,male,25.6,143.0,81.0,131.0,8.2,36.0,0,0,0,1.9,6,8,1,1,1,1
39,male,26.8,144.0,84.0,116.0,7.8,98.0,0,0,0,2.1,10,5,1,1,1,1
32,female,45.0,148.0,73.0,143.0,3.7,189.0,0,0,0,2.1,8,4,1,1,1,0
73,male,25.6,154.0,75.0,127.0,6.0,44.0,0,0,0,1.6,6,10,1,1,1,1
57,female,34.2,147.0,84.0,135.0,7.7,14.0,0,0,0,1.3,8,10,1,1,1,0
38,female,26.0,127.0,74.0,119.0,7.9,105.0,0,0,0,0.8,4,10,1,1,1,0
32,female,26.2,142.0,77.0,100.0,6.2,121.0,0,0,0,1.6,5,4,0,1,0,0
39,female,31.1,139.0,81.0,109.0,4.0,27.0,0,1,0,2.2,3,3,1,1,1,0
69,female,25.5,150.0,84.0,106.0,7.1,34.0,0,0,0,2.9,7,2,1,1,1,0
45,female,27.2,135.0,64.0,113.0,4.8,20.0,1,1,0,2.3,7,10,1,1,1,0
31,male,21.8,117.0,75.0,119.0,5.7,305.0,0,0,0,1.9,6,6,0,0,0,1
44,female,20.6,133.0,69.0,116.0,8.6,29.0,0,1,0,1.8,4,1,1,1,1,0
78,female,35.2,166.0,84.0,135.0,6.2,1.0,1,0,1,1.5,7,6,1,1,1,0
58,male,36.5,152.0,77.0,147.0,5.9,220.0,0,0,0,1.1,3,5,1,1,1,1
57,female,22.1,141.0,73.0,113.0,6.6,195.0,0,0,0,2.3,6,2,0,1,1,0
75,male,41.8,148.0,80.0,147.0,8.0,73.0,0,1,0,2.5,4,10,1,1,1,1
45,female,21.4,143.0,78.0,109.0,6.5,191.0,1,0,0,1.1,5,5,0,1,1,0
43,male,23.8,142.0,73.0,96.0,8.7,72.0,0,0,0,2.6,6,7,0,1,1,1
66,male,31.5,131.0,78.0,119.0,5.6,31.0,1,0,0,2.0,7,1,1,1,1,1
19,female,32.1,134.0,70.0,105.0,5.4,67.0,0,0,0,2.3,7,5,0,1,0,0
42,female,22.7,128.0,77.0,96.0,7.4,80.0,0,0,0,2.9,7,8,0,1,1,0
73,female,25.4,147.0,73.0,123.0,5.9,1.0,0,0,0,1.0,5,8,1,1,1,0
79,female,30.4,143.0,90.0,122.0,7.4,14.0,0,0,0,1.2,10,8,1,1,1,0
20,male,32.6,129.0,69.0,133.0,9.8,249.0,0,0,1,1.7,7,1,1,1,0,1
25,male,20.3,113.0,67.0,103.0,5.2,60.0,0,1,1,1.3,5,8,1,0,0,1
61,male,27.5,134.0,78.0,113.0,7.2,48.0,1,1,1,1.4,5,8,1,1,1,1
50,female,19.2,136.0,76.0,99.0,8.0,263.0,0,0,0,2.4,3,5,0,1,0,0
59,male,29.5,135.0,77.0,111.0,5.9,20.0,0,1,0,1.9,9,6,1,1,1,1
69,female,27.7,148.0,77.0,136.0,6.8,29.0,0,0,1,2.0,9,2,1,1,1,0
52,female,42.2,147.0,87.0,145.0,3.8,211.0,0,0,1,1.9,1,2,1,1,1,0
23,male,20.8,141.0,56.0,82.0,6.8,39.0,0,1,1,1.5,4,1,0,1,0,1
56,female,32.1,136.0,75.0,152.0,5.5,120.0,1,0,0,2.0,3,10,1,1,1,0
69,male,38.5,148.0,77.0,136.0,5.5,161.0,1,0,0,1.7,4,3,1,1,1,1
40,female,24.9,125.0,71.0,127.0,6.5,30.0,0,0,1,2.4,2,2,1,0,1,0
42,male,32.0,147.0,84.0,112.0,6.2,35.0,0,0,0,2.2,6,8,1,1,1,1
76,female,26.7,147.0,75.0,115.0,5.2,87.0,0,0,0,2.1,6,5,1,1,1,0
67,male,25.6,141.0,77.0,120.0,8.8,189.0,0,1,0,1.8,7,7,0,1,1,1
60,male,34.7,151.0,83.0,134.0,7.0,97.0,0,0,1,1.6,6,2,1,1,1,1
36,female,26.0,123.0,69.0,117.0,7.3,8.0,0,1,0,1.1,8,8,1,0,1,0
22,female,40.4,122.0,62.0,137.0,6.1,52.0,1,0,1,3.6,4,1,1,0,1,0
68,male,25.7,145.0,63.0,102.0,6.7,48.0,0,0,1,1.8,2,4,1,1,1,1
28,female,25.0,128.0,80.0,122.0,4.1,198.0,0,0,0,2.2,10,7,0,0,1,0
73,female,24.8,138.0,81.0,130.0,5.4,41.0,1,0,0,2.3,7,1,1,1,1,0
29,female,23.5,129.0,69.0,114.0,8.7,278.0,0,1,0,1.8,1,3,0,0,0,0
27,male,20.3,138.0,68.0,90.0,7.6,49.0,1,0,0,1.7,1,3,1,1,1,1
25,male,26.2,129.0,67.0,101.0,6.2,26.0,0,0,0,1.5,5,5,0,0,1,1
41,female,30.2,119.0,76.0,127.0,7.3,93.0,1,1,1,0.9,5,3,1,1,1,0
77,female,25.9,158.0,84.0,97.0,4.5,59.0,0,0,1,2.9,5,4,1,1,1,0
45,male,28.1,151.0,70.0,96.0,6.3,125.0,0,0,0,1.5,3,6,0,1,1,1
58,female,20.3,140.0,76.0,121.0,6.8,297.0,1,1,0,1.2,6,4,0,1,1,0
53,male,37.4,145.0,74.0,136.0,7.8,339.0,0,1,0,2.7,2,1,0,1,0,1
54,female,27.5,126.0,76.0,112.0,5.7,31.0,1,0,0,1.7,10,7,1,1,1,0
38,female,24.3,123.0,70.0,104.0,6.9,21.0,0,1,1,1.9,8,8,1,0,0,0
25,female,35.7,129.0,80.0,131.0,6.5,338.0,0,0,0,1.6,8,7,0,1,0,0
72,male,29.2,140.0,80.0,138.0,7.3,201.0,0,0,0,0.9,5,5,1,1,1,1
26,male,17.4,117.0,62.0,99.0,7.1,36.0,0,1,0,1.8,6,7,0,0,1,1
64,male,23.9,141.0,76.0,106.0,6.7,196.0,1,0,0,1.8,2,7,0,1,0,1
32,male,21.1,120.0,77.0,126.0,7.2,162.0,0,0,0,1.6,5,1,1,0,1,1
65,female,27.6,155.0,71.0,109.0,6.0,35.0,0,0,1,2.4,8,8,1,1,1,0
63,female,27.9,143.0,76.0,132.0,6.1,283.0,0,0,1,2.2,10,9,1,1,1,0
57,male,33.4,147.0,76.0,142.0,4.8,47.0,0,1,0,2.7,7,1,1,1,1,1
35,female,21.2,131.0,73.0,109.0,7.7,79.0,0,0,0,1.2,9,10,0,1,1,0
59,female,29.4,144.0,76.0,117.0,6.6,113.0,1,1,1,2.2,9,1,1,1,1,0
77,male,27.6,148.0,82.0,109.0,5.4,25.0,0,0,0,3.0,8,3,1,1,1,1
37,female,30.8,141.0,70.0,120.0,5.8,113.0,0,1,0,2.2,2,8,1,1,1,0
23,female,19.7,131.0,68.0,87.0,8.9,147.0,0,0,0,2.2,4,9,0,1,0,0
29,male,22.4,109.0,70.0,113.0,6.5,13.0,0,1,1,1.8,4,2,1,1,1,1
19,female,23.0,110.0,80.0,82.0,7.3,57.0,0,1,1,2.3,8,1,0,0,0,0
24,female,18.9,117.0,71.0,84.0,6.1,114.0,1,1,1,1.3,2,10,1,0,1,0
33,female,32.6,124.0,80.0,121.0,5.3,313.0,0,0,0,1.4,10,4,0,0,0,0
20,male,29.7,120.0,83.0,123.0,6.9,266.0,0,0,1,1.3,9,2,1,0,0,1
62,male,25.4,136.0,78.0,118.0,8.2,22.0,1,0,1,1.6,2,9,1,1,1,1
20,female,25.1,121.0,69.0,121.0,8.7,113.0,0,0,0,1.8,4,9,0,1,0,0
44,female,26.0,121.0,68.0,110.0,8.6,12.0,1,0,0,2.7,3,5,1,1,1,0
67,female,23.4,138.0,70.0,147.0,7.7,42.0,0,1,0,2.5,10,5,1,1,1,0
60,male,38.6,159.0,68.0,117.0,7.5,109.0,0,0,0,1.2,8,9,1,1,1,1
57,male,20.3,133.0,80.0,107.0,5.6,10.0,0,0,0,1.3,1,7,1,1,1,1
55,male,19.3,138.0,77.0,130.0,6.9,264.0,0,0,0,1.5,7,2,0,1,0,1
50,female,35.1,141.0,77.0,124.0,8.1,212.0,0,1,1,1.4,7,6,1,1,1,0
45,female,23.2,133.0,72.0,126.0,8.7,77.0,0,1,1,2.5,9,6,1,1,1,0
18,female,17.2,117.0,62.0,85.0,6.7,81.0,0,0,0,2.8,10,10,0,0,0,0
72,female,21.0,147.0,80.0,109.0,6.3,256.0,0,1,0,1.1,8,1,0,1,1,0
25,female,27.8,120.0,68.0,120.0,5.6,6.0,0,0,0,2.0,6,2,1,1,0,0
54,male,15.4,132.0,71.0,93.0,6.8,19.0,1,0,0,1.6,6,2,0,1,1,1
49,female,32.3,134.0,70.0,109.0,8.3,44.0,0,0,1,0.6,6,1,1,1,1,0
77,female,15.6,146.0,71.0,116.0,6.2,54.0,1,0,1,1.4,5,6,1,1,1,0
65,female,20.4,129.0,81.0,134.0,7.7,525.0,0,1,0,1.7,1,3,0,1,1,0
60,male,19.8,141.0,82.0,120.0,8.3,19.0,0,0,1,1.1,2,9,1,1,1,1
54,female,30.9,142.0,70.0,122.0,6.3,43.0,0,1,1,1.5,6,8,1,1,1,0
21,male,30.1,116.0,76.0,115.0,6.6,211.0,0,1,1,2.2,2,7,0,1,0,1
47,male,35.3,154.0,73.0,105.0,8.5,184.0,0,0,0,1.9,5,5,1,1,1,1
23,male,21.7,127.0,67.0,99.0,7.3,128.0,1,0,1,2.3,10,3,0,0,0,1
63,male,32.2,136.0,86.0,133.0,8.9,48.0,0,0,0,1.1,1,7,1,1,1,1
71,male,35.9,151.0,80.0,136.0,6.9,15.0,0,1,1,1.0,1,6,1,1,1,1
36,female,29.1,119.0,72.0,124.0,8.3,493.0,1,0,1,2.1,6,2,0,0,0,0
49,female,15.7,115.0,62.0,117.0,5.3,35.0,0,1,1,2.3,1,5,1,0,1,0
26,male,14.5,129.0,66.0,104.0,7.8,223.0,0,0,0,0.5,4,5,0,0,0,1
29,male,20.2,114.0,67.0,77.0,6.3,270.0,0,1,1,1.5,2,3,0,0,0,1
28,male,23.1,131.0,74.0,113.0,5.1,70.0,0,1,0,2.6,9,2,1,0,1,1
63,female,27.1,151.0,74.0,117.0,6.2,228.0,0,0,0,1.8,1,2,1,1,1,0
72,female,28.8,138.0,87.0,123.0,6.6,39.0,0,0,1,1.1,3,5,1,1,1,0
33,male,18.2,141.0,73.0,102.0,7.6,265.0,0,1,0,0.9,7,1,0,1,0,1
18,female,21.3,121.0,70.0,108.0,6.7,121.0,0,1,0,2.1,1,6,0,0,0,0
62,female,26.7,141.0,82.0,105.0,4.4,26.0,0,1,1,2.0,1,9,1,1,1,0
72,male,40.7,145.0,84.0,118.0,6.4,185.0,1,0,1,2.9,6,1,1,1,1,1
70,male,21.4,133.0,81.0,105.0,6.8,294.0,0,0,0,1.0,6,3,0,1,1,1
38,female,20.5,110.0,71.0,121.0,7.7,101.0,0,0,0,1.3,4,10,1,1,1,0
47,female,22.8,126.0,73.0,109.0,8.0,171.0,1,0,0,2.4,10,5,0,1,1,0
30,female,25.8,137.0,67.0,118.0,5.9,190.0,0,0,0,1.4,3,3,0,1,1,0
51,male,31.6,131.0,73.0,130.0,5.9,186.0,1,1,0,0.7,10,2,1,1,1,1
21,male,17.8,112.0,76.0,107.0,5.8,73.0,0,0,1,1.8,1,3,1,0,0,1
45,male,18.8,119.0,75.0,117.0,5.5,162.0,0,1,1,1.3,8,7,1,1,1,1
55,female,29.6,129.0,68.0,117.0,4.7,95.0,0,1,0,2.3,8,7,1,1,1,0
75,female,22.2,150.0,84.0,131.0,7.4,64.0,0,0,0,1.5,7,5,1,1,1,0
48,male,27.7,126.0,76.0,124.0,10.0,22.0,0,1,1,2.1,4,2,1,1,1,1
76,female,23.8,144.0,74.0,105.0,7.9,288.0,1,0,0,2.3,2,1,0,1,1,0
72,male,19.7,138.0,87.0,120.0,8.1,64.0,0,0,1,1.9,7,3,1,1,1,1
44,female,21.7,138.0,81.0,111.0,7.4,33.0,0,0,0,3.6,8,7,1,1,1,0
22,male,21.6,115.0,74.0,112.0,5.0,33.0,0,0,1,2.0,5,1,0,0,0,1
42,female,29.7,131.0,76.0,120.0,6.4,33.0,1,0,0,2.8,9,7,1,1,1,0
20,female,24.0,114.0,72.0,105.0,7.7,0.0,0,1,1,1.2,10,6,1,0,1,0
50,male,32.6,134.0,64.0,143.0,5.1,69.0,0,1,0,1.8,8,4,1,0,1,1
21,male,31.7,120.0,77.0,122.0,6.2,266.0,0,1,0,2.5,4,10,0,1,0,1
42,male,34.0,136.0,78.0,124.0,5.1,3.0,1,1,0,1.7,10,6,1,1,1,1
37,male,16.6,138.0,72.0,93.0,6.2,376.0,0,0,1,2.0,9,4,0,1,0,1
51,male,20.5,131.0,75.0,115.0,9.4,24.0,0,0,1,2.6,1,5,1,1,0,1
43,female,27.3,143.0,72.0,107.0,8.9,152.0,0,0,1,2.0,9,3,1,1,1,0
79,male,24.4,154.0,73.0,106.0,7.0,185.0,0,0,1,0.9,1,10,1,1,1,1
79,male,30.8,150.0,82.0,127.0,8.8,159.0,0,1,0,1.9,5,9,1,1,1,1
22,male,28.0,133.0,64.0,108.0,7.7,50.0,0,0,0,2.2,5,1,0,1,0,1
52,male,26.7,139.0,78.0,132.0,6.5,146.0,0,0,0,2.0,8,7,0,1,1,1
78,male,31.2,138.0,75.0,143.0,5.2,77.0,0,0,1,1.5,5,5,1,1,1,1
45,female,14.6,126.0,77.0,115.0,6.3,20.0,0,0,0,1.2,8,9,1,1,1,0
46,male,30.0,138.0,67.0,120.0,6.4,27.0,1,0,1,1.4,1,2,1,1,1,1
26,male,29.7,142.0,73.0,114.0,6.3,3.0,0,0,1,2.2,10,6,1,1,1,1
69,male,24.3,135.0,78.0,129.0,6.7,48.0,0,1,0,1.9,3,3,0,1,1,1
55,female,15.9,135.0,80.0,119.0,5.4,156.0,0,0,0,1.8,7,4,1,1,1,0
67,female,21.3,130.0,78.0,124.0,5.1,417.0,1,0,0,2.0,6,4,0,1,1,0
23,male,26.8,138.0,67.0,117.0,5.0,17.0,0,0,0,1.7,5,2,1,0,1,1
36,male,21.5,137.0,67.0,109.0,7.4,52.0,0,0,1,2.4,7,1,1,0,1,1
77,female,34.8,142.0,91.0,131.0,5.6,24.0,1,0,0,1.1,5,3,1,1,1,0
61,female,23.3,152.0,76.0,93.0,7.1,172.0,1,0,0,2.2,7,10,0,1,1,0
74,female,20.3,150.0,76.0,116.0,6.9,302.0,0,0,0,2.5,10,8,0,1,1,0
28,male,32.5,141.0,70.0,109.0,7.2,15.0,0,0,0,3.1,3,3,1,0,0,1
19,male,28.9,138.0,64.0,113.0,6.4,281.0,0,1,0,2.1,6,1,0,0,0,1
64,female,21.7,148.0,88.0,111.0,5.4,38.0,0,0,0,1.0,2,4,1,1,1,0
61,male,28.1,139.0,78.0,125.0,9.1,30.0,0,0,0,3.6,1,9,1,1,1,1
61,female,26.2,152.0,70.0,99.0,5.9,7.0,1,0,1,2.8,2,6,1,1,1,0
26,female,24.8,118.0,76.0,99.0,9.3,10.0,0,0,1,2.9,4,9,1,1,1,0
38,female,17.3,119.0,74.0,98.0,5.1,9.0,0,0,0,1.5,10,1,0,0,0,0
41,male,19.1,124.0,64.0,97.0,5.5,71.0,0,0,0,1.9,6,1,0,0,0,1
51,female,21.1,136.0,70.0,152.0,4.5,129.0,0,0,0,1.8,5,6,1,1,1,0
39,female,30.7,127.0,78.0,95.0,6.9,24.0,0,0,0,1.6,8,3,1,0,0,0
20,male,21.0,111.0,74.0,113.0,7.6,29.0,0,0,0,1.3,2,8,1,1,0,1
29,female,27.9,121.0,68.0,126.0,4.9,23.0,0,1,1,2.4,3,4,1,1,1,0
45,male,23.0,129.0,62.0,109.0,6.8,197.0,0,0,0,2.6,2,9,1,0,0,1
47,female,16.0,129.0,73.0,112.0,6.3,18.0,0,0,0,2.5,10,6,1,1,1,0
43,male,55.6,144.0,88.0,150.0,4.1,9.0,0,1,1,1.4,2,2,1,1,1,1
65,female,27.1,133.0,78.0,126.0,6.7,4.0,0,0,1,1.4,4,1,1,1,1,0
38,female,32.6,138.0,74.0,100.0,8.0,5.0,1,0,0,2.3,2,10,1,1,1,0
45,female,22.6,146.0,83.0,119.0,8.7,95.0,0,1,0,2.4,2,2,0,1,1,0
73,female,32.8,146.0,69.0,143.0,4.6,12.0,0,0,0,2.0,3,1,1,1,1,0
43,female,23.0,138.0,78.0,138.0,8.1,30.0,0,1,0,1.5,1,8,1,1,1,0
79,male,28.5,149.0,85.0,113.0,7.8,215.0,1,0,0,2.5,5,2,0,1,1,1
50,male,27.1,141.0,71.0,117.0,6.3,413.0,0,0,0,2.6,4,9,0,1,0,1
38,female,30.7,140.0,61.0,119.0,4.6,237.0,0,0,0,2.3,1,9,0,1,1,0
52,female,23.6,135.0,79.0,116.0,7.2,385.0,0,1,0,1.5,6,9,0,1,0,0
69,female,22.9,133.0,79.0,101.0,4.6,133.0,0,0,0,1.4,7,10,0,1,1,0
51,male,25.7,126.0,84.0,132.0,7.2,523.0,1,0,0,2.6,4,6,0,1,0,1
58,male,25.2,148.0,73.0,132.0,6.0,82.0,0,0,0,1.6,3,8,1,1,1,1
68,female,23.4,146.0,78.0,126.0,5.7,190.0,0,1,1,1.6,9,10,1,1,1,0
64,male,19.5,145.0,65.0,112.0,7.2,428.0,0,1,0,2.1,3,3,0,0,0,1
35,female,15.9,129.0,74.0,102.0,9.8,148.0,0,0,0,1.6,5,9,0,0,0,0
75,female,16.7,149.0,67.0,114.0,8.7,377.0,1,1,0,2.4,5,9,0,1,0,0
28,female,32.2,132.0,74.0,101.0,6.8,35.0,0,0,1,1.9,7,10,1,0,1,0
74,male,31.2,136.0,74.0,139.0,7.2,43.0,0,1,0,1.5,1,5,1,1,1,1
40,female,32.0,137.0,78.0,121.0,6.7,61.0,0,0,1,1.9,3,9,1,1,1,0
65,female,35.6,162.0,79.0,140.0,6.4,75.0,0,1,1,1.3,3,10,1,1,1,0
39,female,37.2,141.0,76.0,128.0,8.9,273.0,0,0,0,1.5,10,8,0,1,1,0
34,male,30.5,122.0,74.0,106.0,7.2,263.0,0,0,1,1.6,10,7,0,1,1,1
22,male,19.6,126.0,69.0,93.0,7.5,129.0,0,0,0,2.4,8,10,0,0,0,1
61,male,25.4,157.0,85.0,137.0,7.3,32.0,1,0,0,2.2,3,4,1,1,1,1
28,female,24.0,121.0,74.0,117.0,6.7,33.0,0,0,1,1.1,7,5,1,1,1,0
47,male,29.0,139.0,72.0,116.0,5.4,120.0,0,0,0,1.7,9,1,1,1,1,1
32,female,30.2,135.0,70.0,123.0,5.7,84.0,0,0,0,1.2,8,5,1,1,0,0
44,male,32.5,139.0,82.0,112.0,7.2,36.0,0,0,1,1.4,6,2,1,1,1,1
52,female,35.2,148.0,72.0,140.0,7.6,22.0,0,0,0,1.6,5,1,1,1,1,0
50,male,30.9,135.0,77.0,107.0,5.2,154.0,0,0,1,2.0,7,2,0,1,1,1
37,female,20.1,132.0,61.0,112.0,5.9,201.0,1,0,1,2.0,9,8,1,1,1,0
78,male,21.6,154.0,77.0,121.0,6.1,36.0,0,0,0,1.0,6,6,1,1,1,1
33,male,25.8,127.0,66.0,113.0,5.6,66.0,0,0,0,1.1,2,6,1,0,1,1
51,male,28.0,144.0,72.0,128.0,4.1,150.0,0,1,0,1.6,8,9,1,1,1,1
19,female,29.4,122.0,73.0,124.0,5.1,76.0,0,0,0,2.0,4,2,1,0,0,0
52,male,29.1,127.0,80.0,117.0,6.7,390.0,0,0,1,1.8,6,1,0,1,0,1
57,male,30.0,130.0,73.0,100.0,7.5,17.0,1,0,0,0.7,2,5,1,1,1,1
73,male,20.2,145.0,84.0,99.0,5.9,231.0,0,1,0,2.2,6,4,0,1,1,1
45,male,24.3,118.0,67.0,111.0,7.4,44.0,0,0,1,0.9,2,4,1,1,1,1
64,female,32.4,146.0,84.0,129.0,6.9,139.0,0,1,1,2.2,1,8,1,1,1,0
56,male,21.3,129.0,72.0,120.0,7.7,35.0,1,0,0,2.3,5,2,1,0,1,1
23,female,35.3,113.0,80.0,121.0,8.9,407.0,0,0,1,3.0,4,1,1,0,0,0
26,female,25.2,131.0,69.0,121.0,5.7,6.0,0,0,0,2.2,4,2,1,1,1,0
37,female,25.2,119.0,69.0,135.0,6.2,86.0,0,0,0,3.1,1,9,1,0,1,0
77,female,19.7,161.0,81.0,122.0,5.2,290.0,0,0,0,3.0,9,7,0,1,1,0
18,male,28.8,138.0,74.0,116.0,8.8,76.0,0,0,0,1.8,8,4,1,1,1,1
25,female,24.5,124.0,68.0,100.0,6.2,220.0,0,1,0,1.7,1,10,0,0,1,0
72,female,37.3,135.0,85.0,136.0,7.1,359.0,0,0,0,3.0,5,9,1,1,1,0
40,female,29.6,136.0,74.0,121.0,7.6,8.0,0,0,1,2.6,9,10,1,1,1,0
20,female,20.5,135.0,70.0,106.0,8.7,81.0,0,0,1,3.0,1,10,1,1,1,0
21,male,22.7,130.0,72.0,98.0,4.9,139.0,0,0,0,1.8,10,6,1,0,1,1
75,male,18.4,150.0,68.0,121.0,8.0,214.0,1,0,0,1.2,10,8,1,1,1,1
42,female,23.6,143.0,73.0,115.0,4.3,21.0,0,0,0,1.6,3,5,0,1,1,0
64,female,22.1,129.0,67.0,123.0,5.3,100.0,0,0,0,1.8,4,10,1,1,1,0
55,female,35.5,152.0,73.0,124.0,6.5,21.0,0,1,1,1.5,2,2,1,1,1,0
32,male,17.4,139.0,69.0,105.0,6.8,169.0,0,0,0,0.8,9,10,0,1,0,1
38,male,26.1,126.0,79.0,141.0,8.8,40.0,0,0,0,1.8,1,9,1,1,1,1
52,male,23.5,132.0,73.0,117.0,6.9,38.0,0,0,0,2.0,4,5,1,0,1,1
74,male,23.5,156.0,76.0,136.0,6.8,176.0,0,0,0,1.0,10,4,1,1,1,1
70,male,24.3,154.0,75.0,140.0,7.0,221.0,0,1,1,2.1,3,8,1,1,1,1
70,female,29.8,139.0,82.0,110.0,8.3,50.0,0,1,1,1.6,10,2,1,1,1,0
63,male,26.4,131.0,71.0,120.0,5.9,83.0,0,0,0,2.1,9,7,1,1,1,1
69,male,26.7,143.0,70.0,123.0,4.7,142.0,0,1,1,2.9,3,3,1,1,1,1
31,female,20.9,113.0,79.0,132.0,6.9,164.0,0,0,0,1.1,7,6,1,1,0,0
53,male,34.0,135.0,81.0,149.0,6.9,176.0,1,0,0,0.7,2,2,1,1,1,1
29,male,18.8,117.0,66.0,88.0,6.6,59.0,0,0,0,2.0,8,3,1,0,0,1
34,male,15.0,132.0,66.0,92.0,8.9,92.0,0,1,0,1.6,2,10,0,1,0,1
56,female,28.1,150.0,73.0,137.0,7.9,14.0,0,0,1,2.1,10,7,1,1,1,0
26,male,29.5,137.0,65.0,108.0,4.3,356.0,1,1,0,1.4,9,1,0,1,1,1
52,female,20.8,127.0,72.0,122.0,6.1,145.0,1,0,0,2.3,9,7,0,1,1,0
77,female,27.6,147.0,80.0,125.0,7.4,57.0,0,0,1,1.3,9,7,1,1,1,0
30,male,17.2,119.0,78.0,92.0,7.3,59.0,1,0,0,1.8,6,9,0,1,1,1
32,male,22.4,128.0,72.0,125.0,8.2,11.0,0,1,0,2.1,7,5,1,0,1,1
35,male,25.2,135.0,77.0,104.0,8.8,73.0,0,0,0,1.8,4,8,1,1,1,1
68,male,33.4,143.0,78.0,129.0,7.3,134.0,1,1,1,2.4,2,3,1,1,1,1
50,female,15.6,121.0,69.0,95.0,7.6,366.0,1,1,0,2.6,3,1,0,1,1,0
23,male,28.0,139.0,72.0,99.0,5.0,125.0,0,0,0,2.2,3,2,0,0,1,1
76,female,16.3,149.0,81.0,118.0,5.9,126.0,0,1,0,2.2,1,5,0,1,1,0
44,female,36.2,142.0,74.0,114.0,6.1,185.0,0,0,0,1.8,3,10,1,1,1,0
40,female,17.2,118.0,73.0,126.0,5.0,86.0,0,1,0,1.1,4,9,1,1,0,0
76,female,22.9,151.0,79.0,132.0,7.8,4.0,0,0,0,2.5,4,4,1,1,1,0
44,female,31.9,135.0,76.0,131.0,7.0,265.0,0,0,0,0.5,3,7,1,1,1,0
51,male,19.6,114.0,79.0,109.0,9.2,62.0,0,0,1,0.4,10,10,1,1,1,1
73,female,32.2,144.0,81.0,128.0,7.7,501.0,0,0,1,1.8,4,7,0,1,1,0
63,female,21.9,142.0,75.0,124.0,7.2,63.0,0,1,0,1.4,4,1,1,1,1,0
55,male,31.3,139.0,77.0,92.0,8.8,132.0,0,1,1,1.8,3,2,1,1,1,1
31,male,30.4,135.0,61.0,111.0,5.9,74.0,0,1,1,1.3,5,8,1,1,1,1
53,female,28.3,142.0,75.0,100.0,4.4,32.0,0,0,0,2.1,3,4,1,1,1,0
70,female,30.4,138.0,73.0,131.0,8.0,320.0,0,1,0,1.5,8,8,0,1,1,0
25,male,19.4,127.0,68.0,91.0,7.3,118.0,0,0,1,1.7,3,8,1,1,1,1
79,female,29.9,156.0,81.0,129.0,6.6,72.0,0,1,1,1.6,10,7,1,1,1,0
52,male,28.5,138.0,79.0,111.0,6.2,19.0,0,1,0,2.8,3,2,1,1,1,1
36,male,28.9,132.0,86.0,134.0,5.9,600.0,0,1,0,0.9,8,6,0,1,0,1
47,female,17.1,129.0,80.0,137.0,6.8,271.0,1,0,0,2.7,1,1,0,1,0,0
31,male,20.0,136.0,71.0,118.0,7.1,66.0,0,1,0,1.2,4,5,1,1,0,1
76,female,31.6,152.0,84.0,143.0,7.7,23.0,0,1,0,1.0,3,4,1,1,1,0
37,female,22.1,129.0,70.0,110.0,4.9,4.0,0,0,0,1.4,1,10,1,1,1,0
66,female,25.4,145.0,79.0,115.0,8.2,20.0,0,0,0,1.5,1,2,1,1,1,0
42,male,27.6,137.0,76.0,94.0,6.5,92.0,0,0,0,2.1,7,5,0,1,0,1
57,female,27.3,138.0,71.0,124.0,6.9,203.0,0,0,0,1.1,4,1,1,1,1,0
41,male,33.1,126.0,73.0,119.0,5.8,54.0,1,0,1,1.4,5,3,1,1,1,1
31,female,22.6,127.0,61.0,112.0,7.4,68.0,0,1,0,2.5,2,7,0,1,1,0
43,female,28.0,139.0,74.0,110.0,9.2,77.0,1,0,0,1.7,3,4,1,1,1,0
55,male,31.9,143.0,78.0,107.0,7.8,2.0,0,0,0,1.2,1,7,1,1,1,1
40,female,26.2,128.0,73.0,102.0,6.2,23.0,0,0,1,2.6,4,7,1,1,1,0
39,female,32.2,133.0,69.0,139.0,4.5,83.0,0,0,1,1.5,8,6,1,0,1,0
65,male,23.4,148.0,76.0,144.0,6.0,39.0,0,0,1,1.1,3,3,1,1,1,1
74,male,52.8,148.0,88.0,131.0,6.1,89.0,0,0,0,0.9,1,10,1,1,1,1
36,male,38.2,131.0,80.0,117.0,7.3,14.0,0,1,1,1.9,4,8,1,1,1,1
63,female,29.6,144.0,80.0,105.0,5.9,195.0,0,0,1,2.3,9,10,1,1,1,0
68,male,17.9,146.0,74.0,117.0,5.8,184.0,0,0,0,1.0,10,4,1,1,1,1
20,male,23.0,136.0,69.0,108.0,6.3,133.0,1,0,1,1.6,8,2,1,1,1,1
59,female,34.6,151.0,81.0,127.0,6.7,91.0,0,1,0,2.8,10,2,1,1,1,0
36,male,31.0,128.0,72.0,113.0,6.4,59.0,0,0,0,1.7,3,1,0,1,0,1
26,female,28.8,114.0,67.0,117.0,6.3,138.0,1,0,1,2.1,4,1,0,0,0,0
45,female,23.0,147.0,71.0,122.0,5.0,183.0,0,0,1,1.7,5,1,1,1,1,0
37,male,24.6,123.0,75.0,122.0,7.4,198.0,0,0,0,2.6,7,9,0,1,0,1
62,female,21.1,139.0,80.0,132.0,5.5,51.0,0,0,1,2.3,1,3,1,1,1,0
24,male,28.4,126.0,78.0,109.0,8.0,26.0,0,0,1,2.1,3,7,1,1,1,1
31,male,31.3,131.0,69.0,110.0,8.2,50.0,1,0,0,1.3,1,5,1,1,1,1
26,male,27.3,117.0,84.0,124.0,5.2,1.0,0,0,0,3.4,3,7,1,1,0,1
76,male,30.4,163.0,76.0,123.0,9.1,66.0,1,0,1,1.0,6,7,1,1,1,1
77,female,25.4,139.0,78.0,123.0,8.2,38.0,0,0,0,2.0,9,6,1,1,1,0
72,female,25.5,145.0,86.0,118.0,7.0,187.0,1,0,0,2.0,6,5,0,1,1,0
74,male,33.0,146.0,71.0,152.0,5.5,135.0,0,0,1,1.9,8,9,1,1,1,1
77,male,25.9,151.0,80.0,133.0,3.5,3.0,1,1,0,2.6,4,7,1,1,1,1
36,female,25.1,128.0,71.0,100.0,6.8,19.0,0,0,0,1.3,5,1,1,0,1,0
64,male,20.0,135.0,67.0,117.0,7.0,94.0,0,0,1,1.9,8,8,1,1,1,1
69,female,27.9,153.0,70.0,131.0,8.0,116.0,0,0,0,1.5,1,2,1,1,1,0
31,male,25.7,125.0,79.0,99.0,4.2,176.0,0,0,0,2.2,8,5,0,1,0,1
73,female,26.6,156.0,82.0,130.0,8.1,414.0,0,0,0,1.6,2,3,0,1,0,0
55,female,22.7,126.0,81.0,115.0,8.3,145.0,0,0,1,1.5,6,5,1,0,1,0
70,female,25.3,141.0,72.0,109.0,7.4,94.0,1,0,0,1.4,4,10,1,1,1,0
78,male,27.3,141.0,82.0,112.0,5.0,64.0,0,1,0,0.6,10,10,1,1,1,1
53,male,25.8,137.0,89.0,136.0,6.5,161.0,0,0,1,1.7,10,8,1,1,1,1
57,male,15.4,121.0,72.0,101.0,5.3,328.0,0,0,1,1.2,4,10,0,1,0,1
34,male,26.7,135.0,73.0,126.0,5.1,66.0,0,0,0,0.7,5,1,0,0,1,1
47,male,21.5,137.0,74.0,121.0,5.3,105.0,0,0,0,1.9,1,8,1,1,1,1
26,female,33.6,143.0,73.0,111.0,7.1,28.0,0,1,0,1.0,4,2,1,1,1,0
50,female,25.4,142.0,70.0,124.0,5.7,234.0,0,1,1,2.8,8,4,1,1,1,0
73,female,33.7,156.0,81.0,136.0,6.5,150.0,1,0,0,1.2,9,6,1,1,1,0
69,female,13.0,141.0,84.0,123.0,7.7,53.0,0,1,0,2.4,2,8,1,1,1,0
42,female,24.0,129.0,73.0,116.0,6.8,249.0,0,0,1,2.7,6,6,1,1,1,0
31,female,27.9,142.0,80.0,110.0,6.3,424.0,1,0,1,2.2,5,3,0,1,1,0
28,female,29.9,134.0,90.0,131.0,6.6,41.0,0,0,0,1.0,8,4,1,1,1,0
70,male,30.7,166.0,75.0,137.0,8.9,25.0,0,0,1,3.0,8,2,1,1,1,1
52,female,30.3,153.0,80.0,115.0,8.5,214.0,1,0,0,2.3,8,9,0,1,1,0
58,male,11.2,133.0,65.0,105.0,3.6,105.0,0,0,1,2.3,10,9,1,1,1,1
76,female,21.2,146.0,77.0,137.0,6.2,259.0,0,1,0,1.3,1,7,0,1,1,0
31,female,30.4,137.0,89.0,135.0,6.8,51.0,0,0,1,1.6,10,10,1,1,1,0
47,male,37.4,154.0,82.0,126.0,9.5,104.0,0,0,0,0.9,4,5,1,1,1,1
58,female,31.7,130.0,80.0,132.0,6.6,103.0,0,0,0,1.0,2,3,1,1,1,0
21,male,32.6,138.0,66.0,120.0,6.3,25.0,0,0,1,2.6,4,1,1,0,1,1
76,female,20.8,146.0,74.0,108.0,6.5,578.0,1,1,1,2.2,6,6,0,1,1,0
21,male,21.4,130.0,65.0,112.0,6.6,131.0,0,0,0,1.4,4,4,0,0,0,1
45,female,22.6,126.0,67.0,88.0,7.1,131.0,0,0,0,1.7,5,2,0,0,0,0
25,male,18.8,115.0,74.0,115.0,7.3,42.0,0,0,1,2.6,3,10,1,0,1,1
19,male,20.1,122.0,73.0,110.0,6.5,126.0,0,0,0,2.4,2,7,0,1,1,1
58,female,15.9,141.0,72.0,75.0,9.2,215.0,0,0,0,1.2,7,2,0,1,0,0
78,female,25.6,137.0,76.0,115.0,6.8,202.0,0,0,1,1.4,6,2,1,1,1,0
63,male,23.7,136.0,81.0,99.0,8.3,303.0,1,1,0,1.9,3,8,0,1,1,1
39,female,24.8,121.0,83.0,102.0,6.9,19.0,0,0,1,2.3,10,8,1,1,0,0
58,male,18.9,138.0,80.0,116.0,6.3,24.0,0,0,0,1.1,9,8,1,1,1,1
73,female,22.4,159.0,78.0,143.0,7.4,149.0,1,0,0,1.0,6,4,1,1,1,0
72,male,41.2,151.0,89.0,145.0,3.7,198.0,1,1,0,1.5,5,7,1,1,1,1
33,female,27.8,136.0,79.0,110.0,6.6,135.0,1,0,1,0.9,8,8,1,1,1,0
46,male,26.2,135.0,76.0,126.0,3.0,18.0,0,1,1,1.9,2,9,1,1,1,1
79,female,28.9,152.0,81.0,137.0,5.2,108.0,0,0,0,0.8,6,2,1,1,1,0
66,male,29.6,139.0,76.0,144.0,5.8,166.0,0,0,1,2.9,6,10,1,1,1,1
65,male,16.3,141.0,80.0,124.0,6.8,18.0,1,0,1,1.1,7,7,1,1,1,1
47,female,18.5,128.0,72.0,111.0,7.2,7.0,0,0,0,0.9,3,4,1,1,0,0
29,female,25.2,141.0,66.0,93.0,4.6,35.0,0,0,1,2.5,6,10,1,1,1,0
52,male,29.4,134.0,71.0,138.0,6.2,11.0,1,0,1,2.0,3,3,1,1,1,1
28,male,30.0,137.0,73.0,114.0,6.3,19.0,0,0,0,1.4,8,6,1,1,0,1
63,male,33.2,161.0,74.0,118.0,9.5,27.0,0,1,0,2.0,5,6,1,1,1,1
67,male,32.2,156.0,96.0,105.0,6.7,91.0,0,0,0,2.7,6,8,1,1,1,1
38,female,23.2,122.0,76.0,98.0,5.1,20.0,0,1,1,2.0,9,6,1,1,1,0
38,male,23.2,121.0,70.0,117.0,7.9,111.0,0,0,1,2.4,9,10,1,1,1,1
22,male,42.6,138.0,77.0,120.0,6.4,41.0,0,0,0,0.9,5,1,1,1,1,1
65,male,28.1,143.0,83.0,137.0,7.8,45.0,0,0,1,2.1,10,5,1,1,1,1
37,female,25.1,134.0,74.0,133.0,8.1,411.0,0,0,1,1.6,7,7,0,1,0,0
54,male,28.0,148.0,71.0,96.0,5.7,196.0,1,1,1,2.0,6,3,0,1,1,1
20,female,26.7,125.0,70.0,98.0,6.3,66.0,1,1,0,1.7,10,10,1,1,0,0
61,female,23.9,134.0,75.0,121.0,6.3,71.0,0,1,1,1.0,4,9,1,1,1,0
50,female,28.1,139.0,73.0,138.0,7.9,15.0,0,1,0,1.9,1,3,1,1,1,0
70,female,28.9,158.0,74.0,117.0,8.9,223.0,0,1,0,2.4,4,10,1,1,1,0
78,female,19.6,143.0,83.0,124.0,9.0,0.0,0,0,0,1.5,2,6,1,1,1,0
26,female,15.7,137.0,71.0,89.0,6.5,19.0,0,0,0,2.5,8,2,0,0,0,0
78,female,31.4,157.0,84.0,131.0,8.8,92.0,0,1,0,1.7,2,4,1,1,1,0
26,male,32.4,136.0,63.0,119.0,7.3,25.0,0,0,0,2.7,9,2,1,1,0,1
21,male,31.6,123.0,70.0,111.0,6.3,120.0,0,0,1,1.8,10,9,1,1,0,1
52,female,32.3,139.0,85.0,144.0,5.8,0.0,0,0,1,2.1,6,2,1,1,1,0
34,male,26.1,133.0,75.0,128.0,7.4,12.0,0,0,1,1.6,5,8,1,1,1,1
51,male,42.3,146.0,73.0,130.0,8.9,174.0,0,0,0,1.9,9,4,0,1,1,1
41,female,40.6,151.0,88.0,126.0,8.4,103.0,1,1,0,1.7,2,2,0,1,1,0
49,male,20.3,133.0,59.0,123.0,5.8,2.0,0,1,0,1.1,1,7,1,0,1,1
18,female,28.0,119.0,72.0,111.0,7.2,28.0,0,1,1,2.1,9,4,1,0,1,0
25,male,30.6,131.0,83.0,115.0,5.7,33.0,0,0,0,1.9,10,9,1,1,1,1
62,female,14.4,131.0,64.0,103.0,7.1,227.0,0,0,1,2.7,4,2,0,0,1,0
40,female,21.7,135.0,70.0,119.0,7.4,105.0,0,0,0,1.4,2,8,1,1,1,0
64,male,28.0,139.0,70.0,117.0,7.2,94.0,0,0,1,0.3,6,1,1,1,1,1
57,male,26.9,154.0,85.0,114.0,8.1,11.0,1,0,0,2.7,1,10,1,1,1,1
29,female,28.2,117.0,68.0,118.0,5.9,128.0,0,0,0,1.3,4,4,0,1,0,0
71,female,25.8,142.0,84.0,126.0,8.5,20.0,0,1,0,1.9,4,3,1,1,1,0
29,female,27.5,130.0,81.0,114.0,6.3,89.0,0,0,0,0.8,10,9,0,0,1,0
63,male,34.4,142.0,72.0,108.0,5.3,108.0,0,0,0,1.4,7,4,1,1,1,1
64,male,38.5,131.0,72.0,137.0,8.1,221.0,0,0,1,2.1,3,5,1,1,1,1
32,male,34.0,149.0,78.0,96.0,7.4,197.0,0,1,0,1.2,8,10,0,1,0,1
58,male,19.9,142.0,79.0,128.0,8.1,25.0,1,0,0,1.4,2,3,1,1,1,1
36,female,31.7,124.0,74.0,113.0,7.0,298.0,0,0,0,0.7,4,2,0,1,0,0
43,female,30.3,127.0,76.0,122.0,4.0,0.0,0,0,0,2.7,8,8,1,1,1,0
69,female,29.0,134.0,88.0,120.0,5.7,48.0,0,0,0,1.1,4,9,1,1,1,0
46,female,27.8,135.0,74.0,122.0,7.0,8.0,0,1,0,1.0,5,8,1,1,1,0
39,male,20.5,140.0,80.0,96.0,6.7,153.0,1,0,1,0.3,10,3,0,1,1,1
57,female,27.8,138.0,73.0,144.0,9.1,83.0,0,0,0,1.2,8,1,1,1,1,0
38,female,20.9,125.0,86.0,102.0,5.8,23.0,1,1,0,2.4,8,2,0,1,1,0
68,male,17.2,146.0,70.0,126.0,7.9,11.0,1,0,0,2.5,5,7,1,1,1,1
55,male,26.8,141.0,83.0,107.0,7.6,31.0,0,0,0,1.6,6,9,1,1,1,1
37,female,21.4,128.0,66.0,106.0,3.7,304.0,1,1,0,0.9,9,2,0,1,0,0
74,male,18.6,147.0,81.0,110.0,6.8,136.0,0,0,0,1.6,2,6,1,1,1,1
46,female,20.4,117.0,73.0,105.0,6.9,33.0,0,1,1,1.6,3,9,1,1,1,0
68,male,26.1,147.0,80.0,129.0,8.5,269.0,0,1,1,2.1,9,10,1,1,1,1
21,male,20.4,132.0,73.0,110.0,4.6,18.0,0,0,1,1.9,3,4,0,0,1,1
72,female,26.8,136.0,80.0,131.0,7.8,140.0,0,0,0,2.7,5,5,1,1,1,0
24,male,35.1,129.0,75.0,108.0,7.3,66.0,0,0,0,1.2,3,8,0,0,0,1
45,female,28.4,120.0,64.0,121.0,8.5,37.0,0,0,0,1.0,10,5,1,1,1,0
45,male,31.7,134.0,85.0,112.0,6.0,37.0,0,0,0,1.7,4,5,1,1,1,1
21,male,32.1,123.0,82.0,133.0,7.8,83.0,0,0,0,1.7,3,4,1,0,1,1
39,male,22.7,144.0,72.0,101.0,5.4,322.0,0,0,1,2.3,10,7,0,0,0,1
29,male,23.5,123.0,75.0,104.0,9.5,163.0,0,0,0,1.8,4,3,0,0,0,1
62,male,36.7,150.0,89.0,132.0,6.2,130.0,0,0,0,1.7,1,5,1,1,1,1
20,female,21.9,133.0,73.0,93.0,4.9,250.0,0,0,1,2.6,8,8,0,0,0,0
39,male,32.6,119.0,72.0,129.0,5.7,101.0,0,0,0,0.9,10,9,1,0,1,1
61,female,22.8,140.0,69.0,132.0,8.1,26.0,0,1,0,3.1,7,7,1,1,1,0
19,male,14.3,108.0,71.0,88.0,6.8,454.0,0,0,1,2.0,6,7,0,0,0,1
41,female,26.0,124.0,75.0,108.0,8.1,92.0,1,0,1,0.7,7,7,1,1,1,0
51,male,26.5,130.0,76.0,133.0,8.9,45.0,0,1,0,1.6,8,1,1,1,0,1
44,female,38.8,138.0,74.0,130.0,8.1,181.0,0,0,0,0.4,1,9,1,1,1,0
72,female,21.6,134.0,75.0,118.0,8.0,75.0,0,1,0,1.3,7,3,1,1,1,0
58,male,34.6,141.0,81.0,119.0,5.5,2.0,0,0,0,1.4,9,10,1,1,1,1
18,male,27.1,132.0,69.0,105.0,5.8,46.0,0,1,0,3.2,4,4,1,0,1,1
25,male,31.1,133.0,73.0,114.0,5.3,73.0,0,0,0,1.7,2,5,1,1,0,1
40,female,12.6,146.0,70.0,111.0,6.8,56.0,0,0,1,1.7,1,10,0,1,1,0
55,female,41.2,149.0,85.0,134.0,9.3,96.0,0,1,1,1.1,8,5,1,1,1,0
23,male,21.6,128.0,61.0,95.0,6.5,24.0,0,0,0,3.1,9,10,1,0,1,1
39,male,29.2,144.0,72.0,112.0,9.1,102.0,1,0,1,2.1,3,8,1,1,1,1
42,female,39.4,132.0,72.0,115.0,4.7,517.0,0,0,0,1.3,8,3,0,1,0,0
35,female,11.4,132.0,70.0,99.0,6.2,168.0,0,0,0,1.3,8,4,0,0,0,0
34,male,36.9,129.0,71.0,150.0,5.6,138.0,0,0,1,1.1,1,6,1,0,1,1
78,female,40.7,160.0,90.0,170.0,7.4,27.0,0,0,1,1.9,8,7,1,1,1,0
29,male,18.6,131.0,67.0,109.0,7.3,105.0,0,0,0,1.3,2,4,0,0,0,1
23,male,24.0,109.0,67.0,89.0,4.6,206.0,0,0,0,1.5,2,2,0,0,0,1
43,male,28.6,132.0,70.0,130.0,5.7,33.0,1,0,1,2.5,4,1,1,1,1,1
44,female,24.5,132.0,75.0,123.0,8.3,11.0,1,0,1,1.3,10,9,1,1,1,0
25,female,25.7,117.0,64.0,143.0,8.1,130.0,0,0,0,1.8,7,9,1,1,1,0
36,female,22.0,131.0,71.0,111.0,5.7,134.0,0,1,0,1.4,2,6,0,1,0,0
77,female,22.2,158.0,78.0,118.0,5.8,196.0,0,0,0,1.8,5,7,1,1,1,0
59,male,35.6,138.0,76.0,118.0,6.6,119.0,0,0,1,1.7,4,7,1,1,1,1
18,female,28.9,134.0,73.0,121.0,5.7,226.0,0,0,1,1.6,6,1,1,0,0,0
74,male,22.1,147.0,75.0,120.0,7.3,37.0,1,0,0,2.5,3,6,1,1,1,1
46,male,21.0,121.0,75.0,110.0,6.5,4.0,0,0,0,2.4,9,7,1,1,1,1
62,male,37.4,144.0,77.0,126.0,8.1,158.0,1,0,0,0.8,1,8,1,1,1,1
66,female,27.3,145.0,74.0,151.0,6.5,59.0,1,1,0,0.3,8,9,1,1,1,0
52,male,14.7,143.0,74.0,104.0,8.0,28.0,0,0,0,2.5,6,6,1,1,1,1
57,male,38.4,153.0,85.0,140.0,6.1,6.0,1,0,0,1.7,4,2,1,1,1,1
31,female,32.0,127.0,91.0,124.0,6.2,169.0,0,0,0,1.8,9,1,1,1,0,0
52,male,24.4,139.0,73.0,91.0,6.7,210.0,0,0,0,2.6,1,7,0,1,1,1
65,female,15.0,113.0,79.0,140.0,4.8,59.0,0,1,1,1.3,9,5,1,0,1,0
62,female,22.9,146.0,74.0,97.0,6.7,260.0,0,0,0,1.8,2,8,0,1,1,0
37,female,26.5,125.0,78.0,104.0,8.2,64.0,0,0,1,1.8,6,1,1,0,1,0
73,male,20.5,133.0,85.0,114.0,5.3,363.0,1,0,0,2.5,8,7,0,1,1,1
66,female,25.1,139.0,78.0,114.0,8.1,490.0,0,0,0,1.8,2,1,0,0,0,0
30,female,28.6,120.0,77.0,112.0,6.9,204.0,0,0,0,1.6,5,9,0,1,0,0
78,female,23.5,144.0,81.0,115.0,7.0,36.0,0,0,1,1.4,10,2,1,1,1,0
55,female,18.4,142.0,74.0,129.0,7.3,55.0,0,0,0,2.0,10,10,1,1,1,0
66,male,32.8,131.0,77.0,136.0,6.4,91.0,0,0,0,1.6,4,9,1,1,1,1
63,female,28.4,142.0,76.0,117.0,7.3,48.0,0,0,0,0.8,5,10,1,1,1,0
66,male,28.3,143.0,70.0,115.0,6.5,205.0,0,0,0,1.9,10,6,1,1,1,1
79,female,26.2,152.0,86.0,121.0,6.0,315.0,0,1,0,0.3,4,4,0,1,1,0
25,male,37.0,131.0,86.0,110.0,8.3,510.0,0,0,1,2.5,3,4,0,1,0,1
60,female,24.5,147.0,68.0,106.0,5.2,49.0,0,0,1,1.2,4,4,1,1,1,0
37,male,29.6,144.0,81.0,129.0,6.2,38.0,0,1,0,2.1,5,9,1,1,1,1
77,female,33.2,159.0,81.0,128.0,7.9,21.0,0,1,0,2.3,1,10,1,1,1,0
50,male,31.8,134.0,73.0,128.0,5.6,6.0,0,0,0,2.3,4,5,1,1,1,1
43,male,19.6,145.0,73.0,111.0,6.6,23.0,1,0,0,2.9,9,2,1,1,1,1
56,male,27.0,130.0,72.0,139.0,5.0,40.0,0,0,1,1.5,8,4,1,1,1,1
38,female,27.1,138.0,75.0,127.0,6.3,60.0,0,1,0,2.1,5,5,1,1,1,0
70,male,39.5,161.0,81.0,141.0,4.9,14.0,0,0,1,1.8,3,3,1,1,1,1
66,male,23.4,158.0,75.0,148.0,5.9,206.0,0,0,1,1.8,2,1,1,1,1,1
79,male,32.4,160.0,89.0,124.0,7.0,116.0,0,0,1,1.9,8,9,1,1,1,1
59,male,17.2,128.0,64.0,111.0,6.7,99.0,0,0,0,1.3,8,2,0,0,0,1
60,female,22.8,146.0,72.0,126.0,8.2,95.0,0,1,0,2.2,5,1,1,1,1,0
71,male,27.3,144.0,67.0,136.0,7.7,41.0,0,0,0,1.5,7,8,1,1,1,1
79,male,23.2,155.0,80.0,114.0,6.3,333.0,0,0,0,2.5,1,2,0,1,1,1
58,male,22.8,139.0,73.0,118.0,8.0,32.0,0,1,0,1.8,6,7,1,1,1,1
26,female,33.1,142.0,70.0,118.0,6.6,133.0,0,0,0,1.9,10,1,1,0,0,0
41,male,27.5,134.0,76.0,145.0,5.9,35.0,0,1,0,2.2,9,8,1,1,1,1
54,male,24.8,145.0,79.0,127.0,5.2,548.0,0,0,0,1.6,7,1,0,1,0,1
66,male,25.5,137.0,85.0,136.0,8.7,291.0,1,0,1,0.8,5,5,1,1,1,1
58,male,32.9,153.0,96.0,122.0,8.5,37.0,0,0,1,2.7,6,10,1,1,1,1
34,female,30.0,115.0,71.0,108.0,6.5,526.0,0,0,0,2.6,7,7,0,1,0,0
41,male,34.6,143.0,72.0,118.0,6.7,118.0,0,0,0,1.7,6,7,1,1,1,1
38,male,28.8,136.0,74.0,124.0,6.5,156.0,0,1,0,1.5,5,1,1,1,1,1
68,female,29.1,146.0,79.0,144.0,4.3,40.0,0,0,1,0.6,2,7,1,1,1,0
76,female,24.9,129.0,89.0,108.0,6.7,29.0,0,1,0,2.0,3,1,1,1,1,0
56,female,28.7,136.0,80.0,146.0,4.0,234.0,0,1,1,1.1,4,3,1,1,1,0
72,male,28.4,156.0,74.0,138.0,5.3,39.0,0,0,0,2.0,5,2,1,1,1,1
58,female,27.0,133.0,71.0,134.0,6.8,299.0,0,1,0,1.7,1,2,1,1,1,0
56,male,24.6,126.0,80.0,130.0,7.9,55.0,0,0,0,1.7,10,2,1,1,1,1
30,female,24.2,118.0,71.0,106.0,4.6,1.0,0,0,0,1.7,7,8,1,0,1,0
28,male,24.3,136.0,80.0,109.0,6.6,108.0,0,0,1,1.8,8,3,1,1,1,1
63,female,29.0,147.0,81.0,133.0,6.7,52.0,0,1,0,0.8,7,4,1,1,1,0
36,male,24.0,141.0,66.0,109.0,6.6,447.0,0,1,0,2.5,5,4,0,1,0,1
28,female,21.3,130.0,64.0,110.0,7.2,59.0,0,1,1,1.5,1,6,1,0,0,0
30,male,14.2,114.0,71.0,94.0,7.8,45.0,1,0,1,1.6,9,4,0,0,1,1
63,male,13.3,148.0,71.0,120.0,6.9,100.0,0,0,0,1.1,2,1,1,1,0,1
62,male,21.1,133.0,82.0,116.0,8.8,157.0,0,0,0,2.0,10,1,0,1,1,1
18,male,19.0,112.0,70.0,98.0,6.5,408.0,0,0,1,1.9,1,1,0,0,0,1
57,male,23.4,139.0,77.0,108.0,5.5,9.0,1,0,1,0.5,2,2,1,1,1,1
61,male,29.4,146.0,71.0,117.0,9.2,65.0,0,0,1,2.2,4,7,1,1,1,1
36,male,17.6,132.0,68.0,91.0,10.0,131.0,0,1,1,2.8,2,3,0,1,1,1
29,male,18.8,121.0,70.0,111.0,7.6,1.0,0,1,0,1.7,6,7,0,0,0,1
25,female,14.2,130.0,57.0,93.0,3.8,81.0,1,0,1,0.8,8,7,0,1,1,0
25,male,21.4,118.0,74.0,106.0,7.1,197.0,0,0,0,1.4,9,1,0,0,0,1
78,male,25.6,138.0,84.0,141.0,5.9,6.0,0,0,0,1.1,8,3,1,1,1,1
70,female,27.6,129.0,76.0,124.0,8.7,50.0,0,1,1,2.1,8,4,1,1,1,0
62,male,27.4,140.0,85.0,121.0,6.8,61.0,0,1,0,1.6,9,1,1,1,1,1
29,female,35.7,140.0,82.0,120.0,5.9,151.0,0,1,0,1.9,8,8,1,1,1,0
78,male,18.8,149.0,80.0,124.0,7.2,42.0,0,1,0,2.7,2,5,1,1,1,1
65,female,21.9,142.0,76.0,114.0,8.5,34.0,0,0,1,2.0,7,8,1,1,1,0
50,female,26.0,132.0,81.0,129.0,5.7,15.0,0,0,0,1.1,3,6,1,1,1,0
62,male,33.5,155.0,70.0,130.0,7.8,600.0,0,0,0,1.6,1,6,0,1,0,1
43,female,25.1,133.0,74.0,109.0,4.3,77.0,0,1,0,1.7,10,9,1,1,1,0
56,male,30.8,144.0,73.0,120.0,6.7,6.0,1,0,0,1.1,9,4,1,1,1,1
45,male,18.0,120.0,68.0,123.0,5.0,10.0,0,0,0,2.3,8,9,1,1,1,1
75,male,16.4,125.0,79.0,109.0,5.7,16.0,0,0,0,2.2,6,6,1,1,1,1
22,male,13.6,124.0,63.0,104.0,8.3,29.0,0,0,0,1.1,2,9,0,0,0,1
25,female,29.0,148.0,63.0,119.0,6.3,162.0,0,0,0,1.6,1,2,0,0,1,0
42,male,16.5,131.0,85.0,95.0,5.9,98.0,0,0,1,2.2,10,2,0,1,1,1
44,female,31.9,144.0,73.0,105.0,8.3,180.0,0,1,1,2.0,6,1,1,1,1,0
63,female,24.7,147.0,72.0,117.0,7.6,2.0,1,0,1,2.0,5,9,1,1,1,0
40,male,32.9,137.0,83.0,131.0,4.4,37.0,0,0,0,1.2,2,6,1,1,1,1
47,male,19.5,118.0,69.0,94.0,6.7,62.0,1,0,1,1.4,1,4,0,1,1,1
62,male,25.4,146.0,69.0,111.0,6.9,67.0,0,1,0,1.1,3,9,1,1,1,1
64,male,26.9,154.0,72.0,131.0,7.8,7.0,0,0,1,1.4,5,5,1,1,1,1
40,female,23.4,135.0,70.0,100.0,6.4,86.0,1,0,0,1.2,9,6,1,1,1,0
66,male,25.8,141.0,71.0,135.0,9.3,41.0,0,0,0,3.3,8,1,1,1,1,1
64,female,19.1,141.0,70.0,148.0,7.2,26.0,0,0,1,2.5,9,8,1,1,1,0
37,male,24.0,129.0,70.0,103.0,4.7,133.0,0,1,1,2.3,5,7,0,1,1,1
35,male,17.2,135.0,76.0,124.0,6.3,11.0,1,1,0,2.6,4,10,1,1,1,1
35,male,26.6,132.0,86.0,118.0,8.2,242.0,0,1,1,2.5,3,3,0,1,0,1
19,male,16.9,124.0,75.0,91.0,6.4,276.0,0,0,0,1.3,3,5,0,0,0,1
21,female,29.4,136.0,71.0,132.0,6.9,47.0,0,0,1,2.2,4,9,1,1,1,0
47,female,23.7,140.0,66.0,120.0,6.8,520.0,0,0,1,1.7,5,3,0,1,0,0
50,male,28.6,138.0,80.0,135.0,3.6,62.0,0,0,0,1.1,10,8,1,1,1,1
53,female,22.4,123.0,69.0,144.0,6.3,393.0,0,0,0,2.1,7,4,0,1,0,0
35,female,24.7,133.0,70.0,111.0,6.2,520.0,1,0,1,2.0,9,9,0,1,1,0
54,male,36.3,152.0,89.0,136.0,8.9,210.0,0,0,0,1.5,4,9,1,1,1,1
36,male,20.6,115.0,82.0,96.0,8.5,16.0,0,0,0,2.0,5,6,1,1,1,1
64,female,18.4,141.0,76.0,110.0,5.3,105.0,1,0,0,1.8,5,9,1,1,1,0
45,female,26.8,135.0,82.0,117.0,4.9,158.0,1,0,0,1.8,4,4,1,1,1,0
57,female,32.1,125.0,85.0,129.0,7.7,10.0,1,1,0,2.7,3,1,1,1,1,0
37,female,27.3,135.0,78.0,90.0,6.8,269.0,0,0,0,2.4,7,5,0,1,0,0
66,male,18.5,149.0,74.0,135.0,7.0,229.0,0,0,0,0.3,5,7,0,1,1,1
50,male,20.7,133.0,70.0,121.0,5.3,326.0,0,0,0,1.0,2,6,0,0,0,1
29,female,38.5,119.0,76.0,130.0,6.7,87.0,0,0,0,1.7,9,8,1,1,0,0
75,male,22.1,147.0,70.0,147.0,5.9,47.0,0,1,0,2.6,1,3,1,1,1,1
68,female,27.1,153.0,75.0,144.0,5.3,85.0,1,0,0,0.3,4,8,1,1,1,0
32,female,23.7,121.0,76.0,109.0,6.3,157.0,1,0,0,1.8,7,3,0,1,0,0
58,male,18.0,133.0,70.0,107.0,6.6,65.0,0,0,0,2.1,8,3,0,1,1,1
56,female,20.0,132.0,84.0,122.0,5.2,52.0,0,1,1,1.6,10,8,1,1,1,0
19,female,13.1,117.0,68.0,116.0,6.3,10.0,0,0,1,1.4,6,8,1,1,1,0
46,male,28.3,133.0,80.0,118.0,5.9,71.0,0,1,0,1.2,7,8,1,1,1,1
58,male,27.4,151.0,76.0,133.0,6.5,60.0,0,0,1,0.8,9,7,1,1,1,1
27,female,19.3,134.0,74.0,126.0,6.3,131.0,0,1,1,2.3,6,8,1,1,0,0
19,female,32.7,123.0,66.0,127.0,9.0,69.0,0,0,0,1.8,7,6,1,0,1,0
68,male,24.9,153.0,80.0,104.0,7.1,0.0,0,1,1,2.7,2,2,1,1,1,1
28,female,19.8,110.0,73.0,92.0,6.2,79.0,0,0,0,2.2,7,10,0,1,0,0
30,female,19.6,118.0,78.0,130.0,8.1,178.0,0,0,0,1.3,7,7,0,1,0,0
27,male,26.4,132.0,60.0,113.0,4.1,349.0,1,0,0,1.1,2,7,0,1,1,1
31,male,12.4,121.0,64.0,104.0,7.5,26.0,0,0,1,2.7,5,1,0,0,0,1
35,male,16.0,125.0,59.0,112.0,7.1,66.0,0,0,1,2.9,4,7,1,0,1,1
68,male,24.8,146.0,73.0,140.0,7.2,226.0,0,0,0,2.3,7,1,1,1,1,1
71,male,20.0,137.0,76.0,110.0,6.1,5.0,1,0,0,1.7,4,7,1,1,1,1
26,male,32.2,140.0,77.0,112.0,7.9,52.0,0,0,0,1.4,9,6,1,1,0,1
74,female,20.6,148.0,91.0,109.0,7.3,107.0,0,0,0,2.9,9,6,1,1,1,0
56,female,32.5,142.0,86.0,101.0,7.9,50.0,0,0,1,1.9,5,2,1,1,1,0
45,male,18.0,137.0,69.0,115.0,5.7,81.0,0,1,0,1.1,8,7,1,0,1,1
20,male,22.7,126.0,74.0,96.0,8.2,336.0,0,0,1,1.6,3,8,0,0,0,1
37,female,12.8,121.0,77.0,114.0,6.1,3.0,1,0,0,0.9,4,8,1,1,0,0
23,female,29.4,125.0,72.0,106.0,4.9,10.0,0,1,0,1.7,2,3,1,1,0,0
44,female,32.8,129.0,76.0,107.0,9.2,26.0,0,1,1,2.1,3,6,1,1,1,0
70,male,21.0,136.0,75.0,133.0,7.9,58.0,0,0,0,2.1,4,6,1,1,1,1
19,male,22.3,120.0,72.0,112.0,9.3,76.0,0,0,1,1.3,9,5,1,0,0,1
46,female,28.3,137.0,78.0,117.0,6.8,4.0,0,1,0,2.0,4,9,1,0,1,0
55,male,33.8,136.0,79.0,126.0,8.1,257.0,1,1,0,2.2,1,9,1,1,1,1
20,male,26.1,125.0,81.0,117.0,8.4,171.0,0,0,0,1.6,2,3,0,0,0,1
33,male,22.1,123.0,78.0,130.0,6.3,37.0,0,0,1,2.0,7,8,1,1,1,1
47,female,35.5,135.0,68.0,131.0,4.7,36.0,0,0,0,1.4,2,9,1,1,1,0
57,female,31.1,146.0,67.0,131.0,7.3,3.0,0,1,1,1.1,3,5,1,1,1,0
19,male,22.6,123.0,72.0,101.0,7.2,61.0,0,0,1,2.3,10,6,1,1,1,1
34,male,29.1,131.0,73.0,114.0,7.2,35.0,0,1,0,1.4,3,4,1,1,1,1
58,male,23.9,142.0,65.0,79.0,6.8,116.0,0,0,0,2.6,8,6,0,1,1,1
79,male,21.8,135.0,67.0,112.0,6.1,95.0,0,0,1,1.9,7,3,1,1,1,1
29,male,24.9,118.0,70.0,98.0,6.0,378.0,0,0,0,1.7,1,6,0,1,0,1
52,female,24.0,133.0,77.0,104.0,7.7,190.0,0,0,0,2.2,8,10,0,1,1,0
60,male,21.0,136.0,77.0,112.0,3.0,10.0,0,0,1,1.7,3,7,1,1,1,1
18,male,35.0,134.0,70.0,114.0,4.6,146.0,0,0,0,1.7,5,1,0,0,0,1
72,male,15.3,133.0,72.0,103.0,4.4,14.0,0,1,1,2.1,7,7,1,1,1,1
62,female,33.9,140.0,76.0,144.0,4.2,47.0,0,1,0,1.4,3,3,1,1,1,0
32,female,15.1,131.0,72.0,110.0,6.6,97.0,1,0,0,2.7,8,5,0,1,0,0
43,male,21.8,122.0,64.0,115.0,7.5,82.0,0,1,0,2.5,8,5,0,0,0,1
54,female,23.5,144.0,75.0,125.0,7.5,142.0,0,0,0,2.2,9,6,1,1,1,0
38,female,15.8,125.0,77.0,85.0,5.2,199.0,0,0,0,1.0,6,2,0,1,0,0
79,female,30.4,144.0,79.0,110.0,4.6,212.0,1,0,1,2.3,2,9,1,1,1,0
66,female,24.5,132.0,78.0,137.0,7.0,7.0,0,1,0,2.3,8,7,1,1,1,0
48,female,42.0,143.0,82.0,161.0,7.5,123.0,0,1,1,1.5,10,4,1,1,1,0
42,female,24.8,137.0,70.0,116.0,7.6,390.0,0,0,1,2.3,2,5,0,1,0,0
40,male,24.9,131.0,73.0,141.0,5.0,169.0,0,0,0,1.9,9,5,1,1,1,1
41,female,21.8,137.0,65.0,112.0,7.9,88.0,0,0,0,0.9,2,10,1,1,1,0
74,female,27.9,153.0,82.0,119.0,7.0,600.0,0,1,0,1.5,7,6,0,1,1,0
55,male,17.9,139.0,75.0,124.0,5.5,5.0,1,0,0,2.3,3,4,1,1,1,1
45,male,31.3,144.0,83.0,96.0,6.0,11.0,0,0,0,1.9,1,6,0,1,1,1
38,male,26.0,127.0,79.0,108.0,5.6,175.0,0,0,0,0.7,8,4,0,1,1,1
71,male,20.8,147.0,84.0,110.0,5.7,96.0,1,0,0,1.8,7,5,1,1,1,1
60,female,20.8,154.0,83.0,102.0,8.2,16.0,0,0,0,1.6,3,4,1,1,1,0
35,female,30.6,140.0,70.0,112.0,7.5,56.0,0,0,1,0.9,1,9,1,1,1,0
53,female,22.8,132.0,78.0,120.0,5.4,8.0,0,0,1,1.5,10,1,1,1,1,0
52,female,29.7,134.0,81.0,138.0,6.2,90.0,1,0,0,2.2,4,5,1,1,1,0
62,male,13.5,134.0,70.0,123.0,7.6,13.0,1,0,1,1.0,5,5,1,1,1,1
72,female,13.7,143.0,82.0,95.0,4.2,1.0,0,1,0,1.9,3,1,0,1,1,0
26,female,17.7,122.0,69.0,131.0,7.6,47.0,0,1,0,1.6,5,4,1,0,0,0
70,male,24.3,134.0,82.0,138.0,9.4,32.0,1,1,0,2.8,1,2,1,1,1,1
55,female,26.0,144.0,83.0,120.0,7.2,54.0,1,0,1,2.3,7,2,1,1,1,0
75,female,25.5,153.0,81.0,142.0,6.6,52.0,0,0,0,1.3,2,2,1,1,1,0
47,female,26.9,128.0,86.0,107.0,4.8,119.0,1,0,0,3.1,5,10,1,1,1,0
77,female,26.4,154.0,94.0,137.0,3.8,137.0,0,1,0,1.0,10,1,1,1,1,0
61,male,24.0,140.0,76.0,97.0,6.1,16.0,0,1,0,2.2,2,9,1,1,1,1
51,male,20.3,136.0,79.0,110.0,7.4,80.0,0,1,0,1.6,8,6,1,1,0,1
49,male,26.8,140.0,90.0,135.0,6.6,264.0,0,0,1,2.5,3,7,1,1,1,1
20,male,28.1,127.0,68.0,106.0,8.4,19.0,0,0,0,1.4,1,6,1,0,0,1
20,male,21.6,118.0,55.0,101.0,7.3,409.0,1,0,0,1.6,6,4,0,0,0,1
45,female,34.7,143.0,83.0,118.0,5.8,2.0,0,0,1,2.4,8,10,1,1,1,0
61,female,22.8,138.0,74.0,116.0,8.4,13.0,0,1,0,1.4,7,2,1,1,1,0
32,male,20.8,128.0,64.0,96.0,7.6,23.0,0,0,0,1.8,6,5,1,0,0,1
58,male,23.1,135.0,71.0,137.0,4.7,76.0,0,0,0,2.2,5,3,1,1,1,1
40,male,21.6,132.0,63.0,97.0,5.5,43.0,0,1,1,1.5,8,1,1,1,1,1
57,female,16.1,132.0,84.0,115.0,6.2,65.0,0,0,0,0.7,10,2,0,1,1,0
28,male,32.5,123.0,83.0,128.0,9.1,339.0,0,1,0,1.5,4,8,0,1,0,1
65,female,29.8,148.0,77.0,117.0,7.8,50.0,0,0,0,1.6,7,7,1,1,1,0
49,female,38.4,151.0,78.0,112.0,5.5,226.0,0,0,1,1.4,2,7,1,1,1,0
75,female,18.5,144.0,78.0,112.0,10.0,9.0,0,1,0,2.2,9,9,1,1,1,0
76,female,26.5,145.0,89.0,122.0,7.8,201.0,1,0,0,1.2,8,10,1,1,1,0
74,male,27.8,150.0,73.0,138.0,5.3,278.0,1,0,1,2.2,4,2,1,1,1,1
71,female,31.9,142.0,79.0,128.0,6.4,40.0,1,0,1,2.2,7,2,1,1,1,0
53,female,25.2,143.0,83.0,119.0,6.1,95.0,0,0,0,1.8,1,10,1,1,1,0
77,male,19.5,150.0,75.0,104.0,5.7,25.0,0,0,0,2.8,5,6,1,1,1,1
50,female,33.5,140.0,73.0,123.0,8.5,11.0,0,0,0,1.3,2,2,1,1,1,0
41,female,21.6,130.0,74.0,129.0,6.6,177.0,0,0,1,1.7,2,8,1,1,1,0
56,female,29.1,132.0,66.0,136.0,8.0,119.0,0,0,0,1.0,2,9,1,1,1,0
51,male,35.7,147.0,81.0,121.0,6.6,167.0,0,0,1,3.1,2,6,1,1,1,1
73,female,28.9,145.0,78.0,138.0,6.3,70.0,0,1,0,2.2,5,6,1,1,1,0
45,female,33.4,118.0,81.0,122.0,6.0,34.0,0,0,0,1.4,4,5,1,1,1,0
54,male,22.7,136.0,71.0,123.0,6.8,67.0,0,1,0,2.1,1,10,1,1,1,1
24,male,26.6,125.0,74.0,108.0,5.8,8.0,0,0,0,2.8,6,7,1,1,1,1
21,female,31.4,119.0,74.0,103.0,6.8,40.0,0,0,0,2.0,3,6,1,0,1,0
54,female,15.6,139.0,66.0,98.0,6.1,42.0,0,0,0,1.0,8,9,1,1,1,0
73,male,24.9,141.0,73.0,131.0,5.1,150.0,0,1,0,2.2,2,6,1,1,1,1
18,female,29.7,119.0,79.0,80.0,6.3,7.0,1,1,1,1.3,8,1,0,0,0,0
18,male,23.1,130.0,75.0,119.0,4.5,34.0,1,0,1,2.1,6,4,1,1,1,1
64,female,25.7,144.0,67.0,119.0,8.6,39.0,1,0,1,1.4,5,7,1,1,1,0
37,male,38.5,130.0,74.0,118.0,7.5,96.0,0,0,0,2.1,10,3,1,1,1,1
36,female,23.4,129.0,74.0,124.0,6.2,34.0,0,0,0,1.8,6,6,1,1,1,0
46,male,22.8,126.0,77.0,81.0,4.5,17.0,0,0,1,0.8,6,4,1,1,1,1
27,male,25.7,116.0,73.0,117.0,6.8,36.0,0,0,0,1.7,4,5,1,0,1,1
77,male,30.2,138.0,83.0,150.0,7.1,66.0,0,0,1,2.0,1,8,1,1,1,1
35,male,33.7,140.0,73.0,104.0,7.3,89.0,1,0,0,2.5,2,6,1,1,1,1
45,male,22.1,125.0,74.0,108.0,5.8,4.0,0,0,1,1.2,8,2,1,1,1,1
52,female,17.8,124.0,67.0,117.0,7.1,44.0,0,0,0,1.9,9,3,1,0,1,0
60,female,18.3,133.0,72.0,96.0,9.3,173.0,0,0,0,1.9,4,1,0,0,1,0
64,male,25.3,161.0,65.0,125.0,6.1,109.0,0,0,0,0.9,8,9,1,1,1,1
48,female,34.2,144.0,71.0,157.0,8.1,73.0,1,0,1,3.4,10,10,1,1,1,0
44,female,23.3,138.0,68.0,118.0,6.8,72.0,0,0,0,1.2,6,6,1,1,1,0
79,female,30.3,142.0,76.0,135.0,6.6,55.0,1,1,0,1.6,1,10,1,1,1,0
28,female,16.1,124.0,73.0,88.0,7.0,50.0,0,0,1,2.2,6,9,1,1,0,0
66,female,21.3,139.0,67.0,135.0,6.1,61.0,1,0,0,2.1,7,3,1,1,1,0
66,female,29.7,139.0,75.0,94.0,7.0,244.0,0,0,1,3.0,1,5,0,1,1,0
55,male,24.8,135.0,80.0,118.0,8.1,76.0,0,0,0,1.5,9,5,1,1,1,1
22,female,21.0,116.0,62.0,116.0,8.0,133.0,1,0,0,2.3,6,5,0,0,1,0
25,female,17.2,122.0,77.0,73.0,8.3,198.0,1,0,1,1.6,8,9,0,1,0,0
51,female,29.2,136.0,77.0,97.0,6.0,68.0,0,1,0,2.2,8,2,0,1,1,0
65,male,21.7,134.0,80.0,101.0,6.9,219.0,0,0,0,2.0,9,6,0,1,1,1
69,female,35.7,147.0,75.0,149.0,9.6,590.0,0,0,1,0.9,1,8,0,1,1,0
73,female,29.6,154.0,75.0,121.0,5.5,84.0,0,1,0,1.5,6,10,1,1,1,0
29,female,26.7,119.0,72.0,124.0,6.7,62.0,0,1,0,1.3,9,10,1,0,1,0
55,male,26.7,134.0,81.0,129.0,5.2,197.0,0,1,0,2.0,8,4,0,1,1,1
18,female,28.4,127.0,76.0,91.0,6.9,126.0,0,1,1,1.8,4,1,0,0,0,0
48,male,32.1,134.0,79.0,119.0,8.2,114.0,0,0,1,2.3,5,5,1,0,1,1
21,female,21.9,132.0,68.0,103.0,9.0,261.0,1,0,0,2.7,9,5,0,1,0,0
66,male,22.8,149.0,72.0,126.0,5.5,126.0,0,1,1,1.1,5,4,1,1,1,1
62,male,24.1,149.0,83.0,123.0,5.7,123.0,0,1,0,1.2,9,2,0,1,1,1
67,male,22.5,146.0,75.0,120.0,8.9,28.0,0,0,1,1.6,1,7,1,1,1,1
22,female,15.9,126.0,59.0,115.0,3.0,140.0,0,0,1,2.3,10,7,0,0,1,0
47,male,19.1,130.0,67.0,125.0,6.0,293.0,0,0,1,0.9,9,3,0,1,1,1
73,male,21.3,137.0,73.0,104.0,8.1,103.0,0,0,0,2.9,10,10,1,1,1,1
41,male,18.6,123.0,70.0,104.0,4.6,280.0,1,1,0,2.4,9,6,0,0,0,1
76,male,23.8,132.0,78.0,125.0,5.4,50.0,1,1,1,1.8,6,2,1,1,1,1
20,female,20.2,117.0,61.0,105.0,8.4,5.0,1,1,0,2.6,7,1,0,0,0,0
28,female,34.0,129.0,71.0,126.0,4.2,71.0,0,0,0,1.7,6,9,1,0,1,0
62,female,24.8,138.0,75.0,125.0,4.2,0.0,0,1,1,0.8,4,10,1,1,1,0
21,female,30.5,147.0,71.0,121.0,7.9,20.0,1,0,1,2.5,7,1,1,1,1,0
43,male,24.2,126.0,69.0,123.0,8.9,25.0,0,0,0,2.3,2,10,1,1,1,1
44,female,21.7,129.0,88.0,109.0,8.7,92.0,0,0,0,2.1,3,5,1,1,1,0
63,male,30.5,161.0,76.0,122.0,3.4,359.0,0,0,0,2.1,4,3,0,1,1,1
71,female,27.6,139.0,75.0,143.0,8.7,2.0,0,0,0,1.4,3,9,1,1,1,0
60,female,29.4,133.0,71.0,118.0,6.9,32.0,0,0,1,0.8,9,8,1,1,1,0
44,female,32.4,136.0,81.0,131.0,5.7,419.0,0,0,0,0.4,4,4,0,1,0,0
59,male,19.2,130.0,63.0,106.0,5.6,256.0,0,1,0,0.6,10,8,0,1,0,1
68,female,21.8,149.0,66.0,124.0,7.7,216.0,0,1,0,1.8,1,5,1,1,1,0
67,female,47.2,156.0,84.0,147.0,7.4,12.0,1,1,0,0.9,8,10,1,1,1,0
23,female,13.5,109.0,70.0,107.0,8.6,124.0,0,1,0,0.8,4,8,0,0,0,0
76,male,21.6,146.0,77.0,141.0,6.0,27.0,0,1,0,1.1,9,2,1,1,1,1
78,female,25.1,148.0,91.0,114.0,6.2,126.0,0,1,0,1.8,9,8,1,1,1,0
32,female,25.6,117.0,69.0,114.0,7.8,67.0,0,1,1,2.4,9,7,1,0,1,0
70,male,19.1,143.0,74.0,126.0,5.8,121.0,1,0,0,3.2,9,6,0,1,1,1
47,male,31.5,142.0,76.0,130.0,7.9,67.0,0,0,0,2.9,7,8,1,1,1,1
59,female,21.4,126.0,76.0,113.0,5.3,286.0,0,0,1,1.6,9,7,1,1,1,0
54,female,30.5,130.0,77.0,128.0,9.4,3.0,0,0,1,1.1,7,5,1,1,1,0
75,female,18.5,138.0,76.0,119.0,9.4,26.0,0,0,0,2.2,8,5,1,1,1,0
78,male,27.8,143.0,72.0,137.0,5.8,215.0,1,1,0,1.7,2,10,1,1,1,1
54,male,29.8,144.0,81.0,122.0,6.9,160.0,0,1,1,1.8,4,7,1,1,1,1
59,male,25.1,135.0,82.0,120.0,7.0,25.0,0,0,1,1.6,4,8,1,1,1,1
77,female,24.8,144.0,76.0,129.0,6.6,16.0,1,0,0,1.4,4,4,1,1,1,0
54,male,24.1,128.0,75.0,112.0,5.5,45.0,0,0,1,2.2,3,3,1,1,1,1
52,female,26.4,144.0,85.0,110.0,6.9,79.0,0,0,0,2.4,1,2,1,1,1,0
40,male,32.2,129.0,71.0,105.0,4.9,6.0,1,0,0,1.7,6,6,1,1,1,1
23,male,26.4,117.0,73.0,109.0,8.8,224.0,0,0,0,2.0,5,7,0,0,0,1
21,male,25.1,124.0,71.0,100.0,8.9,88.0,0,0,1,1.4,3,2,1,0,0,1
35,female,29.4,140.0,84.0,113.0,8.6,302.0,0,0,1,1.6,7,2,0,1,0,0
77,female,23.1,148.0,90.0,139.0,8.6,47.0,0,0,0,1.5,6,3,1,1,1,0
26,female,22.8,120.0,76.0,105.0,7.8,6.0,0,1,1,2.1,4,4,1,0,0,0
66,female,33.8,143.0,101.0,145.0,5.6,246.0,0,0,1,1.7,9,5,1,1,1,0
46,male,26.2,123.0,75.0,122.0,5.1,19.0,0,0,1,2.0,4,4,1,1,1,1
30,female,32.5,147.0,55.0,115.0,5.4,49.0,1,0,0,1.4,9,4,1,0,1,0
76,male,22.6,156.0,75.0,111.0,7.4,75.0,0,1,0,3.0,3,3,1,1,1,1
64,female,29.7,146.0,76.0,125.0,5.1,81.0,0,0,0,1.7,7,7,1,1,1,0
79,female,19.9,143.0,87.0,117.0,7.0,3.0,0,0,1,0.9,7,7,1,1,1,0
69,male,19.5,130.0,75.0,133.0,7.5,90.0,0,0,1,2.4,1,4,1,1,1,1
34,male,28.5,130.0,82.0,139.0,6.6,10.0,0,1,0,0.9,1,1,1,1,1,1
62,female,21.0,145.0,80.0,130.0,6.8,47.0,1,0,1,1.3,2,2,1,1,1,0
49,female,21.2,138.0,75.0,105.0,10.0,445.0,0,1,0,1.9,4,4,0,1,0,0
65,male,30.3,141.0,81.0,127.0,6.8,39.0,0,0,1,1.5,2,4,1,1,1,1
39,male,21.6,135.0,74.0,108.0,7.3,201.0,0,1,0,1.6,10,8,0,1,0,1
21,male,15.7,127.0,75.0,93.0,8.3,86.0,0,0,0,1.6,10,2,0,1,0,1
22,male,22.2,122.0,68.0,106.0,8.0,27.0,0,0,0,1.6,5,1,1,0,1,1
54,male,20.5,142.0,72.0,113.0,7.9,154.0,0,0,0,0.7,2,9,1,1,0,1
58,female,33.2,156.0,81.0,149.0,7.2,97.0,0,0,0,2.3,8,6,1,1,1,0
66,female,37.0,164.0,82.0,137.0,7.2,91.0,0,0,0,1.9,6,1,1,1,1,0
30,female,19.1,119.0,69.0,116.0,4.4,4.0,0,0,1,1.9,3,6,1,0,1,0
51,female,28.3,141.0,89.0,133.0,9.1,49.0,0,1,0,1.7,2,9,1,1,1,0
62,male,24.7,145.0,81.0,130.0,6.0,159.0,0,0,1,1.5,9,9,1,1,1,1
39,male,31.1,134.0,72.0,136.0,7.9,191.0,0,1,1,2.0,1,5,1,1,1,1
70,male,35.3,159.0,85.0,128.0,6.5,202.0,0,0,1,2.5,6,1,1,1,1,1
76,female,32.0,150.0,75.0,143.0,10.0,5.0,1,0,1,2.2,7,5,1,1,1,0
40,male,24.6,130.0,66.0,138.0,5.7,21.0,1,0,1,2.9,9,10,1,1,1,1
68,male,20.9,129.0,81.0,111.0,9.9,509.0,0,0,0,1.6,7,5,0,1,0,1
20,female,21.3,107.0,64.0,101.0,6.6,20.0,1,1,0,1.7,4,2,0,0,1,0
59,female,20.9,133.0,75.0,112.0,7.7,29.0,1,0,0,2.5,2,3,1,1,1,0
51,female,16.3,107.0,66.0,136.0,6.8,195.0,0,1,1,1.3,6,4,1,0,1,0
49,male,27.4,146.0,74.0,107.0,8.9,60.0,1,0,0,2.0,10,3,0,1,0,1
62,male,38.5,155.0,78.0,135.0,7.0,15.0,1,1,0,2.3,7,3,1,1,1,1
68,female,28.9,150.0,78.0,132.0,7.2,16.0,0,0,0,2.6,6,3,1,1,1,0
75,female,15.0,148.0,90.0,109.0,6.9,10.0,1,0,0,1.3,4,2,1,1,1,0
66,male,24.7,139.0,85.0,110.0,7.5,24.0,1,1,0,1.8,7,6,1,1,1,1
38,female,26.1,133.0,73.0,105.0,5.6,82.0,0,1,1,1.8,10,9,1,1,1,0
63,male,39.5,146.0,80.0,131.0,3.9,2.0,1,1,1,0.6,6,1,1,1,1,1
61,female,16.2,143.0,70.0,106.0,7.4,15.0,0,0,0,1.3,6,2,1,1,1,0
38,female,29.9,113.0,68.0,136.0,9.6,285.0,1,0,0,2.1,2,10,1,1,1,0
61,female,28.8,151.0,77.0,118.0,6.3,251.0,0,1,0,2.7,2,6,1,1,1,0
28,male,24.5,111.0,80.0,104.0,7.8,215.0,0,1,0,1.8,6,1,0,1,0,1
56,male,15.7,130.0,55.0,116.0,4.9,147.0,1,0,0,1.3,1,10,1,1,1,1
21,female,26.9,116.0,77.0,114.0,6.1,130.0,0,0,0,1.4,8,7,0,0,0,0
68,male,32.5,146.0,87.0,91.0,6.9,39.0,0,0,0,0.8,9,3,1,1,1,1
18,female,23.1,117.0,57.0,96.0,6.8,49.0,0,0,0,2.6,8,6,0,0,0,0
45,female,23.9,129.0,74.0,109.0,8.3,32.0,0,0,1,2.5,10,3,1,1,1,0
41,male,33.3,141.0,74.0,110.0,4.4,471.0,0,0,1,1.0,6,6,0,1,1,1
78,male,24.8,148.0,78.0,137.0,6.6,121.0,1,1,0,2.7,10,4,1,1,1,1
52,male,22.7,142.0,76.0,98.0,6.0,405.0,0,0,0,2.3,1,9,0,1,0,1
30,male,20.1,127.0,72.0,120.0,5.6,38.0,0,1,1,1.8,8,3,1,0,1,1
64,female,19.3,124.0,67.0,91.0,5.8,116.0,1,1,0,1.1,2,5,1,1,1,0
51,male,37.5,162.0,89.0,130.0,7.2,171.0,0,0,1,1.5,4,6,1,1,1,1
28,male,35.4,117.0,72.0,139.0,7.0,12.0,0,0,0,2.0,1,10,1,0,1,1
53,female,30.9,142.0,93.0,117.0,6.5,132.0,1,1,0,1.3,1,1,1,1,1,0
68,female,15.0,142.0,69.0,114.0,5.0,22.0,1,0,0,1.4,5,7,1,1,1,0
78,female,22.6,147.0,72.0,136.0,6.5,48.0,1,0,1,1.1,6,9,1,1,1,0
34,female,17.8,123.0,72.0,118.0,8.3,151.0,0,0,0,1.7,9,6,0,1,0,0
52,male,17.3,143.0,78.0,115.0,4.7,70.0,0,0,1,1.3,3,10,1,1,1,1
77,male,25.7,155.0,87.0,124.0,5.9,305.0,0,0,0,1.8,2,4,0,1,0,1
35,female,24.0,128.0,67.0,110.0,5.3,33.0,0,0,0,2.1,2,7,0,0,1,0
57,female,22.6,133.0,73.0,101.0,5.4,20.0,0,1,0,2.1,8,4,0,1,1,0
39,male,23.9,123.0,84.0,101.0,6.5,49.0,0,1,0,2.7,9,9,1,1,1,1
74,male,20.6,136.0,75.0,121.0,6.0,229.0,1,1,0,2.0,8,8,1,1,1,1
41,male,24.0,130.0,79.0,117.0,5.7,226.0,1,1,0,1.7,3,1,0,1,1,1
75,male,35.3,138.0,70.0,165.0,6.8,55.0,0,0,1,2.7,10,3,1,1,1,1
36,male,28.6,131.0,64.0,126.0,4.8,199.0,0,0,0,1.9,10,1,0,1,1,1
54,female,33.2,148.0,84.0,122.0,9.4,10.0,0,0,0,1.6,8,1,1,1,1,0
56,female,25.9,133.0,75.0,126.0,6.1,1.0,0,0,1,1.5,10,7,1,1,1,0
38,female,32.0,134.0,80.0,99.0,6.3,240.0,0,0,0,2.7,6,7,0,1,0,0
25,female,24.9,127.0,67.0,111.0,6.4,249.0,1,0,1,1.6,6,9,1,1,1,0
45,male,12.8,130.0,61.0,113.0,5.5,19.0,0,1,0,1.7,9,1,0,0,1,1
22,female,17.4,118.0,69.0,111.0,8.4,42.0,0,0,0,2.2,8,2,0,0,0,0
34,male,15.9,137.0,61.0,104.0,7.1,228.0,1,1,0,1.5,1,9,0,1,1,1
54,male,24.0,136.0,76.0,125.0,3.5,10.0,0,1,1,1.8,7,9,1,1,1,1
53,male,33.5,131.0,72.0,123.0,5.2,239.0,0,0,1,1.5,6,10,1,1,1,1
71,male,20.9,138.0,81.0,125.0,6.0,103.0,0,0,1,1.8,5,2,1,1,1,1
36,male,16.8,135.0,69.0,95.0,7.6,128.0,0,0,0,1.8,3,4,0,1,0,1
44,male,18.3,138.0,70.0,96.0,8.3,108.0,0,0,1,1.6,1,7,0,1,1,1
70,male,25.8,130.0,80.0,139.0,6.6,105.0,0,0,0,2.3,8,1,1,1,1,1
51,female,36.0,140.0,84.0,125.0,8.9,25.0,1,1,0,2.3,3,2,1,1,1,0
28,male,27.5,123.0,74.0,118.0,7.8,32.0,0,1,0,3.0,7,5,1,1,0,1
71,female,34.9,156.0,92.0,123.0,9.6,104.0,0,0,0,0.8,6,10,1,1,1,0
62,female,32.2,135.0,89.0,114.0,6.1,62.0,0,0,1,1.4,2,2,1,1,1,0
64,male,15.4,147.0,70.0,106.0,6.3,94.0,0,0,0,1.9,2,6,1,1,1,1
29,male,29.8,118.0,67.0,121.0,7.1,35.0,0,0,0,2.0,3,1,1,0,0,1
71,female,17.0,137.0,68.0,92.0,5.8,75.0,0,1,0,2.6,3,6,1,1,1,0
38,female,21.8,119.0,83.0,114.0,7.8,19.0,0,0,1,0.8,2,5,1,1,1,0
71,female,20.9,146.0,70.0,128.0,5.2,5.0,0,0,1,2.4,8,9,1,1,1,0
28,female,27.5,111.0,70.0,103.0,4.9,362.0,0,0,0,1.4,1,8,0,1,1,0
56,male,28.3,138.0,77.0,125.0,6.7,154.0,0,0,0,1.2,3,8,1,1,1,1
45,male,25.0,131.0,85.0,118.0,8.7,83.0,0,1,1,1.9,1,10,1,1,1,1
22,male,20.3,114.0,62.0,94.0,7.4,96.0,1,1,1,1.8,4,9,0,0,0,1
34,female,24.5,138.0,79.0,110.0,7.9,86.0,0,1,0,3.4,1,5,1,1,1,0
73,male,25.9,158.0,79.0,125.0,9.0,275.0,1,1,0,2.2,1,10,0,1,1,1
37,female,26.2,127.0,73.0,104.0,7.4,178.0,0,0,1,2.3,4,10,0,1,1,0
58,male,41.2,149.0,81.0,130.0,6.4,47.0,0,0,0,1.6,6,7,1,1,1,1
63,female,38.3,143.0,77.0,133.0,8.7,30.0,1,1,1,1.7,6,3,1,1,1,0
75,male,22.7,134.0,76.0,126.0,8.1,8.0,0,0,0,1.0,4,6,1,1,1,1
29,male,21.6,116.0,66.0,131.0,5.8,19.0,0,0,0,2.1,7,8,1,0,1,1
23,female,21.2,113.0,62.0,94.0,5.7,81.0,0,0,0,0.9,8,4,0,0,0,0
34,female,24.3,138.0,65.0,128.0,6.7,27.0,0,0,0,1.2,2,10,1,1,1,0
68,female,27.6,147.0,86.0,114.0,8.0,45.0,0,1,1,1.9,9,1,1,1,1,0
36,female,31.5,126.0,73.0,119.0,5.5,17.0,0,0,1,1.5,5,3,1,0,1,0
43,female,21.5,123.0,77.0,123.0,7.0,307.0,0,1,1,1.3,6,7,1,1,1,0
65,male,21.2,131.0,75.0,124.0,8.0,4.0,0,1,0,1.5,1,10,1,1,1,1
61,female,24.5,124.0,75.0,92.0,6.5,52.0,0,0,0,2.1,4,6,1,1,0,0
61,male,17.1,139.0,74.0,127.0,7.2,36.0,0,0,0,2.2,7,1,1,1,1,1
69,male,27.5,143.0,83.0,129.0,7.4,1.0,0,1,1,1.1,6,6,1,1,1,1
49,male,31.4,152.0,73.0,116.0,7.8,317.0,1,0,0,2.1,2,6,0,1,1,1
23,male,35.8,114.0,73.0,118.0,6.9,45.0,0,0,0,2.3,7,2,1,0,0,1
72,male,22.3,149.0,83.0,127.0,6.6,84.0,0,0,0,3.1,9,6,1,1,1,1
75,female,18.2,148.0,83.0,126.0,8.1,105.0,1,0,0,2.1,9,9,1,1,1,0
53,female,35.0,151.0,87.0,134.0,3.5,113.0,0,0,0,0.6,3,8,1,1,1,0
55,male,25.6,139.0,70.0,111.0,7.9,74.0,0,1,0,2.2,6,3,1,1,1,1
28,male,40.3,143.0,72.0,125.0,7.6,108.0,0,1,0,2.5,1,3,1,1,1,1
50,female,34.5,143.0,77.0,116.0,8.8,167.0,0,0,1,2.5,4,5,1,1,1,0
79,female,13.2,134.0,68.0,125.0,7.5,365.0,0,1,1,2.6,5,7,1,1,1,0
41,male,23.8,127.0,79.0,111.0,5.5,128.0,0,0,0,2.6,9,1,1,0,1,1
40,female,24.8,127.0,75.0,120.0,6.9,74.0,0,0,1,1.8,3,3,1,1,1,0
32,female,26.0,138.0,72.0,107.0,5.5,71.0,0,0,0,1.9,9,6,0,1,1,0
44,female,25.3,143.0,80.0,117.0,8.3,148.0,1,1,1,1.4,5,2,1,1,1,0
28,male,39.3,141.0,71.0,121.0,3.6,118.0,0,0,0,1.2,3,2,0,1,1,1
74,female,21.5,143.0,84.0,107.0,4.7,65.0,0,0,0,1.3,2,5,1,1,1,0
68,male,14.5,119.0,85.0,127.0,5.2,49.0,0,1,0,2.4,9,5,1,1,1,1
67,male,22.5,147.0,79.0,128.0,4.7,598.0,0,0,0,1.3,6,3,0,1,0,1
34,male,32.4,139.0,75.0,104.0,6.4,175.0,0,0,0,1.9,6,10,0,1,1,1
68,male,18.2,140.0,77.0,107.0,6.3,28.0,0,1,1,2.1,2,4,1,1,1,1
70,male,32.9,152.0,72.0,123.0,7.9,41.0,1,0,0,2.2,8,5,1,1,1,1
31,female,28.8,123.0,72.0,131.0,4.3,269.0,0,0,0,2.7,5,10,0,1,0,0
44,male,26.2,131.0,87.0,127.0,6.1,130.0,1,1,1,2.1,10,6,1,1,1,1
35,male,32.6,127.0,88.0,122.0,7.1,45.0,0,0,0,1.9,6,5,1,1,1,1
45,male,21.5,130.0,74.0,94.0,5.6,54.0,0,1,0,2.8,9,9,1,1,1,1
68,female,24.4,149.0,74.0,128.0,4.7,57.0,0,1,0,1.3,8,6,1,1,1,0
64,female,22.9,143.0,83.0,122.0,7.7,25.0,0,0,1,1.8,9,10,1,1,1,0
64,female,34.4,138.0,80.0,126.0,7.5,86.0,0,0,0,1.7,7,2,1,1,1,0
21,female,26.7,139.0,77.0,126.0,4.0,174.0,1,1,1,2.1,1,5,1,1,1,0
24,female,18.9,122.0,65.0,102.0,6.2,100.0,0,0,1,2.1,1,10,1,0,0,0
62,female,27.5,136.0,79.0,137.0,6.0,128.0,0,0,0,1.0,4,9,1,1,1,0
52,female,29.1,136.0,74.0,117.0,9.2,109.0,0,0,0,1.0,2,1,1,1,1,0
65,male,20.5,134.0,76.0,108.0,4.3,7.0,0,1,1,1.2,9,10,1,1,1,1
26,male,21.4,125.0,67.0,92.0,6.2,25.0,0,0,0,1.8,4,1,1,0,0,1
25,female,22.6,113.0,70.0,107.0,7.8,52.0,0,0,0,1.1,5,4,0,0,0,0
69,male,38.7,153.0,84.0,136.0,6.6,264.0,0,1,0,0.9,2,7,1,1,1,1
62,male,20.3,144.0,80.0,105.0,8.2,51.0,0,0,0,1.3,9,9,1,1,1,1
34,female,21.8,132.0,71.0,99.0,4.2,48.0,0,0,1,1.6,8,2,1,0,1,0
34,male,19.9,128.0,80.0,122.0,5.1,10.0,0,0,1,1.3,7,9,1,1,1,1
66,male,25.2,146.0,70.0,131.0,6.4,429.0,1,0,0,2.1,7,4,0,1,1,1
50,female,19.6,135.0,64.0,135.0,7.4,181.0,0,0,0,2.1,8,1,1,1,1,0
49,male,28.6,145.0,72.0,101.0,6.8,174.0,0,0,1,2.7,10,7,1,1,1,1
25,female,24.8,123.0,71.0,130.0,7.6,58.0,0,0,1,2.1,10,5,1,1,1,0
36,female,19.5,119.0,81.0,99.0,6.4,10.0,1,0,0,1.3,7,1,0,1,1,0
55,male,21.3,138.0,74.0,100.0,5.1,37.0,0,0,0,2.0,10,1,0,1,1,1
20,male,26.9,133.0,65.0,113.0,7.5,230.0,0,1,0,1.8,7,10,0,0,1,1
76,male,18.4,138.0,73.0,97.0,4.8,24.0,0,0,1,2.3,6,2,1,1,1,1
22,female,29.1,139.0,73.0,126.0,5.5,270.0,0,1,0,2.1,9,7,0,0,1,0
30,female,40.2,139.0,70.0,127.0,5.0,92.0,0,0,0,2.0,4,7,1,1,1,0
64,female,18.5,144.0,87.0,107.0,7.0,150.0,0,0,0,2.6,5,3,0,1,1,0
63,male,15.9,125.0,60.0,125.0,6.7,73.0,1,1,0,2.7,6,2,1,1,1,1
78,male,19.8,149.0,73.0,120.0,5.3,323.0,0,0,0,1.3,7,10,1,1,1,1
48,female,18.9,134.0,70.0,112.0,5.8,33.0,1,0,0,1.1,5,8,0,1,1,0
72,male,28.7,163.0,74.0,135.0,6.3,102.0,1,0,0,0.9,5,7,1,1,1,1
33,male,19.2,129.0,75.0,100.0,7.6,9.0,1,1,1,2.2,10,9,1,1,1,1
67,female,23.3,146.0,73.0,108.0,6.8,79.0,0,0,1,1.2,10,9,1,1,1,0
49,female,18.4,124.0,77.0,110.0,7.2,432.0,0,1,1,1.5,6,1,0,0,1,0
39,male,21.1,131.0,82.0,94.0,7.4,11.0,0,0,0,2.2,10,2,0,0,0,1
46,female,23.7,142.0,81.0,110.0,6.8,85.0,1,1,1,2.6,9,7,1,1,1,0
39,male,21.9,126.0,73.0,99.0,7.1,111.0,0,0,0,1.5,6,8,0,1,0,1
60,female,18.5,129.0,75.0,111.0,6.6,322.0,0,0,0,2.8,8,6,0,1,0,0
20,female,24.5,139.0,76.0,97.0,8.7,42.0,0,0,0,1.7,4,5,0,0,0,0
71,female,30.3,144.0,78.0,124.0,7.5,84.0,1,0,0,2.8,7,6,1,1,1,0
27,male,25.2,133.0,69.0,123.0,9.2,523.0,1,0,0,1.2,5,2,0,1,0,1
59,male,39.0,143.0,75.0,124.0,8.4,176.0,0,0,1,1.9,4,9,1,1,1,1
79,female,43.4,154.0,87.0,147.0,6.5,200.0,0,0,0,1.6,2,10,1,1,1,0
38,female,31.1,133.0,69.0,98.0,6.5,182.0,0,0,1,2.3,9,4,1,1,0,0
33,female,28.3,135.0,69.0,111.0,4.6,87.0,0,0,0,1.5,5,9,1,1,1,0
29,male,26.9,137.0,85.0,103.0,5.4,68.0,0,0,1,2.2,6,8,0,1,1,1
19,female,41.1,128.0,79.0,123.0,8.1,35.0,0,0,1,2.1,1,10,1,1,1,0
58,female,19.0,144.0,77.0,108.0,8.0,75.0,0,0,1,2.8,4,4,1,1,1,0
41,female,31.0,136.0,71.0,131.0,4.2,2.0,0,1,0,1.1,5,5,1,1,1,0
52,female,20.7,132.0,79.0,110.0,8.5,12.0,0,0,0,2.1,4,10,1,1,1,0
73,male,26.7,150.0,73.0,139.0,8.3,41.0,0,0,1,2.8,2,7,1,1,1,1
47,male,19.4,142.0,64.0,86.0,8.3,49.0,0,0,1,2.2,1,5,0,1,1,1
74,female,27.9,150.0,76.0,128.0,7.5,148.0,0,1,0,2.6,9,2,1,1,1,0
47,male,21.0,126.0,66.0,115.0,7.5,23.0,0,0,0,1.2,4,8,1,1,1,1
64,male,37.6,149.0,84.0,122.0,6.6,191.0,0,0,0,0.9,8,10,1,1,1,1
52,male,23.1,139.0,77.0,116.0,6.0,194.0,0,0,0,2.3,8,8,1,1,1,1
36,female,24.0,124.0,74.0,118.0,8.3,106.0,1,0,1,2.3,4,8,1,1,1,0
67,male,21.3,142.0,80.0,132.0,6.5,81.0,0,1,1,1.1,8,10,1,1,1,1
25,male,38.3,127.0,78.0,119.0,3.0,76.0,1,0,1,1.7,4,8,1,1,1,1
43,male,32.0,141.0,72.0,116.0,7.6,65.0,0,1,1,1.6,6,6,1,1,1,1
66,female,38.3,161.0,84.0,127.0,5.4,11.0,0,1,0,1.8,5,10,1,1,1,0
57,female,27.6,139.0,79.0,123.0,7.0,128.0,0,0,0,1.6,1,2,1,1,1,0
24,male,35.0,137.0,70.0,107.0,9.0,103.0,0,0,0,1.8,9,4,1,1,0,1
47,male,15.3,136.0,69.0,117.0,9.5,2.0,0,0,1,2.7,6,2,1,0,1,1
24,female,21.2,119.0,75.0,87.0,7.7,27.0,0,1,0,2.3,10,2,0,0,0,0
20,female,22.1,125.0,62.0,105.0,8.5,69.0,0,0,1,1.5,9,9,0,0,1,0
18,male,30.7,135.0,74.0,97.0,7.8,278.0,0,1,1,3.0,4,9,0,1,0,1
53,male,23.2,148.0,74.0,116.0,7.8,556.0,0,0,0,1.7,4,5,0,1,0,1
42,female,14.0,123.0,70.0,115.0,8.0,167.0,0,0,1,1.9,4,3,0,0,1,0
54,female,27.3,129.0,75.0,123.0,5.4,166.0,0,1,1,1.8,2,9,1,1,1,0
18,male,16.1,122.0,70.0,93.0,5.1,64.0,0,0,0,1.6,3,7,0,0,0,1
32,female,30.3,133.0,64.0,125.0,8.1,102.0,0,0,0,1.7,5,4,0,0,0,0
54,male,24.9,137.0,77.0,86.0,7.2,32.0,0,0,0,0.8,4,3,1,1,1,1
30,male,34.8,129.0,69.0,119.0,7.0,161.0,1,1,1,1.5,1,8,1,1,1,1
57,male,24.2,144.0,82.0,109.0,6.2,7.0,0,0,0,3.3,8,6,1,1,1,1
25,female,18.6,116.0,62.0,110.0,6.3,65.0,0,1,0,2.0,4,4,0,0,0,0
22,male,16.4,113.0,55.0,71.0,8.4,214.0,0,1,0,1.7,4,9,0,0,0,1
77,male,24.5,144.0,69.0,120.0,5.7,469.0,1,0,0,2.4,7,1,0,1,1,1
26,female,20.3,130.0,70.0,98.0,6.8,143.0,1,0,0,1.5,6,5,0,1,0,0
18,female,24.2,111.0,61.0,118.0,5.8,26.0,1,0,1,2.2,2,3,1,0,0,0
53,male,22.9,127.0,67.0,107.0,4.8,102.0,0,0,0,2.7,4,2,0,0,1,1
52,male,27.4,131.0,72.0,118.0,6.9,99.0,0,0,0,2.0,2,5,1,1,1,1
19,female,30.5,142.0,75.0,114.0,7.8,405.0,0,0,1,0.8,3,3,1,1,0,0
57,female,20.0,137.0,70.0,115.0,5.4,220.0,0,1,0,1.5,10,7,0,1,1,0
40,female,24.3,122.0,72.0,113.0,5.9,6.0,1,1,0,2.1,6,1,1,0,1,0
26,male,30.2,127.0,72.0,116.0,5.3,30.0,0,0,1,2.1,9,5,1,1,0,1
51,male,29.8,144.0,68.0,122.0,7.0,221.0,1,0,0,2.2,1,7,0,1,1,1
63,male,25.8,157.0,80.0,151.0,6.2,431.0,0,0,0,0.9,4,6,1,1,0,1
31,female,31.1,119.0,87.0,96.0,4.0,42.0,0,1,0,2.0,8,2,0,0,1,0
21,male,20.3,112.0,59.0,95.0,6.3,141.0,0,0,0,1.6,4,5,0,0,0,1
47,female,14.0,124.0,66.0,106.0,8.2,44.0,0,1,1,1.7,6,3,1,0,1,0
48,male,31.6,136.0,69.0,136.0,8.3,5.0,0,1,0,1.4,1,2,1,1,1,1
55,female,28.9,137.0,76.0,134.0,8.4,212.0,1,0,1,2.4,10,8,1,1,1,0
28,male,28.7,128.0,64.0,127.0,5.5,161.0,0,1,0,2.0,4,2,1,1,1,1
52,male,29.9,155.0,84.0,122.0,5.3,7.0,1,0,0,2.2,7,4,1,1,1,1
25,female,17.3,110.0,77.0,118.0,6.0,19.0,1,1,0,2.4,6,8,0,0,1,0
20,female,37.3,132.0,78.0,112.0,8.1,600.0,0,1,0,1.3,9,10,0,1,0,0
31,male,32.8,137.0,80.0,130.0,8.0,126.0,0,0,0,2.4,3,9,1,1,1,1
77,female,24.4,134.0,80.0,127.0,6.8,193.0,1,0,1,2.4,5,6,1,1,1,0
30,female,18.6,135.0,77.0,108.0,8.3,59.0,0,0,0,1.7,7,5,0,1,0,0
62,male,24.4,138.0,75.0,105.0,7.6,88.0,1,0,0,2.4,1,4,1,1,1,1
49,female,37.2,133.0,75.0,107.0,6.2,116.0,0,0,1,1.7,9,1,1,1,1,0
51,male,27.7,149.0,80.0,117.0,6.4,197.0,0,1,1,0.8,9,10,1,1,1,1
62,male,17.9,141.0,72.0,114.0,5.2,50.0,1,1,1,2.0,3,5,1,1,1,1
78,female,30.4,145.0,94.0,117.0,6.6,134.0,0,0,0,1.3,8,4,0,1,1,0
36,female,22.4,134.0,78.0,122.0,6.0,179.0,0,0,0,1.8,2,6,0,1,0,0
76,male,33.9,154.0,78.0,123.0,5.5,196.0,0,1,0,2.7,4,6,1,1,1,1
55,male,21.9,123.0,74.0,123.0,5.8,83.0,0,1,1,1.7,7,7,1,0,1,1
33,male,25.0,117.0,72.0,109.0,8.7,77.0,0,0,0,2.7,9,4,0,0,0,1
19,male,35.6,132.0,69.0,127.0,6.2,13.0,0,1,1,1.5,4,1,1,0,1,1
57,male,23.8,123.0,81.0,104.0,8.9,83.0,0,0,0,2.1,1,3,1,1,0,1
34,male,21.6,135.0,66.0,90.0,6.9,145.0,0,0,0,2.0,7,9,0,1,0,1
72,female,29.4,135.0,79.0,135.0,6.5,304.0,0,1,1,1.7,3,5,1,1,1,0
51,female,31.0,146.0,72.0,133.0,7.5,16.0,0,1,0,1.7,10,3,1,1,1,0
59,female,21.5,148.0,72.0,121.0,3.7,416.0,0,0,0,1.2,9,8,0,1,1,0
77,male,26.5,151.0,84.0,116.0,9.5,32.0,0,0,1,2.1,10,1,1,1,1,1
33,female,15.5,93.0,74.0,112.0,8.0,23.0,0,0,0,2.4,9,4,1,0,0,0
55,male,33.0,151.0,76.0,133.0,7.1,15.0,0,0,1,0.4,2,3,1,1,1,1
77,male,24.7,142.0,86.0,112.0,7.9,554.0,0,0,1,2.3,7,2,0,1,0,1
19,female,34.5,128.0,77.0,122.0,6.9,99.0,0,0,1,1.1,8,2,1,0,1,0
19,male,21.7,115.0,70.0,107.0,6.0,38.0,0,0,0,2.4,1,5,0,0,0,1
43,male,33.9,151.0,82.0,125.0,6.8,46.0,0,0,1,1.2,5,7,1,1,1,1
30,male,31.5,132.0,82.0,101.0,6.3,360.0,1,1,1,1.9,8,9,0,1,1,1
73,male,26.6,142.0,82.0,136.0,5.6,276.0,0,1,0,0.7,10,5,1,1,1,1
64,male,19.7,148.0,77.0,110.0,6.3,52.0,0,0,1,1.4,2,2,1,1,1,1
48,male,27.4,143.0,64.0,111.0,7.1,8.0,1,0,1,2.5,1,4,1,1,1,1
77,female,23.3,136.0,80.0,130.0,7.3,215.0,0,1,0,2.2,10,4,1,1,1,0
51,male,35.7,144.0,81.0,125.0,8.6,295.0,0,0,0,2.1,4,6,0,1,1,1
56,male,36.0,146.0,81.0,112.0,6.4,218.0,1,0,0,1.8,1,2,1,1,1,1
20,male,26.5,112.0,66.0,128.0,5.9,293.0,1,1,0,1.9,5,3,0,0,0,1
25,male,25.4,132.0,67.0,113.0,5.2,103.0,0,0,0,2.7,8,6,0,0,1,1
40,female,26.0,131.0,78.0,115.0,7.4,220.0,0,0,0,1.7,8,4,1,1,1,0
31,female,24.8,145.0,70.0,111.0,8.7,346.0,0,0,0,1.8,9,6,0,1,0,0
73,male,23.1,154.0,79.0,123.0,6.3,265.0,0,0,0,2.5,5,6,1,1,1,1
79,male,23.9,148.0,66.0,126.0,6.1,106.0,0,0,1,1.8,8,3,1,1,1,1
72,male,21.8,141.0,77.0,135.0,7.9,165.0,0,0,0,1.6,10,7,1,1,1,1
44,female,25.6,117.0,79.0,135.0,5.4,153.0,0,0,0,1.6,5,4,1,1,1,0
71,female,27.1,151.0,81.0,122.0,8.9,195.0,0,0,0,1.7,7,7,1,1,1,0
46,female,33.0,138.0,76.0,132.0,6.7,31.0,0,1,1,1.1,8,9,1,1,1,0
56,female,28.3,136.0,71.0,130.0,7.3,0.0,0,0,0,0.8,8,3,1,1,1,0
70,male,26.8,144.0,68.0,133.0,6.8,86.0,0,1,0,1.8,2,9,1,1,1,1
56,female,17.1,145.0,69.0,127.0,3.5,174.0,1,0,0,2.0,1,2,0,1,1,0
18,female,34.4,139.0,79.0,127.0,6.7,16.0,1,0,1,2.3,8,5,1,1,1,0
34,male,16.9,135.0,70.0,110.0,6.3,91.0,1,0,1,1.2,9,4,1,1,1,1
58,male,18.4,126.0,78.0,106.0,7.3,45.0,0,1,0,2.7,7,10,0,1,0,1
47,female,23.7,146.0,83.0,119.0,8.3,219.0,0,0,1,0.7,8,7,1,1,1,0
70,female,31.5,143.0,81.0,117.0,7.4,13.0,1,1,1,2.3,9,7,1,1,1,0
30,female,28.4,135.0,78.0,120.0,5.9,226.0,0,0,1,1.8,10,3,0,0,1,0
38,female,24.1,135.0,80.0,117.0,8.9,113.0,0,0,1,1.7,10,4,1,1,0,0
36,male,34.8,134.0,67.0,105.0,6.9,302.0,0,0,0,1.2,10,7,0,1,1,1
70,male,20.7,142.0,72.0,114.0,8.5,329.0,0,0,1,1.7,4,3,0,1,1,1
36,female,22.7,115.0,62.0,102.0,7.9,199.0,0,0,1,1.6,3,1,0,0,0,0
74,female,22.5,144.0,67.0,131.0,5.5,91.0,1,0,0,2.4,4,2,1,1,1,0
42,female,20.2,127.0,69.0,107.0,8.2,18.0,0,1,1,1.4,10,5,1,1,1,0
39,female,22.5,147.0,71.0,95.0,7.9,31.0,0,0,1,1.4,3,5,1,1,1,0
48,female,19.7,131.0,62.0,117.0,6.9,65.0,0,1,0,2.1,2,8,1,1,1,0
34,male,24.9,123.0,75.0,115.0,6.2,157.0,1,0,1,1.6,1,3,1,1,1,1
72,male,23.2,144.0,75.0,124.0,7.9,94.0,1,0,1,1.2,4,9,1,1,1,1
40,male,12.6,118.0,78.0,90.0,8.1,69.0,0,1,0,0.7,5,5,0,0,0,1
49,female,35.1,129.0,79.0,133.0,6.3,78.0,0,0,0,2.8,8,10,1,1,1,0
79,female,22.7,149.0,80.0,123.0,7.6,162.0,0,0,0,1.9,7,3,0,1,1,0
27,male,29.1,128.0,72.0,112.0,6.4,4.0,0,0,0,2.7,6,8,1,0,1,1
27,male,14.1,127.0,68.0,86.0,6.1,70.0,0,0,1,1.9,6,2,0,0,0,1
53,female,32.2,152.0,80.0,110.0,7.4,102.0,1,1,0,2.4,5,8,1,1,1,0
25,male,33.0,145.0,79.0,166.0,7.8,107.0,0,0,0,2.8,4,9,1,1,1,1
71,female,21.0,143.0,69.0,106.0,7.5,116.0,0,1,0,2.4,8,8,1,1,1,0
69,female,26.0,149.0,73.0,99.0,6.6,7.0,0,1,0,2.8,8,10,1,1,1,0
37,male,32.8,137.0,77.0,116.0,5.3,98.0,0,0,1,2.7,10,1,1,1,1,1
49,male,19.4,113.0,73.0,110.0,6.4,96.0,0,1,0,1.3,3,9,1,1,1,1
67,male,20.5,149.0,81.0,108.0,7.3,232.0,0,1,1,1.7,8,1,0,1,1,1
31,female,27.2,133.0,69.0,104.0,9.6,171.0,1,1,0,2.6,5,9,0,1,0,0
67,female,25.9,147.0,85.0,122.0,5.5,4.0,1,1,0,1.4,1,10,1,1,1,0
45,male,48.6,143.0,78.0,142.0,6.6,97.0,0,0,0,1.8,8,2,1,1,1,1
63,female,37.3,142.0,79.0,116.0,6.6,141.0,0,1,1,1.8,7,8,1,1,1,0
69,female,18.6,138.0,82.0,113.0,3.9,104.0,0,0,1,1.8,7,9,1,1,1,0
70,female,20.4,145.0,80.0,119.0,6.0,135.0,0,0,1,2.0,5,6,1,1,1,0
41,male,22.9,115.0,85.0,110.0,5.2,15.0,0,0,0,1.8,5,6,1,1,0,1
32,female,16.9,125.0,76.0,97.0,6.3,22.0,1,0,1,1.4,7,3,0,0,1,0
39,male,19.1,141.0,79.0,97.0,8.8,105.0,0,0,1,2.1,9,10,1,1,0,1
47,male,29.2,135.0,74.0,141.0,7.7,194.0,1,0,1,1.7,10,9,1,1,1,1
21,female,26.7,109.0,79.0,82.0,7.0,3.0,0,0,0,2.5,1,8,0,0,0,0
30,male,25.1,126.0,72.0,124.0,9.3,69.0,0,0,0,1.7,8,2,0,1,1,1
76,female,43.9,159.0,71.0,129.0,8.6,580.0,0,0,0,2.2,10,5,1,1,1,0
40,male,18.1,130.0,74.0,111.0,5.8,174.0,0,1,1,1.7,9,7,1,1,1,1
25,male,24.6,126.0,74.0,111.0,4.4,72.0,0,0,0,0.7,7,1,1,0,0,1
35,female,14.7,138.0,63.0,91.0,3.8,12.0,0,0,1,2.2,2,8,0,1,1,0
29,male,26.7,129.0,75.0,110.0,5.7,53.0,0,0,0,2.8,5,3,0,1,1,1
72,male,29.5,148.0,80.0,123.0,6.1,20.0,0,1,1,1.9,4,10,1,1,1,1
48,male,33.7,135.0,85.0,125.0,8.8,304.0,0,0,1,2.2,7,2,1,1,1,1
31,female,26.1,136.0,75.0,128.0,8.4,139.0,0,0,0,1.9,3,7,0,1,1,0
51,female,26.1,150.0,75.0,136.0,8.0,232.0,1,0,0,1.8,8,5,1,1,1,0
35,male,32.5,128.0,67.0,111.0,6.1,273.0,0,1,0,2.7,5,8,0,1,0,1
73,male,25.4,144.0,67.0,129.0,6.6,112.0,0,0,0,2.3,6,1,1,1,1,1
51,male,28.4,119.0,84.0,133.0,6.3,1.0,1,0,0,1.7,4,9,1,1,1,1
28,female,25.4,120.0,74.0,106.0,9.7,97.0,0,1,1,1.3,7,6,0,1,0,0
58,female,26.3,155.0,75.0,128.0,6.0,195.0,1,0,1,2.9,9,8,1,1,1,0
29,male,24.4,124.0,75.0,139.0,5.8,45.0,0,0,0,1.9,4,6,1,1,0,1
66,female,33.7,148.0,79.0,116.0,7.5,315.0,0,1,0,2.3,6,7,0,1,1,0
32,female,28.9,124.0,61.0,121.0,5.5,600.0,0,0,0,1.1,6,8,0,0,0,0
74,female,26.7,149.0,85.0,114.0,7.5,96.0,0,0,1,0.5,1,9,1,1,1,0
48,female,18.8,129.0,80.0,104.0,7.2,91.0,1,0,0,1.2,9,4,1,1,1,0
66,male,32.0,149.0,78.0,123.0,5.8,128.0,0,0,0,2.2,2,3,1,1,1,1
75,female,34.4,151.0,81.0,139.0,6.4,100.0,0,0,0,1.4,10,10,1,1,1,0
46,female,34.0,150.0,73.0,149.0,5.7,21.0,0,0,1,1.1,1,10,1,1,1,0
43,male,22.2,132.0,84.0,106.0,8.1,38.0,1,0,1,1.8,5,2,1,1,1,1
35,male,19.5,119.0,78.0,120.0,6.6,27.0,1,0,0,1.8,2,2,1,1,1,1
49,female,29.5,132.0,71.0,110.0,6.5,9.0,0,1,0,2.4,10,4,1,1,1,0
39,female,25.9,116.0,77.0,110.0,7.9,18.0,0,1,0,1.7,5,8,1,1,1,0
55,male,40.5,147.0,75.0,149.0,7.7,430.0,0,0,0,2.6,1,6,1,1,1,1
34,male,19.3,125.0,66.0,119.0,7.1,97.0,1,0,1,2.4,7,3,0,0,1,1
40,male,31.5,147.0,73.0,115.0,8.2,16.0,0,1,0,1.3,4,4,0,1,1,1
41,female,32.2,126.0,72.0,114.0,6.6,150.0,1,0,0,2.9,8,3,0,1,1,0
67,female,21.8,134.0,67.0,125.0,5.6,78.0,0,0,0,2.7,8,3,1,1,1,0
25,male,27.0,121.0,80.0,104.0,7.0,31.0,0,1,0,1.7,7,9,1,1,1,1
58,female,26.2,137.0,78.0,115.0,6.8,345.0,0,0,0,2.5,1,3,0,1,0,0
23,male,23.4,113.0,80.0,103.0,8.7,31.0,0,0,1,3.0,3,2,1,0,0,1
22,female,27.0,123.0,70.0,109.0,6.5,12.0,0,1,1,2.2,6,2,0,0,1,0
61,male,33.1,144.0,70.0,121.0,8.9,28.0,0,1,1,1.8,6,8,1,1,1,1
74,male,26.7,146.0,85.0,107.0,5.2,292.0,0,0,0,1.8,6,10,1,1,1,1
46,female,23.3,143.0,75.0,133.0,6.5,234.0,0,1,0,1.2,2,3,1,1,0,0
45,female,31.9,137.0,75.0,132.0,6.4,270.0,0,1,1,2.5,8,10,1,1,1,0
28,female,30.7,129.0,81.0,115.0,6.4,297.0,0,0,0,2.2,3,10,0,1,1,0
74,female,23.1,153.0,70.0,114.0,8.3,10.0,1,0,0,1.6,5,9,1,1,1,0
18,female,22.4,121.0,75.0,120.0,6.2,149.0,0,0,0,1.1,9,3,0,0,0,0
60,female,45.9,142.0,87.0,145.0,8.1,131.0,0,1,0,1.0,7,10,1,1,1,0
36,male,23.2,120.0,74.0,104.0,6.7,594.0,0,0,0,1.4,9,2,0,0,0,1
26,female,36.0,123.0,66.0,126.0,6.7,150.0,1,0,0,1.8,4,8,1,1,1,0
44,male,34.0,128.0,82.0,125.0,5.1,188.0,0,0,0,2.2,1,6,1,1,1,1
51,male,18.2,147.0,78.0,113.0,8.4,151.0,1,0,0,2.5,10,4,1,1,1,1
61,female,30.6,134.0,80.0,136.0,8.8,116.0,0,1,0,2.3,3,1,1,1,1,0
21,male,24.0,122.0,70.0,114.0,5.2,97.0,0,1,0,2.5,5,10,1,0,0,1
53,male,41.7,147.0,74.0,144.0,8.9,418.0,0,0,0,1.9,10,6,0,1,1,1
35,female,26.8,129.0,67.0,137.0,4.9,331.0,0,1,0,1.8,1,7,1,1,1,0
32,female,27.6,123.0,68.0,121.0,6.6,69.0,0,0,0,1.9,7,8,1,1,1,0
68,female,20.8,143.0,67.0,147.0,6.7,40.0,0,0,0,1.0,1,7,1,1,1,0
30,male,23.5,114.0,62.0,124.0,6.4,85.0,0,1,1,2.4,8,2,1,0,1,1
36,female,23.3,120.0,70.0,109.0,8.2,165.0,0,0,1,1.4,7,3,1,0,1,0
66,female,26.1,151.0,70.0,105.0,7.8,61.0,1,1,0,1.5,2,1,1,1,1,0
23,female,29.6,118.0,71.0,128.0,4.6,92.0,0,0,1,1.6,7,4,1,0,1,0
65,female,27.7,153.0,78.0,109.0,8.7,43.0,1,0,0,2.9,6,5,0,1,1,0
73,male,20.7,153.0,68.0,122.0,9.0,67.0,0,0,0,1.3,7,9,1,1,1,1
29,female,19.8,135.0,75.0,115.0,7.7,378.0,0,1,0,1.8,1,1,0,0,0,0
68,male,28.9,151.0,85.0,114.0,6.3,29.0,0,1,1,1.8,7,7,1,1,1,1
54,female,21.3,123.0,61.0,108.0,7.1,538.0,0,0,1,1.6,9,4,0,0,0,0
34,male,15.6,111.0,78.0,91.0,6.4,29.0,1,0,1,2.2,8,8,1,0,1,1
75,male,24.7,136.0,82.0,150.0,8.1,46.0,0,1,0,1.0,7,10,1,1,1,1
40,male,17.5,119.0,72.0,117.0,4.5,11.0,0,1,0,2.6,2,2,1,0,1,1
43,female,25.3,122.0,83.0,107.0,7.3,167.0,0,0,0,1.8,7,5,0,1,0,0
46,male,24.5,128.0,75.0,97.0,8.3,2.0,0,0,0,1.9,2,2,1,1,1,1
50,female,30.8,145.0,72.0,112.0,6.5,186.0,0,0,0,2.5,4,2,0,1,1,0
77,female,32.8,156.0,72.0,125.0,7.5,103.0,0,0,1,2.5,1,7,1,1,1,0
44,female,21.1,133.0,72.0,106.0,4.5,166.0,0,0,0,1.5,3,4,0,1,1,0
42,female,18.8,126.0,71.0,119.0,5.6,183.0,0,0,0,0.7,5,9,0,1,1,0
73,female,22.9,142.0,68.0,106.0,7.3,16.0,0,0,0,1.8,6,10,1,1,1,0
72,male,31.8,150.0,78.0,143.0,7.4,3.0,0,1,0,1.7,3,2,1,1,1,1
27,female,21.1,120.0,80.0,85.0,6.0,22.0,1,1,0,1.4,3,7,0,1,1,0
64,male,23.7,148.0,80.0,120.0,7.2,58.0,0,0,0,2.0,10,8,1,1,1,1
40,male,33.1,125.0,68.0,113.0,6.7,9.0,0,0,1,2.1,6,1,1,1,1,1
38,male,34.1,129.0,78.0,134.0,4.4,73.0,0,1,0,1.6,9,1,1,0,1,1
38,male,26.4,124.0,78.0,132.0,6.5,40.0,0,0,1,2.0,2,7,1,1,1,1
60,male,35.4,149.0,86.0,140.0,7.7,54.0,1,1,0,2.5,2,5,1,1,1,1
30,male,21.9,116.0,75.0,114.0,8.5,338.0,0,0,0,2.8,7,7,0,1,0,1
54,male,27.4,131.0,83.0,118.0,6.5,155.0,0,1,1,1.4,4,1,1,1,1,1
50,female,28.5,140.0,81.0,137.0,7.3,129.0,0,0,1,2.5,1,9,1,1,1,0
41,male,31.6,128.0,74.0,109.0,7.0,127.0,0,0,0,1.6,6,2,0,0,1,1
61,female,35.8,153.0,82.0,136.0,7.5,97.0,0,0,0,1.3,9,5,1,1,1,0
28,male,22.9,131.0,70.0,122.0,6.0,86.0,0,0,0,2.2,10,4,1,0,1,1
34,male,27.2,126.0,76.0,126.0,6.7,257.0,1,1,0,1.3,6,5,0,1,1,1
21,male,25.7,125.0,75.0,116.0,7.5,9.0,0,0,0,0.9,6,9,1,1,0,1
64,male,31.0,161.0,78.0,133.0,7.3,41.0,0,0,0,1.7,4,5,1,1,1,1
42,female,22.0,137.0,75.0,123.0,7.6,13.0,0,0,0,1.5,1,4,0,1,1,0
47,female,22.9,136.0,71.0,113.0,7.8,1.0,0,0,0,1.9,7,4,1,1,1,0
26,female,32.3,142.0,72.0,134.0,7.0,2.0,1,0,1,1.9,4,5,1,1,1,0
38,male,23.8,122.0,72.0,138.0,7.2,3.0,1,1,0,2.3,9,10,1,1,1,1
37,male,33.8,145.0,72.0,99.0,6.1,137.0,0,0,1,0.8,4,1,0,1,1,1
36,male,36.9,139.0,84.0,119.0,7.9,14.0,0,1,0,1.6,9,9,1,1,1,1
36,female,23.1,140.0,76.0,98.0,5.4,27.0,0,0,0,0.7,1,1,1,1,1,0
29,male,20.2,120.0,75.0,99.0,7.6,65.0,0,0,0,2.0,10,7,0,1,0,1
54,female,26.5,149.0,79.0,122.0,7.0,38.0,0,1,0,2.3,4,4,1,1,1,0
59,female,23.0,123.0,77.0,124.0,5.9,204.0,0,0,1,1.7,2,9,1,1,1,0
34,male,29.7,128.0,67.0,115.0,5.9,117.0,1,0,0,1.5,6,10,1,1,1,1
54,male,21.1,136.0,81.0,123.0,7.1,49.0,0,0,0,1.1,9,1,1,1,1,1
71,female,19.1,145.0,89.0,110.0,6.5,46.0,0,0,1,2.6,2,4,1,1,1,0
65,female,23.2,123.0,81.0,115.0,6.2,138.0,1,0,0,2.3,2,7,0,1,1,0
56,female,19.7,124.0,70.0,122.0,7.3,22.0,1,0,0,2.3,1,2,1,1,1,0
45,male,39.7,133.0,82.0,125.0,4.6,40.0,1,0,0,2.2,9,5,1,1,1,1
58,male,25.6,131.0,72.0,105.0,6.9,52.0,0,1,1,2.0,1,10,1,1,1,1
52,male,36.4,137.0,76.0,155.0,6.3,73.0,0,0,1,3.0,2,7,1,1,1,1
64,male,19.9,139.0,61.0,128.0,5.2,25.0,0,0,1,2.3,5,10,1,1,1,1
65,male,38.0,161.0,89.0,136.0,6.4,21.0,0,1,0,1.5,7,10,1,1,1,1
35,male,15.2,120.0,72.0,115.0,5.1,552.0,1,0,0,0.8,9,3,0,1,0,1
31,female,23.8,139.0,75.0,116.0,8.3,293.0,0,1,0,0.3,1,8,0,1,0,0
52,female,27.6,138.0,81.0,101.0,7.7,89.0,0,0,0,1.6,8,4,1,1,0,0
61,female,16.3,132.0,77.0,115.0,7.9,174.0,0,1,0,2.2,1,5,0,1,1,0
58,male,31.6,151.0,84.0,117.0,7.5,135.0,0,0,1,2.4,9,5,1,1,1,1
77,female,27.7,146.0,88.0,129.0,4.0,9.0,0,0,0,1.7,10,7,1,1,1,0
24,male,23.2,117.0,70.0,113.0,5.3,88.0,0,1,0,1.2,2,8,0,1,0,1
58,male,21.9,147.0,65.0,128.0,8.0,24.0,0,1,0,1.0,3,1,1,0,1,1
30,female,26.7,128.0,67.0,101.0,9.4,105.0,0,1,1,1.8,10,10,0,1,1,0
35,male,31.4,147.0,78.0,107.0,7.3,8.0,0,0,0,1.9,4,7,1,1,1,1
54,female,37.1,141.0,73.0,124.0,8.6,21.0,0,0,1,0.4,3,8,1,1,1,0
30,female,26.0,117.0,72.0,130.0,5.7,183.0,0,0,1,1.8,2,2,1,0,0,0
53,male,28.5,132.0,92.0,117.0,6.0,222.0,0,1,0,2.3,5,1,0,1,0,1
48,female,30.7,132.0,83.0,128.0,7.7,286.0,0,1,0,1.9,2,9,1,1,0,0
19,female,29.2,124.0,60.0,111.0,5.8,272.0,0,0,1,1.8,2,9,1,0,0,0
33,female,24.1,121.0,86.0,107.0,4.7,285.0,0,0,0,2.0,8,3,0,1,0,0
26,female,21.8,113.0,79.0,109.0,7.8,12.0,0,0,1,2.1,2,10,1,0,0,0
26,male,30.6,126.0,77.0,125.0,5.9,129.0,0,0,0,1.4,8,9,1,0,1,1
55,female,26.0,138.0,77.0,128.0,4.3,145.0,1,1,0,2.7,8,1,1,1,1,0
28,female,23.2,128.0,63.0,95.0,8.3,37.0,0,1,0,2.1,1,1,0,0,0,0
71,female,25.2,143.0,76.0,128.0,7.5,594.0,0,1,0,1.8,5,2,0,1,0,0
73,male,32.8,160.0,69.0,151.0,7.7,40.0,0,1,0,1.9,9,7,1,1,1,1
39,female,31.1,135.0,81.0,123.0,7.8,103.0,0,0,1,1.6,8,4,1,1,0,0
50,male,27.1,119.0,77.0,133.0,8.1,247.0,0,0,1,2.7,10,9,1,1,1,1
53,female,31.3,142.0,73.0,145.0,7.5,41.0,0,0,0,2.6,9,6,1,1,1,0
62,female,15.9,134.0,80.0,115.0,4.9,112.0,0,0,1,1.8,3,8,1,1,1,0
40,female,36.9,144.0,79.0,124.0,5.4,153.0,0,0,0,2.1,2,7,1,1,1,0
62,male,23.1,130.0,86.0,125.0,8.1,118.0,0,0,0,3.1,1,9,1,1,1,1
62,male,27.0,149.0,75.0,138.0,7.5,62.0,1,1,0,2.1,8,10,1,1,1,1
51,male,25.9,138.0,84.0,117.0,6.6,348.0,0,1,0,1.0,8,9,0,1,0,1
26,male,34.3,132.0,76.0,105.0,4.6,114.0,0,0,0,2.2,8,2,1,1,1,1
41,male,15.1,133.0,66.0,110.0,5.7,30.0,0,0,1,0.8,3,1,1,0,1,1
25,male,25.3,134.0,75.0,121.0,6.4,197.0,0,0,0,1.2,1,9,0,1,0,1
24,female,33.7,138.0,74.0,122.0,5.8,128.0,0,1,0,1.7,9,9,1,1,1,0
53,male,39.0,126.0,82.0,136.0,5.4,14.0,0,1,0,1.9,7,3,1,1,1,1
35,female,27.2,119.0,67.0,115.0,7.2,39.0,0,0,0,2.5,6,7,1,1,0,0
20,male,25.9,120.0,57.0,107.0,8.7,21.0,1,0,0,3.0,7,8,1,0,1,1
45,male,28.6,126.0,72.0,135.0,7.6,9.0,1,0,0,1.9,6,2,1,1,1,1
23,male,25.2,119.0,74.0,88.0,6.2,31.0,1,0,0,2.0,4,3,0,0,0,1
61,female,19.2,136.0,78.0,117.0,6.7,39.0,0,0,0,2.2,2,7,1,1,1,0
61,male,18.0,131.0,72.0,103.0,7.6,75.0,0,0,0,1.3,1,3,1,1,1,1
38,male,27.7,132.0,75.0,116.0,6.0,418.0,1,0,1,1.3,9,9,0,1,1,1
45,female,30.7,147.0,74.0,124.0,7.1,344.0,0,0,1,1.5,2,7,0,1,1,0
57,female,31.2,156.0,77.0,131.0,6.3,168.0,0,0,1,1.7,6,9,1,1,1,0
71,female,20.7,144.0,84.0,122.0,6.3,125.0,0,0,1,1.2,8,7,1,1,1,0
71,female,24.4,154.0,70.0,140.0,4.7,353.0,0,0,0,1.6,7,6,0,1,1,0
18,male,31.1,123.0,83.0,115.0,6.9,18.0,0,0,0,2.1,9,5,0,1,1,1
53,female,20.0,128.0,75.0,101.0,7.3,48.0,0,0,0,2.1,9,2,1,0,1,0
38,male,30.3,133.0,87.0,131.0,7.9,97.0,0,1,1,1.5,4,8,1,1,1,1
77,male,25.8,144.0,90.0,130.0,4.5,202.0,0,1,0,1.3,9,4,0,1,1,1
60,female,21.4,142.0,62.0,106.0,8.0,117.0,0,0,0,0.9,10,8,1,1,1,0
52,male,25.7,136.0,77.0,128.0,7.7,199.0,0,0,1,2.1,2,6,1,1,1,1
30,female,19.0,135.0,64.0,99.0,8.7,20.0,0,0,0,2.0,1,10,1,1,0,0
74,male,33.4,151.0,80.0,143.0,6.3,26.0,0,0,0,1.4,6,6,1,1,1,1
66,female,38.9,144.0,84.0,120.0,6.9,162.0,0,0,1,0.8,4,3,1,1,1,0
71,female,28.1,141.0,88.0,125.0,5.5,51.0,1,0,0,2.1,4,7,1,1,1,0
71,female,20.3,136.0,70.0,125.0,6.7,69.0,1,0,1,2.0,10,7,1,1,1,0
27,female,13.6,125.0,83.0,88.0,6.4,188.0,0,0,0,1.3,10,5,0,0,0,0
70,female,25.5,142.0,75.0,130.0,7.0,9.0,0,0,0,1.1,1,6,1,1,1,0
61,female,14.9,134.0,66.0,124.0,6.7,22.0,0,0,0,2.9,6,6,1,1,1,0
64,male,25.2,144.0,84.0,119.0,7.9,42.0,0,0,1,1.8,3,8,1,1,1,1
70,male,28.3,149.0,80.0,131.0,6.5,258.0,0,0,0,1.3,7,9,1,1,1,1
27,male,26.2,135.0,85.0,102.0,8.5,62.0,0,0,1,2.1,1,6,1,1,1,1
63,female,37.6,150.0,75.0,167.0,3.6,35.0,0,1,1,1.0,8,3,1,1,1,0
30,male,27.0,120.0,74.0,113.0,8.5,136.0,1,0,1,1.8,9,5,1,1,1,1
54,female,32.3,137.0,85.0,129.0,5.0,4.0,0,0,0,2.1,4,1,1,1,1,0
55,male,13.6,126.0,67.0,106.0,7.9,179.0,0,0,0,1.9,5,1,0,0,0,1
41,male,22.2,124.0,80.0,104.0,7.7,144.0,0,0,0,1.8,8,10,1,1,0,1
19,female,25.7,131.0,73.0,120.0,5.4,7.0,0,1,0,1.5,5,10,1,1,1,0
39,male,31.4,133.0,69.0,91.0,8.4,83.0,0,0,0,1.5,10,1,0,0,0,1
34,male,24.4,130.0,80.0,90.0,5.3,62.0,0,1,1,2.6,4,9,1,1,1,1
53,male,31.5,143.0,76.0,128.0,5.1,21.0,0,0,0,1.4,5,10,1,1,1,1
31,female,20.6,126.0,78.0,103.0,6.2,20.0,0,0,1,1.6,2,2,1,1,1,0
27,male,24.0,128.0,67.0,120.0,6.3,21.0,0,0,0,0.7,10,10,1,1,1,1
52,female,27.0,156.0,67.0,114.0,6.0,110.0,0,0,0,2.9,2,1,0,1,1,0
42,male,24.6,137.0,71.0,95.0,6.9,23.0,0,0,0,1.7,1,5,1,1,1,1
20,male,21.2,113.0,69.0,104.0,7.3,7.0,0,0,0,2.0,4,8,0,1,0,1
64,male,29.7,146.0,80.0,123.0,6.7,379.0,0,0,0,2.8,10,5,0,1,1,1
55,male,17.6,133.0,77.0,99.0,5.3,5.0,0,1,1,1.4,8,5,1,1,1,1
34,female,26.0,118.0,85.0,123.0,5.7,131.0,0,1,0,1.2,10,10,1,1,0,0
29,male,30.7,111.0,73.0,121.0,9.5,330.0,0,0,1,2.1,10,2,1,0,0,1
71,female,21.3,142.0,88.0,109.0,5.4,5.0,1,0,0,2.0,10,7,1,1,1,0
69,female,21.1,138.0,83.0,101.0,5.5,405.0,0,0,1,2.9,10,1,0,1,0,0
41,male,29.3,125.0,74.0,123.0,4.8,84.0,0,1,0,2.0,2,2,1,0,0,1
46,male,38.3,137.0,80.0,117.0,8.1,185.0,0,1,1,2.2,7,5,1,1,1,1
60,female,34.2,142.0,82.0,117.0,8.0,118.0,0,1,0,1.9,8,7,1,1,1,0
42,female,29.1,130.0,81.0,118.0,7.3,115.0,0,0,0,1.3,10,7,1,1,1,0
53,male,36.0,145.0,86.0,129.0,8.5,187.0,0,0,1,0.9,1,8,1,1,1,1
75,male,32.2,151.0,73.0,137.0,5.9,8.0,0,0,0,2.3,3,6,1,1,1,1
77,male,25.9,153.0,85.0,139.0,5.3,60.0,0,0,0,1.2,6,3,1,1,1,1
43,male,24.2,141.0,76.0,109.0,7.2,419.0,0,1,0,2.1,7,8,0,1,1,1
55,male,32.9,147.0,80.0,133.0,7.4,7.0,1,0,0,1.8,5,1,1,1,1,1
18,female,39.2,125.0,74.0,119.0,7.0,37.0,0,0,1,1.7,7,3,1,0,1,0
37,male,29.3,134.0,79.0,132.0,6.4,134.0,0,1,0,1.6,6,8,1,1,1,1
72,male,29.4,134.0,85.0,118.0,8.1,13.0,0,0,0,1.4,7,3,1,1,1,1
45,female,22.8,128.0,74.0,120.0,6.7,92.0,0,0,1,2.0,4,5,1,0,1,0
33,male,13.5,101.0,75.0,92.0,7.1,150.0,0,0,0,1.6,2,5,0,0,0,1
64,male,13.4,131.0,70.0,100.0,6.8,170.0,1,0,0,1.8,8,7,0,1,1,1
34,female,19.3,121.0,71.0,102.0,6.2,99.0,0,1,0,2.7,1,4,0,0,1,0
57,male,32.1,148.0,80.0,101.0,5.4,83.0,0,1,0,2.1,4,10,1,1,1,1
45,female,23.7,125.0,72.0,127.0,7.3,150.0,1,1,0,1.7,4,2,1,1,1,0
75,male,16.9,141.0,74.0,107.0,4.0,19.0,0,0,0,1.6,1,2,1,1,1,1
29,male,21.9,122.0,65.0,103.0,6.0,137.0,0,0,1,1.4,8,7,1,0,1,1
44,male,29.3,132.0,78.0,108.0,6.1,302.0,0,0,0,1.3,6,3,0,1,0,1
71,female,35.7,144.0,93.0,145.0,5.2,138.0,0,0,1,2.1,2,10,1,1,1,0
70,female,22.4,144.0,81.0,124.0,6.4,6.0,1,0,0,0.8,4,2,1,1,1,0
59,female,29.3,140.0,77.0,131.0,7.4,85.0,0,0,0,2.1,7,5,1,1,1,0
76,female,21.9,136.0,86.0,125.0,7.0,155.0,1,1,0,2.9,9,2,0,1,1,0
64,male,20.7,139.0,76.0,120.0,6.1,5.0,0,0,0,2.4,7,5,1,1,1,1
47,female,20.2,133.0,78.0,116.0,7.6,172.0,0,0,1,1.1,2,8,0,1,1,0
58,female,24.8,150.0,80.0,131.0,7.1,40.0,0,0,1,3.0,1,6,1,1,1,0
51,female,21.3,129.0,65.0,101.0,5.3,107.0,0,1,0,2.3,10,1,0,0,1,0
54,male,21.9,132.0,75.0,109.0,5.8,407.0,0,0,1,1.1,7,10,0,1,1,1
23,male,34.9,120.0,87.0,106.0,5.0,600.0,1,0,0,0.9,9,7,0,1,0,1
24,female,25.5,121.0,68.0,117.0,6.3,121.0,0,0,1,1.4,2,4,1,0,1,0
49,female,20.3,123.0,83.0,118.0,5.9,81.0,0,0,1,1.8,3,4,1,1,1,0
49,male,28.5,146.0,82.0,129.0,6.5,23.0,1,1,1,2.1,4,9,1,1,1,1
70,female,32.7,152.0,78.0,100.0,9.3,28.0,0,0,1,1.5,9,10,1,1,1,0
42,female,25.7,124.0,75.0,110.0,4.7,67.0,0,1,0,1.5,7,6,0,1,1,0
50,female,33.4,132.0,72.0,96.0,4.3,145.0,0,1,0,2.0,2,10,1,1,1,0
72,female,21.3,137.0,83.0,144.0,8.7,176.0,1,0,1,1.4,4,7,1,1,1,0
75,male,26.7,156.0,74.0,128.0,7.5,30.0,0,0,0,1.9,4,2,1,1,1,1
24,male,19.9,117.0,73.0,95.0,8.1,92.0,0,0,1,2.3,4,3,1,0,1,1
69,male,37.1,148.0,93.0,133.0,6.4,107.0,0,0,0,1.8,10,10,1,1,1,1
74,female,21.3,155.0,74.0,121.0,7.7,268.0,0,0,0,2.6,7,1,0,1,1,0
79,female,19.4,147.0,80.0,145.0,6.6,251.0,1,1,0,1.7,6,5,1,1,1,0
29,male,21.6,113.0,62.0,106.0,7.9,204.0,0,0,0,1.2,2,7,0,0,0,1
33,male,26.3,114.0,74.0,116.0,8.1,87.0,0,1,0,3.0,10,6,1,0,0,1
33,male,24.1,128.0,67.0,105.0,8.0,8.0,0,0,1,2.2,2,6,1,1,1,1
60,female,17.9,153.0,76.0,139.0,5.9,49.0,0,0,0,1.9,3,6,1,1,1,0
70,male,26.6,155.0,76.0,144.0,6.9,117.0,0,0,1,1.8,10,4,1,1,1,1
53,female,33.6,144.0,73.0,103.0,5.6,122.0,1,1,0,1.3,1,7,0,1,1,0
30,female,20.4,131.0,70.0,118.0,7.5,227.0,0,0,0,1.8,9,6,0,1,0,0
24,male,30.2,135.0,57.0,120.0,7.2,57.0,0,0,0,1.4,7,5,0,1,1,1
53,male,25.8,124.0,70.0,110.0,4.7,331.0,0,0,0,2.5,7,7,0,1,1,1
64,female,34.8,148.0,95.0,119.0,7.4,21.0,0,0,0,2.1,9,7,1,1,1,0
68,male,38.7,161.0,81.0,111.0,7.4,6.0,1,0,0,1.9,7,2,1,1,1,1
26,male,16.1,137.0,66.0,110.0,7.5,23.0,0,0,0,1.5,1,5,0,1,1,1
49,female,24.5,138.0,78.0,100.0,6.9,74.0,0,0,1,1.9,4,7,1,1,1,0
28,female,34.5,121.0,82.0,123.0,7.5,208.0,0,0,1,1.0,9,8,1,1,1,0
25,female,27.8,131.0,83.0,99.0,7.2,20.0,0,0,1,2.2,6,9,1,1,1,0
50,female,31.0,143.0,77.0,109.0,5.6,95.0,0,1,1,1.5,8,4,1,1,1,0
40,female,30.9,142.0,75.0,120.0,7.6,180.0,0,0,0,1.4,3,5,0,1,1,0
42,male,33.8,140.0,79.0,138.0,5.6,4.0,0,0,1,2.9,6,8,1,1,1,1
73,female,24.4,159.0,79.0,115.0,5.4,5.0,0,0,1,2.2,4,8,1,1,1,0
25,female,19.2,123.0,69.0,104.0,7.1,81.0,0,1,1,1.1,8,2,0,0,0,0
62,female,24.8,140.0,81.0,122.0,3.3,24.0,0,0,1,2.4,3,1,1,1,1,0
39,male,24.6,128.0,77.0,113.0,5.9,72.0,0,1,0,0.7,5,10,1,1,1,1
76,female,29.2,149.0,81.0,133.0,6.4,5.0,0,0,1,1.3,2,10,1,1,1,0
21,female,29.5,128.0,87.0,113.0,8.5,452.0,0,0,0,2.0,7,4,0,1,0,0
57,female,24.3,138.0,88.0,98.0,6.5,127.0,0,0,0,1.8,9,2,1,1,1,0
20,male,20.1,126.0,73.0,120.0,9.3,139.0,0,0,0,1.4,5,10,0,1,1,1
46,female,29.7,120.0,83.0,125.0,4.9,86.0,0,0,1,2.0,9,3,1,1,1,0
58,female,18.4,133.0,71.0,111.0,7.4,209.0,0,1,0,1.5,2,2,0,1,1,0
46,female,19.8,134.0,74.0,100.0,7.6,215.0,0,0,0,1.9,8,4,0,1,0,0
51,male,28.2,140.0,81.0,116.0,5.6,21.0,0,0,0,2.1,3,8,1,1,1,1
51,male,22.7,124.0,84.0,126.0,6.7,176.0,0,0,0,2.7,10,9,1,1,1,1
45,male,18.5,133.0,67.0,94.0,6.7,100.0,0,1,1,2.1,5,7,1,0,1,1
30,male,27.5,129.0,70.0,104.0,8.2,172.0,0,0,0,1.7,3,2,0,0,0,1
32,female,28.1,136.0,74.0,114.0,4.9,301.0,0,0,0,2.1,5,7,0,1,0,0
77,female,28.3,152.0,90.0,109.0,9.2,49.0,0,0,0,0.7,5,10,1,1,1,0
40,male,27.4,135.0,75.0,105.0,4.3,102.0,1,0,0,2.7,1,6,1,1,1,1
61,male,24.6,139.0,84.0,117.0,7.4,186.0,0,0,0,2.0,8,4,0,1,1,1
43,female,23.4,134.0,73.0,85.0,5.7,519.0,0,0,0,3.7,7,1,0,1,0,0
21,female,26.8,127.0,76.0,108.0,7.4,114.0,0,1,0,2.0,8,10,0,0,0,0
43,male,30.0,146.0,70.0,104.0,5.9,153.0,0,0,0,2.0,3,10,0,1,1,1
57,male,25.2,162.0,72.0,134.0,8.5,225.0,0,1,1,0.9,7,1,1,1,1,1
26,male,21.7,115.0,70.0,101.0,6.9,167.0,0,0,0,1.4,7,6,0,1,0,1
72,male,32.7,127.0,74.0,140.0,6.3,342.0,0,1,1,1.8,2,7,1,1,1,1
22,female,24.0,119.0,64.0,113.0,5.3,31.0,0,0,0,1.6,3,1,1,0,0,0
73,male,21.3,134.0,75.0,112.0,7.3,286.0,1,0,0,2.9,6,2,0,1,0,1
49,male,19.0,138.0,65.0,116.0,7.4,28.0,1,1,0,1.9,4,9,1,1,1,1
37,female,30.5,145.0,74.0,139.0,6.3,100.0,1,0,0,1.7,4,10,1,1,1,0
67,female,29.6,151.0,81.0,127.0,6.8,89.0,0,0,0,2.2,1,4,1,1,1,0
28,female,22.7,122.0,66.0,105.0,7.2,214.0,0,0,1,1.6,8,4,0,0,1,0
32,female,40.4,143.0,75.0,131.0,7.6,61.0,1,0,1,2.1,2,10,1,1,1,0
49,female,20.8,142.0,72.0,119.0,5.5,19.0,0,0,0,1.1,6,6,1,1,1,0
45,male,23.0,137.0,83.0,110.0,6.2,147.0,0,0,1,2.7,10,5,0,1,1,1
39,male,28.2,137.0,75.0,82.0,7.6,112.0,0,1,0,2.0,10,9,0,1,1,1
58,male,23.8,137.0,89.0,108.0,6.7,211.0,1,0,0,2.1,1,3,0,1,1,1
34,female,27.7,120.0,71.0,99.0,4.4,171.0,1,1,1,1.5,1,8,1,1,1,0
76,male,15.7,149.0,74.0,117.0,8.9,270.0,0,0,0,2.4,10,1,0,0,1,1
43,female,18.6,142.0,79.0,124.0,7.9,219.0,0,0,1,1.0,2,7,0,1,1,0
61,male,20.2,126.0,60.0,122.0,4.5,139.0,1,1,1,1.5,6,8,1,1,1,1
24,male,31.9,135.0,78.0,110.0,5.9,75.0,1,0,0,2.0,4,9,1,1,1,1
59,female,25.2,132.0,76.0,123.0,8.8,2.0,0,0,1,1.8,8,10,1,1,1,0
74,female,20.4,146.0,78.0,120.0,7.4,44.0,0,0,1,1.2,7,1,1,1,1,0
43,male,34.6,127.0,75.0,130.0,4.9,156.0,0,0,0,1.7,4,1,1,1,1,1
42,male,27.7,140.0,78.0,124.0,4.3,7.0,0,0,0,1.5,4,8,1,1,1,1
27,male,19.3,126.0,59.0,121.0,4.5,170.0,0,1,0,1.4,5,2,0,0,1,1
76,male,28.4,154.0,75.0,127.0,6.2,87.0,0,0,0,2.7,7,6,1,1,1,1
62,male,12.0,137.0,85.0,88.0,7.7,243.0,1,1,0,1.4,10,8,0,1,1,1
36,female,23.4,130.0,73.0,96.0,4.8,129.0,0,1,0,1.1,9,10,0,1,1,0
28,female,28.9,135.0,66.0,115.0,7.5,192.0,0,1,0,1.2,5,6,0,1,1,0
30,female,26.9,125.0,73.0,110.0,5.7,23.0,0,0,0,1.5,3,9,1,0,1,0
70,female,13.6,141.0,79.0,122.0,4.4,23.0,0,0,0,1.9,9,8,1,1,1,0
25,male,16.9,116.0,69.0,115.0,6.3,28.0,0,0,0,2.0,1,7,0,1,1,1
57,male,22.6,141.0,75.0,118.0,9.4,49.0,0,1,0,2.9,2,5,1,1,1,1
21,female,24.2,121.0,67.0,93.0,8.5,282.0,0,0,0,0.6,4,1,0,0,0,0
64,male,18.4,141.0,68.0,122.0,6.2,179.0,0,1,0,1.1,6,2,1,1,0,1
48,female,32.6,136.0,66.0,127.0,7.1,54.0,0,0,1,1.4,3,2,1,1,1,0
45,male,31.1,135.0,71.0,129.0,6.0,301.0,0,0,0,1.3,10,1,0,1,1,1
28,male,26.9,126.0,80.0,104.0,4.2,181.0,0,0,0,0.9,3,5,0,1,1,1
60,male,51.4,144.0,82.0,180.0,6.0,128.0,0,0,1,1.8,9,3,1,1,1,1
18,female,21.1,127.0,68.0,83.0,7.6,69.0,0,1,0,3.0,3,8,0,1,0,0
66,female,29.5,144.0,70.0,127.0,5.3,127.0,1,0,1,2.3,5,2,1,1,1,0
64,female,17.4,126.0,75.0,123.0,8.2,108.0,0,0,0,1.2,3,3,1,1,0,0
69,female,31.6,142.0,77.0,139.0,8.2,183.0,1,0,1,1.7,1,9,1,1,1,0
55,male,23.3,131.0,73.0,118.0,6.2,31.0,0,1,0,1.7,5,2,1,1,1,1
41,male,22.3,133.0,69.0,120.0,6.9,260.0,0,1,0,2.1,5,9,0,1,0,1
71,male,29.5,144.0,76.0,139.0,8.5,108.0,0,1,0,1.8,3,9,1,1,1,1
77,male,21.1,151.0,76.0,123.0,7.3,197.0,0,1,1,1.5,9,3,0,1,1,1
74,female,23.5,134.0,78.0,126.0,8.7,51.0,0,0,0,2.9,10,5,1,1,1,0
64,male,33.5,149.0,66.0,137.0,4.5,60.0,0,0,1,1.6,4,10,1,1,1,1
48,male,18.0,133.0,63.0,111.0,6.0,332.0,0,0,0,1.5,3,2,0,0,0,1
58,male,28.2,137.0,74.0,139.0,6.4,117.0,0,0,1,2.8,5,1,1,1,1,1
63,female,30.4,145.0,84.0,138.0,8.4,46.0,0,0,0,1.9,7,3,1,1,1,0
67,female,28.0,143.0,70.0,122.0,6.8,10.0,1,0,0,2.0,2,8,1,1,1,0
43,female,31.8,146.0,79.0,113.0,5.8,68.0,0,0,0,2.7,5,2,1,1,1,0
66,male,19.4,139.0,86.0,127.0,6.7,227.0,1,0,1,1.9,3,5,1,1,1,1
67,female,17.2,146.0,74.0,117.0,7.5,35.0,0,0,0,1.4,9,4,1,1,1,0
22,male,24.8,130.0,68.0,102.0,6.4,236.0,0,1,0,2.1,8,9,0,0,0,1
37,male,28.2,122.0,77.0,111.0,7.9,21.0,0,0,0,0.5,9,10,1,1,1,1
69,male,26.8,143.0,79.0,133.0,7.0,17.0,0,0,0,3.2,6,5,1,1,1,1
58,female,25.9,145.0,73.0,115.0,6.4,112.0,0,0,0,1.0,4,1,0,1,1,0
28,female,26.9,129.0,74.0,130.0,8.3,196.0,0,0,0,1.8,9,7,1,1,0,0
73,male,23.9,144.0,74.0,111.0,8.7,182.0,0,0,0,2.0,4,9,0,1,1,1
71,male,15.3,139.0,83.0,109.0,8.3,94.0,0,0,1,0.4,4,6,1,1,1,1
50,female,28.5,142.0,75.0,110.0,5.8,122.0,1,0,1,1.4,2,10,1,1,1,0
67,female,20.3,136.0,79.0,104.0,8.3,36.0,0,1,0,2.9,1,8,1,1,1,0
55,female,18.8,131.0,84.0,104.0,8.1,96.0,0,1,1,2.5,10,9,1,1,0,0
44,male,30.5,143.0,75.0,115.0,5.3,28.0,0,0,1,2.7,4,7,1,1,1,1
51,male,31.9,141.0,73.0,119.0,6.4,316.0,0,0,0,1.6,6,5,1,1,1,1
32,male,23.8,126.0,69.0,85.0,8.4,136.0,0,0,0,2.6,4,3,0,0,0,1
49,female,22.3,133.0,74.0,100.0,8.0,100.0,0,0,1,2.1,4,4,1,1,1,0
78,female,27.6,152.0,79.0,130.0,6.1,34.0,1,0,0,1.7,2,4,1,1,1,0
75,female,15.1,139.0,75.0,108.0,5.4,63.0,1,0,0,2.2,3,7,1,1,1,0
38,male,24.3,131.0,75.0,126.0,8.5,182.0,1,1,1,1.9,3,9,1,1,1,1
63,male,25.1,127.0,78.0,119.0,7.5,33.0,0,1,1,2.1,7,2,1,1,1,1
22,female,33.0,131.0,70.0,123.0,6.8,17.0,1,0,0,1.1,4,10,1,1,1,0
23,male,23.3,122.0,71.0,103.0,5.8,44.0,0,0,1,2.3,3,2,1,0,0,1
55,female,16.0,139.0,69.0,122.0,7.7,190.0,0,0,0,0.5,5,4,0,1,0,0
79,male,28.9,149.0,78.0,102.0,5.5,258.0,0,0,0,1.4,4,8,1,1,1,1
39,female,24.8,142.0,59.0,115.0,5.6,64.0,0,0,0,0.8,1,10,1,1,1,0
79,male,31.0,155.0,76.0,150.0,7.3,182.0,0,1,0,3.1,6,1,1,1,1,1
35,male,17.9,119.0,75.0,89.0,8.1,48.0,0,1,1,4.0,5,6,0,1,0,1
31,female,20.1,115.0,74.0,116.0,7.0,85.0,1,0,1,3.0,7,1,0,1,1,0
27,female,43.5,136.0,81.0,132.0,6.3,2.0,0,0,0,2.5,8,9,1,1,1,0
63,female,27.4,142.0,80.0,106.0,8.0,149.0,0,0,1,1.2,3,5,1,1,1,0
30,female,26.1,114.0,69.0,117.0,5.3,152.0,0,0,0,1.2,4,3,1,0,1,0
48,female,22.6,132.0,66.0,119.0,5.6,13.0,1,0,0,1.9,5,1,1,1,1,0
47,male,32.7,136.0,75.0,122.0,8.2,53.0,0,0,1,1.7,8,4,1,1,1,1
20,female,22.9,123.0,55.0,120.0,5.3,79.0,0,1,0,1.2,10,10,1,0,0,0
47,female,28.1,152.0,82.0,131.0,4.5,179.0,0,0,0,1.8,7,6,0,1,1,0
23,female,28.2,113.0,73.0,122.0,5.5,208.0,1,1,0,0.6,7,8,0,0,0,0
46,male,16.0,136.0,77.0,125.0,8.2,152.0,0,0,0,1.4,5,9,0,1,1,1
25,female,23.4,128.0,68.0,99.0,8.0,29.0,0,0,0,1.2,4,4,0,0,0,0
61,female,17.3,131.0,65.0,108.0,4.9,53.0,0,1,0,2.1,1,5,1,1,1,0
62,female,19.3,137.0,76.0,108.0,5.7,34.0,0,0,0,1.1,6,8,1,1,1,0
60,male,28.0,148.0,78.0,117.0,4.9,122.0,0,1,1,1.5,9,3,1,1,1,1
61,male,18.8,137.0,74.0,109.0,7.6,125.0,1,0,1,1.5,2,4,0,1,1,1
50,female,32.5,124.0,79.0,123.0,5.2,2.0,1,0,0,2.0,1,10,1,1,1,0
34,male,15.6,126.0,67.0,100.0,7.4,158.0,0,1,0,2.0,10,6,0,1,0,1
65,female,28.5,149.0,79.0,112.0,6.5,31.0,0,1,0,1.4,5,5,1,1,1,0
28,male,22.7,122.0,74.0,118.0,6.9,194.0,1,0,1,2.1,4,8,0,1,1,1
30,female,25.2,134.0,82.0,101.0,4.6,215.0,0,1,0,1.1,4,10,0,1,1,0
67,male,25.9,150.0,82.0,142.0,8.0,191.0,0,1,0,1.4,1,2,1,1,1,1
28,female,16.8,132.0,62.0,113.0,8.8,63.0,1,0,0,1.6,1,9,0,1,1,0
48,female,14.5,136.0,69.0,93.0,8.7,51.0,0,0,1,2.7,1,1,1,0,0,0
45,male,15.2,148.0,66.0,107.0,6.9,69.0,0,1,1,2.6,8,2,0,0,1,1
61,female,27.6,150.0,86.0,106.0,4.1,90.0,1,1,1,0.5,1,8,1,1,1,0
23,female,26.5,126.0,68.0,126.0,6.3,35.0,0,0,1,2.1,5,8,1,0,1,0
58,female,28.5,147.0,76.0,123.0,7.1,322.0,1,0,0,2.0,10,8,1,1,1,0
33,female,22.7,128.0,71.0,110.0,7.0,84.0,1,0,1,2.2,6,2,0,1,1,0
21,male,19.1,118.0,71.0,106.0,4.8,9.0,0,1,1,1.2,7,8,0,1,1,1
52,female,27.9,129.0,69.0,119.0,7.7,600.0,0,0,0,3.5,5,5,0,1,0,0
77,male,31.6,149.0,81.0,124.0,7.8,79.0,1,0,1,1.4,9,4,1,1,1,1
65,male,22.5,147.0,82.0,119.0,7.8,352.0,1,0,1,1.8,1,2,1,1,1,1
73,male,39.9,147.0,81.0,153.0,5.9,59.0,0,0,0,3.1,7,9,1,1,1,1
76,male,31.5,153.0,92.0,125.0,4.9,31.0,0,0,1,1.7,6,3,1,1,1,1
43,female,28.1,131.0,70.0,135.0,6.2,160.0,0,0,0,1.5,9,5,1,1,1,0
79,female,19.5,144.0,75.0,116.0,8.3,68.0,0,0,1,2.4,6,4,1,1,1,0
74,male,23.1,143.0,83.0,125.0,5.5,256.0,0,0,1,1.6,2,9,1,1,1,1
29,female,20.0,126.0,71.0,130.0,5.7,75.0,0,1,1,1.9,9,4,1,0,1,0
28,male,20.6,142.0,69.0,114.0,5.4,50.0,0,0,0,1.0,4,5,0,1,0,1
54,female,42.0,143.0,74.0,138.0,6.3,408.0,0,1,0,1.2,9,8,1,1,1,0
42,female,16.2,127.0,68.0,115.0,7.3,213.0,1,1,0,1.9,3,4,0,0,1,0
35,female,21.3,126.0,83.0,122.0,7.7,28.0,0,1,0,1.5,3,2,0,0,1,0
36,male,25.1,118.0,75.0,103.0,5.2,81.0,0,0,0,1.1,5,10,1,1,1,1
40,male,33.2,143.0,79.0,128.0,8.1,14.0,1,0,1,1.5,8,2,1,1,1,1
72,female,23.2,137.0,74.0,126.0,8.3,14.0,0,0,0,1.5,9,10,1,1,1,0
55,male,19.4,145.0,75.0,88.0,6.4,230.0,0,1,1,1.8,4,9,0,1,1,1
71,male,36.6,145.0,80.0,137.0,5.0,322.0,0,1,0,1.8,8,10,1,1,1,1
35,female,27.1,134.0,66.0,103.0,8.4,161.0,0,0,0,2.1,10,6,0,1,1,0
43,male,18.6,143.0,68.0,111.0,7.3,544.0,0,0,0,1.1,5,1,0,1,0,1
23,female,22.5,127.0,67.0,119.0,9.3,6.0,0,0,1,1.3,9,10,1,1,1,0
21,female,26.1,120.0,84.0,99.0,4.9,48.0,1,0,1,1.2,3,2,0,0,1,0
61,female,25.5,133.0,88.0,120.0,7.2,17.0,0,1,0,1.4,8,9,1,1,1,0
68,male,25.5,125.0,68.0,118.0,8.7,183.0,0,0,0,1.4,5,8,0,1,1,1
46,female,33.3,136.0,72.0,137.0,7.4,265.0,0,0,0,1.0,8,9,1,1,1,0
76,female,27.1,136.0,78.0,121.0,4.0,71.0,0,0,1,2.9,10,6,1,1,1,0
78,male,26.9,148.0,80.0,130.0,4.1,212.0,1,0,1,1.9,1,3,1,1,1,1
51,male,12.8,125.0,71.0,114.0,9.1,226.0,0,0,1,1.3,9,4,1,1,1,1
34,male,20.8,127.0,82.0,118.0,6.0,18.0,1,0,0,1.6,5,7,1,1,1,1
60,male,28.1,132.0,75.0,112.0,7.4,57.0,0,0,0,1.8,3,8,1,1,1,1
60,female,29.2,138.0,89.0,121.0,5.1,25.0,1,0,0,1.7,2,10,1,1,1,0
70,male,28.7,150.0,85.0,146.0,6.1,133.0,0,1,0,1.4,3,9,1,1,1,1
33,male,12.9,124.0,68.0,101.0,8.0,59.0,0,1,0,2.4,1,10,1,0,1,1
19,male,30.0,111.0,68.0,125.0,7.2,132.0,1,0,0,1.8,6,8,0,1,1,1
51,male,38.7,150.0,75.0,155.0,6.2,250.0,0,0,0,1.8,7,2,1,1,1,1
72,female,25.5,136.0,90.0,124.0,7.8,64.0,0,0,0,2.7,10,2,1,1,1,0
25,male,22.3,111.0,75.0,118.0,6.7,429.0,0,0,0,3.2,7,5,0,0,0,1
30,female,31.9,129.0,76.0,129.0,8.1,63.0,1,0,0,1.8,2,2,1,1,1,0
59,male,22.9,157.0,63.0,102.0,6.2,29.0,0,1,0,2.0,3,1,0,1,1,1
25,female,34.1,128.0,71.0,123.0,7.2,90.0,1,0,0,0.8,4,10,1,1,0,0
47,female,42.5,145.0,78.0,150.0,9.4,61.0,0,0,1,1.9,10,4,1,1,1,0
49,male,24.8,140.0,76.0,98.0,7.0,16.0,0,1,0,2.4,7,1,0,0,1,1
53,female,29.4,132.0,76.0,121.0,7.7,3.0,0,0,1,0.6,10,4,1,1,1,0
64,male,19.8,140.0,73.0,118.0,4.5,164.0,0,0,1,0.9,8,4,1,1,1,1
47,female,31.1,131.0,78.0,121.0,7.0,324.0,1,0,0,3.1,9,6,0,1,0,0
18,female,21.8,125.0,75.0,103.0,7.1,70.0,0,0,1,1.3,6,10,1,0,1,0
60,female,31.2,146.0,75.0,113.0,5.2,8.0,0,1,0,2.1,7,5,1,1,1,0
56,male,27.5,141.0,71.0,126.0,6.4,162.0,0,1,0,2.0,8,9,1,1,1,1
34,female,19.2,127.0,67.0,99.0,6.4,242.0,0,0,0,2.2,7,10,0,1,0,0
76,male,22.0,160.0,72.0,114.0,5.4,47.0,0,0,0,2.2,7,8,1,1,1,1
37,female,20.0,129.0,70.0,86.0,6.1,30.0,0,0,0,2.3,9,6,0,0,0,0
41,female,25.7,136.0,86.0,98.0,9.5,49.0,0,0,0,1.8,10,6,1,1,1,0
67,female,27.9,147.0,76.0,143.0,6.8,287.0,1,0,0,1.6,6,6,0,1,1,0
39,female,29.0,125.0,68.0,119.0,7.2,65.0,0,0,1,1.2,1,4,1,1,1,0
46,female,34.5,133.0,75.0,134.0,9.3,127.0,0,0,1,1.3,3,5,1,1,1,0
39,female,22.0,120.0,82.0,101.0,3.6,9.0,0,0,0,1.5,5,4,0,1,1,0
61,male,22.7,132.0,74.0,95.0,9.6,40.0,1,0,1,1.4,9,2,1,1,1,1
26,male,30.7,125.0,68.0,108.0,7.8,31.0,1,0,0,2.0,1,5,1,0,0,1
54,male,30.2,138.0,67.0,100.0,5.2,8.0,1,0,0,1.9,2,1,1,0,1,1
27,female,25.8,125.0,70.0,103.0,5.2,15.0,0,1,1,1.0,3,9,1,1,1,0
53,male,33.3,146.0,69.0,140.0,7.8,65.0,1,0,1,1.2,4,10,1,1,1,1
54,female,23.9,147.0,77.0,117.0,7.8,98.0,0,0,0,2.0,6,9,1,1,1,0
45,male,24.8,142.0,72.0,133.0,7.4,45.0,0,0,1,0.7,7,9,1,1,1,1
45,male,28.8,137.0,63.0,126.0,5.6,65.0,0,0,0,1.9,7,2,1,1,1,1
59,female,27.3,133.0,87.0,135.0,7.1,171.0,1,0,1,1.5,2,3,1,1,1,0
60,female,14.1,141.0,86.0,108.0,6.0,34.0,0,0,1,1.8,3,8,1,1,1,0
38,male,40.7,135.0,79.0,111.0,6.4,4.0,1,0,1,2.3,1,2,1,1,1,1
41,male,32.8,140.0,85.0,110.0,5.5,36.0,0,0,0,1.5,1,6,1,1,1,1
59,male,22.2,139.0,77.0,132.0,5.9,305.0,0,0,1,1.7,6,9,1,1,1,1
77,male,30.9,141.0,69.0,133.0,4.1,2.0,1,0,0,1.1,4,7,1,1,1,1
57,female,27.5,135.0,75.0,105.0,8.8,17.0,1,0,0,1.9,10,3,1,1,1,0
19,male,26.9,128.0,67.0,118.0,5.7,8.0,0,0,1,0.7,4,8,1,1,1,1
72,female,21.5,140.0,68.0,102.0,8.6,57.0,0,1,0,1.6,9,9,1,1,1,0
25,female,22.8,147.0,71.0,114.0,6.2,125.0,0,1,0,1.6,8,5,0,1,1,0
65,male,28.0,139.0,74.0,122.0,6.0,289.0,0,0,0,2.0,3,8,1,1,1,1
44,female,33.4,130.0,78.0,132.0,4.1,190.0,1,0,1,2.5,3,8,1,1,1,0
39,male,28.4,133.0,79.0,114.0,9.3,35.0,0,0,0,1.2,8,1,0,1,1,1
54,female,24.9,134.0,86.0,127.0,8.2,121.0,0,0,1,1.9,2,2,1,1,1,0
44,female,22.6,117.0,73.0,95.0,5.6,131.0,0,0,1,2.6,10,7,1,0,1,0
74,male,22.5,150.0,71.0,126.0,8.0,11.0,0,0,0,1.6,5,1,1,1,1,1
46,female,29.9,144.0,73.0,115.0,8.2,67.0,0,0,0,2.3,6,4,1,1,1,0
20,female,16.2,125.0,65.0,105.0,7.1,45.0,0,0,0,1.6,5,7,0,1,0,0
61,male,25.6,142.0,91.0,118.0,7.0,21.0,0,0,0,1.8,1,10,1,1,1,1
30,female,17.6,121.0,69.0,94.0,6.8,7.0,1,0,1,1.2,5,5,0,0,1,0
62,female,17.2,136.0,78.0,113.0,5.8,3.0,0,0,1,2.3,9,2,1,1,1,0
27,male,22.3,123.0,77.0,123.0,6.3,235.0,0,1,0,2.0,10,3,0,0,0,1
53,male,27.1,132.0,84.0,113.0,5.5,48.0,0,0,0,0.8,2,8,0,1,1,1
26,female,23.0,137.0,72.0,111.0,8.1,82.0,0,0,0,2.1,3,1,0,0,0,0
71,female,21.9,152.0,75.0,113.0,9.0,41.0,0,1,0,1.9,6,5,1,1,1,0
73,female,35.8,156.0,79.0,111.0,7.3,22.0,0,0,0,1.8,3,3,1,1,1,0
72,male,19.1,137.0,69.0,120.0,6.1,36.0,1,1,1,0.3,6,9,1,1,1,1
44,female,27.4,139.0,80.0,165.0,6.2,22.0,0,0,0,1.6,7,6,1,1,1,0
51,female,29.0,136.0,93.0,105.0,7.3,170.0,1,0,0,0.7,3,5,1,1,1,0
68,female,28.7,142.0,87.0,138.0,7.5,286.0,0,1,0,2.3,4,3,1,1,1,0
18,female,15.8,117.0,68.0,71.0,7.0,68.0,0,1,0,2.6,6,4,0,0,0,0
49,female,28.7,140.0,68.0,120.0,5.9,208.0,0,0,0,1.8,1,8,1,1,1,0
42,female,30.2,132.0,72.0,103.0,8.3,67.0,0,1,0,2.8,1,1,0,0,1,0
46,male,29.4,135.0,78.0,125.0,7.0,71.0,0,0,0,1.3,5,7,1,1,1,1
24,male,39.0,144.0,73.0,116.0,7.4,80.0,0,1,0,2.5,8,1,1,1,1,1
66,female,32.8,133.0,79.0,122.0,4.1,206.0,0,0,0,1.8,1,1,1,1,1,0
20,female,18.5,127.0,71.0,89.0,6.5,330.0,0,1,1,1.5,1,4,0,0,0,0
37,male,17.3,124.0,72.0,81.0,7.7,164.0,1,0,1,2.9,1,2,0,0,0,1
37,male,20.2,123.0,86.0,106.0,5.2,263.0,0,1,1,2.6,10,1,0,0,1,1
70,male,22.0,139.0,91.0,112.0,4.5,124.0,0,0,0,1.9,1,8,0,1,1,1
47,female,40.1,143.0,77.0,125.0,8.3,219.0,0,0,0,1.4,9,10,1,1,1,0
52,female,19.0,140.0,80.0,109.0,7.0,98.0,0,1,0,1.6,2,10,1,1,1,0
52,female,24.6,137.0,67.0,108.0,7.1,178.0,1,0,1,1.1,6,7,0,1,1,0
66,female,16.1,132.0,80.0,116.0,7.3,147.0,0,0,0,1.1,2,9,0,1,1,0
56,male,32.5,147.0,81.0,123.0,7.1,166.0,0,0,0,1.3,5,2,1,1,1,1
44,male,25.5,132.0,69.0,126.0,3.0,32.0,0,0,1,2.7,5,10,1,1,1,1
43,male,38.0,144.0,85.0,156.0,6.3,20.0,0,0,0,1.6,9,10,1,1,1,1
31,male,33.7,135.0,69.0,122.0,6.6,127.0,0,0,1,1.8,4,6,1,1,1,1
34,female,19.4,117.0,70.0,121.0,7.0,79.0,0,1,0,0.9,6,3,1,0,0,0
35,female,24.1,133.0,73.0,114.0,6.8,174.0,0,0,0,2.6,4,5,1,1,1,0
62,male,21.8,125.0,66.0,124.0,6.2,19.0,0,0,1,1.0,6,9,1,1,1,1
69,male,22.6,140.0,78.0,117.0,7.9,354.0,0,0,0,3.0,3,3,0,1,1,1
46,male,24.9,125.0,69.0,115.0,6.4,146.0,0,0,0,2.3,4,9,1,1,0,1
37,male,28.2,116.0,72.0,107.0,7.0,3.0,0,0,1,1.8,9,8,1,1,1,1
70,male,51.9,161.0,85.0,165.0,8.9,103.0,0,1,1,2.0,1,10,1,1,1,1
44,female,23.2,138.0,63.0,126.0,4.9,45.0,1,0,0,1.7,7,9,1,1,1,0
35,female,26.1,129.0,70.0,117.0,3.9,39.0,1,0,1,1.5,3,2,1,1,1,0
21,male,17.1,129.0,67.0,89.0,7.2,279.0,0,1,0,2.3,9,4,0,0,0,1
18,male,17.8,118.0,66.0,99.0,7.6,217.0,1,0,1,2.1,7,3,0,0,0,1
67,male,28.7,145.0,73.0,138.0,9.6,1.0,1,1,0,1.5,2,6,1,1,1,1
18,female,24.8,115.0,62.0,137.0,6.8,24.0,0,0,1,3.3,5,8,1,0,1,0
75,female,31.5,154.0,75.0,132.0,6.6,153.0,0,0,0,1.6,1,7,1,1,1,0
43,female,20.3,134.0,61.0,126.0,6.1,226.0,1,0,0,1.7,1,2,0,1,1,0
62,male,27.0,138.0,72.0,125.0,8.2,152.0,0,0,0,0.6,7,5,0,1,1,1
37,female,13.4,113.0,77.0,118.0,7.5,89.0,0,1,0,1.8,7,4,0,0,0,0
69,male,24.9,131.0,69.0,98.0,7.9,501.0,0,1,1,3.1,8,1,0,1,0,1
40,female,29.7,142.0,80.0,108.0,7.2,192.0,0,0,0,2.1,8,5,0,1,1,0
27,female,29.6,119.0,65.0,119.0,7.9,76.0,1,0,0,2.3,7,5,1,1,0,0
76,female,28.1,159.0,83.0,113.0,8.6,105.0,0,1,0,1.8,3,5,1,1,1,0
28,male,34.5,126.0,90.0,125.0,7.6,6.0,0,1,0,2.0,3,3,1,1,1,1
58,male,23.8,135.0,79.0,119.0,6.1,401.0,0,0,1,2.7,2,1,0,1,1,1
58,female,35.4,167.0,78.0,110.0,5.5,54.0,1,0,0,2.5,1,10,1,1,1,0
22,male,19.0,116.0,68.0,82.0,7.0,130.0,0,1,1,1.6,8,7,0,0,1,1
75,male,37.8,145.0,88.0,140.0,8.8,132.0,0,1,0,1.8,6,9,1,1,1,1
18,male,24.7,119.0,72.0,94.0,7.1,7.0,0,0,0,2.2,5,10,0,1,1,1
34,male,22.7,115.0,74.0,105.0,4.6,37.0,0,0,0,1.4,1,6,0,1,1,1
39,male,32.8,133.0,73.0,129.0,9.1,128.0,0,0,0,1.9,5,4,1,1,0,1
51,male,29.2,139.0,78.0,121.0,7.4,292.0,0,0,1,1.6,10,5,1,1,1,1
73,male,26.0,153.0,68.0,120.0,6.7,181.0,0,0,0,1.8,8,3,0,1,1,1
62,female,35.0,150.0,76.0,112.0,6.6,104.0,1,1,1,2.1,8,4,1,1,1,0
58,male,19.8,136.0,85.0,133.0,3.8,32.0,0,1,0,1.7,10,10,1,1,1,1
46,male,23.9,150.0,79.0,125.0,5.7,357.0,0,0,0,2.3,6,3,0,1,1,1
21,female,28.5,130.0,71.0,104.0,5.7,62.0,0,1,1,2.3,2,10,1,0,1,0
22,female,21.0,133.0,63.0,95.0,7.6,19.0,0,0,0,2.1,2,7,1,0,0,0
28,female,27.2,135.0,84.0,106.0,6.5,3.0,0,1,0,2.0,2,4,0,1,0,0
73,female,24.4,155.0,75.0,112.0,8.2,360.0,0,0,0,2.2,8,10,0,1,1,0
68,male,21.0,149.0,71.0,116.0,4.0,181.0,0,0,0,2.4,8,6,1,1,1,1
38,female,26.8,138.0,75.0,129.0,9.7,29.0,0,0,1,0.8,8,8,1,1,1,0
52,female,24.0,140.0,72.0,129.0,8.4,18.0,0,0,0,1.3,1,8,1,1,1,0
29,male,30.1,142.0,61.0,128.0,7.4,385.0,0,0,0,1.5,9,6,0,1,0,1
43,male,22.8,126.0,65.0,98.0,6.3,33.0,1,0,0,1.2,10,9,1,1,1,1
68,male,30.8,140.0,78.0,116.0,7.8,74.0,1,0,1,1.5,4,6,1,1,1,1
36,female,14.3,110.0,63.0,115.0,6.9,113.0,1,0,0,1.9,9,9,0,0,1,0
62,male,18.9,140.0,66.0,121.0,6.5,8.0,0,0,0,1.7,7,6,1,1,1,1
77,female,22.0,153.0,69.0,118.0,7.8,51.0,0,0,1,1.6,3,9,1,1,1,0
24,male,39.4,125.0,74.0,131.0,7.9,345.0,0,1,0,2.3,10,8,0,1,0,1
64,male,25.8,135.0,77.0,128.0,7.3,145.0,1,0,1,2.1,10,7,1,1,1,1
72,female,23.4,154.0,83.0,104.0,6.2,55.0,1,0,0,1.6,3,8,1,1,1,0
24,male,22.2,128.0,63.0,80.0,6.6,188.0,0,1,1,1.5,2,4,0,0,0,1
43,male,27.8,139.0,74.0,118.0,5.0,218.0,0,0,1,1.4,7,7,1,1,1,1
57,male,24.0,141.0,72.0,93.0,5.0,20.0,0,1,0,3.1,8,2,1,0,0,1
22,male,30.3,125.0,76.0,127.0,6.0,106.0,0,0,0,1.2,1,3,0,1,0,1
38,male,26.0,118.0,74.0,121.0,8.1,55.0,0,1,1,2.0,7,3,1,0,1,1
31,female,28.4,134.0,75.0,110.0,7.0,85.0,1,0,0,0.6,2,5,1,1,1,0
21,female,21.2,138.0,77.0,91.0,8.0,76.0,0,0,0,1.5,7,4,0,1,0,0
40,male,27.0,135.0,75.0,105.0,8.5,84.0,0,0,1,0.7,6,1,1,1,1,1
59,female,17.7,125.0,81.0,77.0,7.3,89.0,0,1,1,1.5,9,7,0,1,1,0
37,female,30.1,131.0,67.0,135.0,5.5,9.0,0,1,0,2.0,7,10,1,1,1,0
32,female,25.1,135.0,64.0,115.0,7.9,23.0,0,0,1,1.3,9,2,1,0,1,0
67,male,20.5,148.0,84.0,116.0,5.3,100.0,0,1,1,1.1,5,8,1,1,1,1
69,male,21.7,153.0,79.0,142.0,6.1,330.0,0,1,1,2.3,6,4,1,1,1,1
62,male,28.7,151.0,81.0,113.0,8.6,165.0,0,0,0,2.1,6,10,1,1,1,1
46,female,17.5,113.0,79.0,107.0,6.8,33.0,1,0,0,1.9,3,5,1,1,1,0
25,female,23.3,126.0,66.0,100.0,7.4,54.0,0,0,1,0.6,3,4,1,0,1,0
58,male,17.4,122.0,70.0,138.0,4.1,49.0,0,1,0,2.0,1,4,1,0,1,1
65,male,23.2,145.0,82.0,117.0,6.4,176.0,0,0,0,2.3,4,6,1,1,1,1
36,female,30.2,138.0,72.0,120.0,7.2,430.0,0,1,1,1.5,3,5,0,1,0,0
65,female,23.8,134.0,74.0,140.0,6.9,53.0,1,0,0,0.8,7,6,1,1,1,0
56,male,23.7,134.0,68.0,131.0,7.8,2.0,0,1,0,1.7,6,2,1,1,1,1
63,female,25.2,135.0,82.0,102.0,6.0,332.0,0,0,0,2.4,9,1,0,1,0,0
45,female,39.1,148.0,75.0,125.0,8.3,168.0,1,0,0,2.0,10,3,1,1,1,0
63,female,32.7,144.0,85.0,128.0,6.2,216.0,1,0,1,1.5,3,10,1,1,1,0
74,female,21.5,137.0,81.0,123.0,6.8,28.0,0,1,0,1.9,6,8,1,1,1,0
44,female,34.0,144.0,85.0,128.0,5.5,124.0,0,0,0,2.4,9,1,1,1,1,0
21,female,31.1,132.0,62.0,103.0,7.5,32.0,0,0,0,1.5,10,8,1,0,1,0
75,female,24.5,151.0,61.0,143.0,5.8,1.0,0,0,0,2.2,3,2,1,1,1,0
32,male,22.7,114.0,82.0,115.0,7.1,21.0,0,0,1,1.6,9,10,1,1,1,1
52,male,25.1,131.0,81.0,126.0,7.9,307.0,1,0,0,2.2,3,4,0,1,0,1
54,female,27.8,144.0,70.0,138.0,8.0,29.0,0,1,0,1.8,1,3,1,1,1,0
18,female,21.7,107.0,64.0,108.0,10.0,106.0,0,1,0,1.2,3,1,0,0,0,0
20,female,21.4,108.0,70.0,103.0,6.8,413.0,0,0,0,0.3,5,8,0,0,0,0
64,male,21.3,132.0,75.0,114.0,6.4,9.0,0,1,1,1.5,8,1,1,0,1,1
41,male,25.6,138.0,70.0,113.0,6.0,198.0,0,0,0,1.8,1,7,1,1,1,1
44,female,28.9,135.0,70.0,117.0,7.6,109.0,1,0,0,2.3,4,3,1,1,0,0
57,male,31.6,146.0,75.0,103.0,6.6,47.0,0,1,1,1.0,10,3,1,1,1,1
78,female,38.4,146.0,86.0,130.0,5.7,54.0,0,0,0,1.3,8,9,1,1,1,0
53,female,41.4,138.0,80.0,120.0,5.7,3.0,0,0,0,1.0,6,8,1,1,1,0
51,female,22.6,145.0,71.0,91.0,8.4,35.0,0,0,0,0.8,4,10,0,1,1,0
46,female,26.3,138.0,71.0,119.0,7.9,66.0,0,0,1,2.4,3,3,1,1,1,0
41,female,25.9,123.0,87.0,121.0,8.5,151.0,0,0,0,1.9,1,9,0,1,1,0
41,female,22.6,114.0,69.0,102.0,4.9,39.0,0,1,1,2.9,10,6,1,1,1,0
59,female,29.5,130.0,81.0,121.0,6.3,104.0,0,0,0,1.3,8,3,1,1,1,0
21,male,22.5,113.0,85.0,113.0,5.6,158.0,0,0,0,2.2,2,7,0,0,0,1
20,female,20.7,110.0,73.0,101.0,7.0,144.0,0,1,0,1.0,7,4,0,0,0,0
51,male,25.8,136.0,78.0,117.0,5.8,107.0,0,0,0,2.4,3,6,1,1,1,1
74,female,23.5,149.0,86.0,120.0,8.6,104.0,0,1,1,1.1,5,2,1,1,1,0
66,female,15.8,135.0,83.0,121.0,6.3,153.0,0,1,0,1.5,6,9,0,1,0,0
40,male,23.5,126.0,73.0,113.0,9.2,49.0,0,1,1,1.7,3,3,1,1,0,1
70,male,21.6,144.0,69.0,117.0,7.9,72.0,0,0,0,2.1,6,10,1,1,1,1
73,female,20.3,139.0,76.0,114.0,8.0,406.0,1,0,1,2.2,7,4,0,1,1,0
69,male,44.6,141.0,87.0,131.0,9.0,133.0,1,1,0,2.2,10,9,1,1,1,1
40,female,34.2,138.0,74.0,130.0,6.9,88.0,0,0,0,2.1,7,7,1,1,1,0
62,female,25.7,143.0,76.0,128.0,7.9,104.0,0,0,0,2.2,2,2,0,1,1,0
22,male,26.2,134.0,81.0,110.0,7.2,13.0,1,0,0,1.7,2,1,0,0,1,1
48,male,31.8,146.0,81.0,134.0,5.8,108.0,0,0,1,2.2,3,7,1,1,1,1
79,male,24.7,142.0,83.0,126.0,6.0,217.0,0,0,0,1.5,7,2,1,1,1,1
70,male,34.6,147.0,75.0,136.0,6.5,89.0,1,0,1,1.6,1,6,1,1,1,1
79,female,22.4,145.0,77.0,117.0,7.4,23.0,0,0,0,1.6,8,6,1,1,1,0
58,male,24.8,140.0,78.0,134.0,7.8,71.0,1,0,1,1.3,4,5,1,1,1,1
74,male,30.1,160.0,84.0,131.0,7.5,39.0,0,0,0,2.2,6,2,1,1,1,1
78,male,26.0,146.0,89.0,131.0,7.6,54.0,1,0,0,2.2,5,9,1,1,1,1
74,male,25.5,141.0,83.0,126.0,6.4,31.0,1,0,0,1.9,1,1,1,1,1,1
77,male,20.9,153.0,75.0,123.0,3.9,49.0,1,0,0,1.0,5,10,1,1,1,1
71,female,19.1,150.0,88.0,122.0,7.8,207.0,0,0,0,2.4,5,1,0,1,1,0
23,female,21.8,129.0,68.0,82.0,5.8,170.0,0,0,1,1.5,7,2,0,1,1,0
54,male,28.9,126.0,82.0,127.0,9.6,81.0,0,0,1,2.1,9,8,1,1,1,1
74,male,20.7,143.0,74.0,112.0,7.2,183.0,0,0,1,2.1,9,5,0,1,1,1
27,female,29.6,127.0,68.0,112.0,8.6,445.0,0,0,1,2.6,1,3,0,0,0,0
57,male,26.0,142.0,68.0,113.0,5.4,63.0,0,0,1,1.9,5,4,1,1,1,1
24,female,22.2,116.0,63.0,117.0,8.3,469.0,0,0,1,1.9,4,4,0,0,0,0
56,female,15.6,138.0,70.0,101.0,7.7,34.0,0,1,0,2.8,7,9,1,1,1,0
55,male,22.7,138.0,83.0,113.0,7.3,371.0,0,0,0,1.4,5,5,0,1,0,1
38,female,29.4,140.0,76.0,110.0,5.4,240.0,0,0,0,2.6,2,4,1,1,0,0
78,male,17.4,136.0,66.0,110.0,5.9,27.0,0,1,0,2.1,4,7,1,1,1,1
37,male,30.0,135.0,80.0,109.0,7.7,52.0,1,1,0,2.6,10,6,0,1,1,1
20,female,36.9,136.0,74.0,104.0,5.9,148.0,0,0,1,0.9,4,2,1,0,1,0
68,female,31.0,125.0,89.0,122.0,5.7,26.0,0,1,1,1.3,10,4,1,1,1,0
39,male,19.6,133.0,69.0,112.0,6.1,107.0,0,0,1,1.2,3,3,1,0,0,1
64,female,19.0,134.0,70.0,105.0,7.5,92.0,0,0,1,1.1,5,9,1,1,1,0
21,male,43.6,134.0,87.0,127.0,8.6,41.0,0,0,0,2.4,8,6,1,1,1,1
45,female,17.6,139.0,78.0,116.0,7.3,43.0,0,0,0,1.8,2,2,1,1,1,0
29,female,17.1,131.0,59.0,102.0,8.4,87.0,0,1,1,0.8,2,5,1,0,0,0
55,male,39.4,141.0,82.0,118.0,6.6,43.0,0,1,0,0.8,9,6,1,1,1,1
68,male,40.4,138.0,72.0,116.0,9.5,24.0,0,0,1,1.8,5,1,1,1,1,1
53,male,37.5,143.0,85.0,139.0,8.5,178.0,0,0,0,1.9,2,10,0,1,1,1
64,female,31.5,153.0,72.0,146.0,8.0,105.0,0,0,1,0.8,2,6,1,1,1,0
58,male,19.1,145.0,67.0,131.0,7.4,69.0,0,0,0,1.4,3,3,1,1,1,1
22,male,18.3,103.0,77.0,107.0,7.3,24.0,1,0,0,3.3,9,8,1,1,1,1
30,female,27.4,133.0,75.0,117.0,4.9,108.0,0,0,1,2.0,6,5,1,1,0,0
40,female,21.5,133.0,77.0,109.0,4.8,119.0,1,0,0,1.2,1,6,1,1,1,0
75,male,43.3,162.0,81.0,139.0,7.6,78.0,0,0,0,2.1,10,4,1,1,1,1
67,male,15.1,136.0,74.0,105.0,6.9,56.0,0,1,0,1.7,3,1,0,1,1,1
47,male,32.6,124.0,86.0,113.0,7.5,242.0,0,0,0,1.4,5,4,1,1,1,1
79,male,28.6,145.0,82.0,107.0,5.3,146.0,0,1,0,1.4,4,10,1,1,1,1
54,female,36.3,136.0,93.0,137.0,8.8,53.0,0,0,0,1.3,5,4,1,1,1,0
42,female,28.5,126.0,74.0,125.0,6.5,108.0,1,1,1,2.0,1,4,1,1,1,0
65,male,29.1,150.0,84.0,121.0,7.3,32.0,0,0,0,1.8,1,3,1,1,1,1
44,male,28.7,133.0,82.0,134.0,6.1,1.0,1,0,1,1.5,2,3,1,1,1,1
68,male,29.9,148.0,80.0,154.0,7.2,244.0,0,0,0,2.2,9,1,1,1,1,1
31,female,33.3,141.0,83.0,101.0,9.9,205.0,0,0,0,2.0,3,8,0,1,0,0
74,male,28.0,133.0,76.0,134.0,8.3,122.0,0,0,0,1.2,8,7,1,1,1,1
79,male,23.6,159.0,84.0,125.0,6.1,200.0,0,0,1,1.7,10,3,1,1,1,1
65,female,20.9,153.0,70.0,138.0,5.5,182.0,0,0,0,2.0,3,7,1,1,1,0
76,female,19.3,128.0,70.0,114.0,7.3,236.0,1,1,0,2.2,3,9,0,1,1,0
64,male,20.0,143.0,76.0,130.0,6.4,267.0,0,0,0,1.2,9,7,0,1,1,1
71,male,28.5,161.0,78.0,135.0,5.9,205.0,0,1,1,1.2,9,4,1,1,1,1
53,female,27.5,127.0,70.0,134.0,9.4,229.0,0,1,1,1.4,2,1,1,0,1,0
56,male,24.9,128.0,80.0,110.0,4.2,84.0,0,0,0,2.4,8,9,0,1,1,1
33,male,18.9,131.0,80.0,102.0,7.7,148.0,0,0,0,1.5,9,8,0,1,0,1
73,female,21.5,146.0,75.0,128.0,9.3,49.0,0,1,0,1.1,7,3,1,1,1,0
39,female,32.4,137.0,82.0,134.0,5.3,237.0,0,0,1,2.4,8,10,1,1,1,0
38,female,16.8,123.0,67.0,109.0,6.3,235.0,0,0,1,1.0,1,9,0,1,0,0
71,male,19.8,142.0,75.0,96.0,6.4,8.0,1,0,0,1.5,2,5,1,1,1,1
38,female,29.6,113.0,74.0,132.0,8.9,51.0,1,0,0,0.9,8,4,1,1,1,0
25,female,30.3,119.0,78.0,130.0,6.8,23.0,0,0,0,2.0,3,6,1,1,1,0
66,male,30.1,144.0,78.0,120.0,9.5,18.0,0,0,1,1.7,7,7,1,1,1,1
33,male,26.6,112.0,61.0,124.0,7.9,64.0,0,1,1,2.0,7,6,1,0,1,1
76,female,26.0,145.0,86.0,132.0,6.3,118.0,0,1,1,1.3,8,9,1,1,1,0
72,female,30.0,147.0,80.0,118.0,5.3,51.0,0,1,0,2.7,8,1,1,1,1,0
48,male,26.5,129.0,61.0,129.0,5.5,44.0,1,1,1,1.6,8,4,1,1,1,1
59,male,25.2,133.0,85.0,120.0,7.7,12.0,1,1,0,2.2,5,1,1,1,1,1
27,female,27.2,119.0,81.0,96.0,10.0,58.0,0,0,1,1.7,1,10,1,1,1,0
49,female,18.3,127.0,66.0,122.0,6.2,76.0,1,0,1,1.5,9,7,1,1,1,0
76,male,18.9,145.0,69.0,145.0,6.0,61.0,1,0,0,1.9,9,4,1,1,1,1
51,female,36.7,146.0,86.0,101.0,7.7,137.0,0,0,0,3.0,6,1,1,1,1,0
79,male,27.1,156.0,87.0,132.0,6.5,41.0,0,0,1,1.9,9,1,1,1,1,1
26,female,38.8,132.0,78.0,126.0,6.2,151.0,0,0,1,1.4,7,8,1,0,1,0
34,male,30.1,135.0,71.0,103.0,8.8,257.0,0,1,0,2.4,4,4,0,1,0,1
28,male,17.2,110.0,65.0,116.0,8.8,107.0,0,0,1,0.7,10,10,1,0,0,1
49,female,34.0,142.0,81.0,112.0,7.2,59.0,0,1,0,3.3,10,3,1,1,1,0
27,female,32.5,129.0,70.0,118.0,6.0,24.0,0,1,0,2.1,4,9,1,1,1,0
39,male,19.1,131.0,68.0,100.0,7.3,323.0,1,1,0,1.3,1,2,0,1,0,1
74,female,23.3,141.0,83.0,111.0,8.1,167.0,0,0,0,1.3,9,5,0,1,1,0
34,female,22.4,124.0,78.0,115.0,8.6,34.0,0,0,0,1.9,6,2,0,1,0,0
21,female,28.8,119.0,81.0,104.0,8.3,20.0,0,1,0,0.7,7,3,0,1,1,0
65,male,27.0,150.0,67.0,139.0,3.4,6.0,0,0,1,2.5,2,5,1,1,1,1
69,female,41.0,147.0,80.0,138.0,7.4,25.0,0,0,1,2.4,3,2,1,1,1,0
64,female,26.0,156.0,75.0,133.0,7.8,158.0,1,1,0,2.2,4,7,1,1,1,0
42,male,41.9,131.0,79.0,140.0,8.0,119.0,0,0,0,1.5,3,2,1,1,1,1
76,female,20.0,152.0,70.0,135.0,7.3,411.0,0,0,0,3.5,10,10,0,1,1,0
38,female,28.3,115.0,78.0,113.0,6.9,47.0,0,0,1,1.3,9,5,1,1,1,0
54,male,30.8,139.0,89.0,122.0,6.4,185.0,0,0,0,1.5,8,5,1,1,1,1
55,male,28.0,134.0,70.0,111.0,5.8,15.0,1,0,1,1.0,2,3,1,1,1,1
66,female,24.8,145.0,78.0,124.0,6.0,99.0,0,0,0,1.9,9,2,0,1,1,0
18,female,19.6,125.0,76.0,93.0,8.6,75.0,0,0,0,1.4,8,8,0,1,0,0
42,male,15.1,141.0,69.0,120.0,7.7,219.0,0,1,0,2.0,4,6,1,0,0,1
68,male,28.0,140.0,74.0,115.0,7.9,145.0,0,0,0,2.8,3,10,0,1,1,1
53,female,28.2,132.0,77.0,116.0,6.1,26.0,1,0,0,2.4,4,5,1,1,1,0
34,female,25.5,136.0,77.0,120.0,7.5,495.0,0,0,1,1.5,2,3,0,1,0,0
58,female,20.8,135.0,67.0,122.0,9.2,208.0,0,1,0,1.7,8,10,0,1,1,0
41,male,25.2,126.0,80.0,101.0,7.0,53.0,0,0,1,1.5,6,1,1,1,0,1
19,female,23.6,118.0,69.0,100.0,7.8,210.0,0,0,0,2.3,10,10,0,1,0,0
57,male,29.9,135.0,74.0,120.0,6.1,377.0,0,0,1,1.1,1,5,0,1,1,1
32,male,24.9,114.0,63.0,110.0,6.3,265.0,0,0,1,2.8,7,1,0,0,0,1
49,male,21.5,145.0,70.0,116.0,7.2,97.0,0,0,0,2.0,4,1,0,1,1,1
56,female,19.1,138.0,70.0,123.0,5.9,103.0,0,1,1,0.7,4,3,1,1,1,0
76,female,32.4,137.0,74.0,130.0,5.8,14.0,0,0,0,1.6,5,2,1,1,1,0
23,female,31.1,140.0,76.0,116.0,6.6,22.0,0,0,1,0.5,8,5,1,1,1,0
18,male,18.7,120.0,69.0,93.0,7.1,486.0,0,0,0,1.8,10,5,0,0,0,1
64,female,32.5,143.0,85.0,146.0,6.0,176.0,0,1,1,1.5,2,7,1,1,1,0
40,male,24.8,135.0,78.0,119.0,7.0,3.0,0,0,1,0.7,7,5,1,0,1,1
75,male,20.3,139.0,73.0,117.0,5.3,95.0,0,0,1,2.6,9,7,1,1,1,1
56,male,29.9,130.0,75.0,138.0,7.0,51.0,0,0,1,2.9,8,8,1,1,1,1
78,male,23.1,141.0,74.0,129.0,4.3,45.0,0,0,0,1.7,10,1,1,1,1,1
79,male,24.5,146.0,70.0,128.0,8.2,98.0,0,0,0,1.6,10,4,1,1,1,1
74,male,17.2,133.0,79.0,118.0,4.8,46.0,0,1,0,1.8,2,1,1,1,1,1
34,female,24.1,132.0,73.0,124.0,8.8,35.0,0,1,0,1.7,4,6,1,1,1,0
51,male,26.0,146.0,72.0,138.0,7.4,333.0,0,0,0,1.5,1,4,0,1,1,1
76,female,24.7,142.0,84.0,137.0,7.6,5.0,0,1,0,2.7,4,9,1,1,1,0
58,male,20.0,117.0,73.0,116.0,6.2,69.0,0,0,1,2.0,5,1,1,0,1,1
46,female,18.2,128.0,80.0,126.0,7.5,86.0,0,0,1,1.8,6,7,1,1,1,0
26,female,33.6,124.0,73.0,115.0,7.0,70.0,0,0,1,2.2,2,8,1,1,1,0
30,female,32.2,130.0,66.0,107.0,5.3,128.0,0,0,1,1.9,5,1,0,0,1,0
23,female,33.0,127.0,82.0,126.0,7.8,3.0,0,0,0,1.9,5,4,1,1,1,0
23,male,40.0,126.0,78.0,140.0,5.7,260.0,1,0,1,1.3,4,1,1,1,1,1
37,male,18.0,115.0,65.0,107.0,9.8,83.0,1,0,1,2.0,8,6,1,0,0,1
69,male,32.0,147.0,78.0,149.0,5.8,97.0,1,0,0,2.2,10,3,1,1,1,1
70,male,20.5,134.0,72.0,102.0,4.7,75.0,0,0,0,1.4,7,5,1,1,1,1
20,female,31.2,141.0,78.0,113.0,9.0,71.0,0,1,0,2.3,2,1,0,1,0,0
34,female,25.5,131.0,60.0,103.0,7.8,25.0,1,0,0,2.1,8,1,0,0,1,0
66,female,33.2,140.0,82.0,119.0,7.4,84.0,0,0,0,2.3,8,7,1,1,1,0
29,male,25.1,123.0,62.0,111.0,6.1,66.0,0,0,1,1.7,5,6,1,0,1,1
65,female,32.7,144.0,68.0,150.0,6.9,76.0,1,1,1,1.3,7,9,1,1,1,0
64,male,29.9,144.0,81.0,142.0,6.6,2.0,0,0,1,2.0,4,5,1,1,1,1
62,female,27.9,146.0,70.0,140.0,8.0,17.0,0,0,0,2.2,5,1,1,1,1,0
72,female,22.7,152.0,82.0,127.0,6.0,173.0,0,1,0,3.0,3,8,1,1,1,0
18,female,23.8,121.0,76.0,103.0,6.1,65.0,0,0,0,1.1,4,1,0,0,0,0
34,female,24.7,132.0,70.0,116.0,7.7,163.0,0,1,1,1.9,4,1,0,1,0,0
20,female,26.3,127.0,74.0,93.0,8.5,23.0,0,0,1,2.2,7,10,1,1,1,0
43,male,26.8,134.0,83.0,136.0,6.3,144.0,1,0,0,2.2,10,9,0,1,1,1
32,female,40.0,135.0,71.0,104.0,7.6,41.0,1,0,0,1.1,10,7,1,1,1,0
53,male,19.9,134.0,79.0,112.0,8.2,147.0,1,0,1,2.2,10,5,0,1,1,1
49,male,24.1,129.0,70.0,116.0,5.6,11.0,1,0,0,0.9,1,5,0,1,1,1
49,male,20.5,123.0,74.0,123.0,6.4,49.0,0,1,0,1.0,7,10,0,1,1,1
21,male,21.3,133.0,66.0,111.0,4.6,15.0,0,0,0,2.6,5,8,0,0,0,1
35,male,23.6,130.0,69.0,118.0,9.5,119.0,0,0,1,1.3,8,3,1,1,1,1
66,male,23.8,143.0,75.0,93.0,7.1,60.0,0,1,1,2.4,8,1,1,1,1,1
36,male,20.5,125.0,68.0,107.0,8.0,9.0,0,0,0,1.9,6,5,1,0,0,1
60,male,22.7,142.0,75.0,111.0,6.3,90.0,0,0,0,2.4,3,5,0,1,1,1
69,female,23.4,140.0,84.0,124.0,6.2,3.0,1,0,0,1.5,2,7,1,1,1,0
52,female,36.0,130.0,70.0,126.0,6.7,205.0,1,1,0,1.6,9,10,1,1,1,0
57,male,23.0,132.0,78.0,120.0,6.6,334.0,0,0,1,2.1,8,8,0,1,1,1
31,male,15.1,126.0,63.0,89.0,9.9,199.0,0,1,0,2.6,10,7,0,0,0,1
75,male,31.2,144.0,75.0,132.0,7.3,363.0,0,0,0,2.5,5,7,1,1,1,1
50,female,27.1,122.0,65.0,140.0,7.7,273.0,0,0,0,1.4,10,9,1,1,1,0
31,female,16.3,120.0,76.0,130.0,6.8,270.0,0,0,0,3.0,3,1,0,0,0,0
51,male,26.7,123.0,74.0,136.0,6.9,34.0,0,1,0,1.1,7,8,1,1,1,1
78,male,21.9,142.0,73.0,101.0,7.7,32.0,0,0,1,1.7,2,9,1,1,1,1
72,female,25.3,153.0,79.0,121.0,6.8,199.0,0,0,0,2.5,5,2,0,1,1,0
21,female,29.4,116.0,70.0,107.0,8.6,81.0,1,0,0,2.0,4,4,0,0,0,0
41,male,31.9,141.0,82.0,123.0,5.7,342.0,0,0,0,2.7,5,8,0,1,0,1
76,male,24.3,159.0,73.0,141.0,8.4,273.0,0,1,0,1.7,10,8,1,1,1,1
46,male,33.8,149.0,76.0,124.0,8.3,268.0,1,1,0,2.3,5,3,0,1,1,1
36,male,28.1,129.0,79.0,105.0,9.5,47.0,1,0,1,1.2,1,1,1,1,1,1
23,female,20.5,114.0,63.0,119.0,4.5,17.0,1,0,0,1.2,10,7,0,0,0,0
74,female,38.1,154.0,80.0,141.0,8.2,136.0,0,0,0,1.5,8,1,1,1,1,0
50,male,28.9,139.0,69.0,130.0,5.9,70.0,1,0,0,1.1,2,7,1,1,1,1
66,male,17.0,144.0,70.0,127.0,8.0,326.0,0,0,0,1.2,9,8,1,1,1,1
57,male,31.0,142.0,69.0,121.0,8.0,231.0,0,1,0,1.7,4,3,1,1,0,1
36,female,17.4,128.0,64.0,92.0,5.7,317.0,0,0,0,1.9,8,10,0,1,0,0
70,male,23.3,135.0,70.0,125.0,7.7,101.0,0,0,0,1.8,10,2,1,1,1,1
18,male,24.2,128.0,66.0,103.0,6.4,90.0,0,1,0,2.2,3,4,0,0,0,1
22,male,14.4,107.0,73.0,100.0,5.9,225.0,0,0,1,1.7,5,1,0,0,0,1
44,female,23.6,127.0,75.0,131.0,4.4,86.0,0,1,0,0.9,1,2,1,1,1,0
33,male,34.0,138.0,83.0,123.0,8.6,276.0,0,1,1,1.6,6,9,1,1,0,1
23,female,20.1,132.0,67.0,127.0,6.7,4.0,0,1,1,2.2,8,8,1,1,1,0
57,male,16.4,138.0,68.0,115.0,5.4,53.0,0,0,0,1.9,4,9,1,1,1,1
30,male,23.7,126.0,71.0,107.0,7.2,216.0,0,0,0,1.0,1,1,0,0,0,1
65,male,30.0,144.0,75.0,111.0,6.9,28.0,0,0,1,1.1,10,10,1,1,1,1
79,female,25.8,140.0,82.0,130.0,5.6,61.0,0,0,0,1.5,10,6,1,1,1,0
52,male,19.4,129.0,65.0,102.0,5.6,1.0,0,1,1,2.2,8,1,1,0,1,1
36,male,15.8,109.0,70.0,111.0,8.2,43.0,0,0,1,1.6,6,7,1,1,0,1
29,female,16.0,134.0,78.0,102.0,7.1,46.0,0,0,0,2.1,10,10,0,1,0,0
33,female,15.4,140.0,64.0,102.0,6.0,158.0,0,0,0,2.4,8,5,0,0,0,0
76,female,26.4,131.0,77.0,128.0,6.3,136.0,1,0,1,2.1,2,8,1,1,1,0
60,male,25.2,128.0,66.0,124.0,6.3,71.0,0,0,1,2.0,6,6,1,1,1,1
27,female,27.7,138.0,79.0,113.0,4.6,156.0,0,1,0,0.7,2,1,0,1,0,0
42,male,25.9,126.0,73.0,142.0,8.0,67.0,0,1,1,1.2,6,7,1,1,1,1
37,female,26.9,142.0,70.0,106.0,6.3,68.0,0,0,1,2.0,6,6,1,0,1,0
48,female,28.4,142.0,76.0,132.0,6.6,124.0,0,0,0,1.3,10,3,1,1,1,0
21,female,23.4,120.0,70.0,122.0,7.5,154.0,1,1,0,1.7,7,8,1,0,0,0
61,male,32.2,151.0,75.0,114.0,8.4,225.0,0,1,0,2.6,1,3,1,1,0,1
40,male,34.4,136.0,68.0,124.0,7.1,167.0,0,0,0,1.2,1,8,1,1,1,1
19,male,24.4,122.0,71.0,112.0,5.4,133.0,0,0,0,2.0,1,5,0,0,0,1
73,male,25.6,149.0,79.0,127.0,6.5,99.0,0,1,1,2.6,5,10,1,1,1,1
39,male,25.1,137.0,71.0,116.0,6.7,44.0,0,0,0,0.6,1,3,0,1,1,1
68,male,28.1,152.0,77.0,133.0,4.4,36.0,0,1,0,1.3,3,8,1,1,1,1
74,male,36.3,170.0,88.0,110.0,7.4,222.0,0,1,0,1.3,1,2,1,1,1,1
54,male,14.0,133.0,74.0,108.0,7.7,152.0,0,1,0,2.1,7,10,0,1,1,1
25,male,29.0,138.0,64.0,109.0,6.9,131.0,0,0,0,1.6,8,1,0,0,0,1
24,female,21.5,133.0,78.0,98.0,5.7,36.0,0,0,0,2.1,4,8,0,1,1,0
31,female,29.9,136.0,78.0,127.0,7.1,420.0,0,0,0,1.1,9,8,0,1,0,0
73,male,30.9,144.0,84.0,142.0,8.1,10.0,1,1,1,1.5,8,4,1,1,1,1
72,male,28.5,155.0,75.0,141.0,6.5,219.0,0,1,1,1.5,7,7,1,1,1,1
20,male,17.8,122.0,73.0,112.0,7.8,28.0,0,1,1,1.8,9,3,1,0,1,1
67,male,24.6,131.0,79.0,108.0,7.4,60.0,0,0,0,1.9,10,9,1,1,1,1
33,female,17.5,132.0,63.0,107.0,4.3,67.0,0,0,0,1.4,3,1,0,0,0,0
72,female,23.0,130.0,79.0,136.0,6.1,130.0,0,0,0,1.8,2,8,1,1,1,0
36,male,19.3,131.0,77.0,78.0,7.5,95.0,0,0,0,1.9,10,7,0,1,0,1
68,female,22.8,136.0,80.0,140.0,7.0,25.0,0,1,0,0.5,5,8,1,1,1,0
35,female,23.1,129.0,61.0,96.0,8.0,4.0,0,0,1,1.9,10,5,1,0,1,0
69,male,26.3,132.0,81.0,114.0,7.1,152.0,1,0,0,1.8,9,8,1,1,1,1
33,male,22.9,121.0,70.0,120.0,7.6,84.0,0,0,1,3.2,2,7,1,0,1,1
25,male,38.3,129.0,64.0,145.0,6.4,54.0,0,0,0,1.9,2,7,1,1,1,1
77,male,22.6,143.0,82.0,112.0,7.2,40.0,0,1,1,1.7,5,5,1,1,1,1
50,female,19.4,127.0,77.0,103.0,5.5,208.0,1,1,0,2.6,9,7,0,1,1,0
66,male,25.3,144.0,77.0,138.0,7.9,190.0,0,0,0,1.5,9,10,1,1,0,1
29,female,22.8,129.0,65.0,111.0,7.2,210.0,0,0,0,1.3,10,1,0,0,1,0
79,male,34.6,149.0,91.0,132.0,5.2,30.0,1,0,0,1.6,4,8,1,1,1,1
70,female,28.5,145.0,82.0,129.0,6.5,229.0,0,0,0,2.1,9,9,0,1,1,0
28,male,35.9,137.0,79.0,147.0,10.0,508.0,0,1,1,3.0,1,10,0,1,0,1
22,male,21.9,104.0,75.0,116.0,6.6,110.0,0,0,0,2.0,9,4,0,0,1,1
44,female,26.1,137.0,82.0,121.0,6.4,6.0,0,1,0,1.6,7,5,1,1,1,0
29,female,26.8,123.0,74.0,120.0,5.8,145.0,1,1,0,1.5,9,7,0,1,1,0
34,female,38.0,115.0,70.0,129.0,5.4,93.0,0,0,0,0.7,10,6,1,1,1,0
23,male,24.6,121.0,67.0,120.0,5.5,149.0,1,0,0,0.8,5,6,1,1,1,1
50,female,19.2,123.0,70.0,105.0,9.4,25.0,0,0,0,1.8,6,7,1,0,0,0
22,female,28.8,122.0,79.0,112.0,7.3,112.0,1,1,0,1.3,1,9,0,1,1,0
74,female,39.7,157.0,84.0,138.0,5.0,93.0,0,0,1,1.8,2,2,1,1,1,0
45,female,13.7,133.0,67.0,95.0,6.8,111.0,0,1,0,1.4,1,5,0,1,0,0
31,female,22.5,136.0,70.0,96.0,8.1,156.0,0,1,0,1.3,1,7,0,1,1,0
22,female,24.1,134.0,78.0,125.0,7.4,94.0,0,0,0,1.0,7,1,1,1,0,0
71,female,20.6,132.0,81.0,128.0,5.0,47.0,0,0,1,1.4,3,7,1,1,1,0
73,female,33.7,159.0,87.0,153.0,7.6,44.0,0,0,0,3.1,1,9,1,1,1,0
76,female,19.9,133.0,71.0,127.0,6.8,143.0,0,1,1,1.6,1,9,1,1,1,0
50,male,25.2,144.0,74.0,122.0,7.1,131.0,0,0,0,1.6,7,7,1,1,1,1
79,male,36.6,158.0,79.0,134.0,9.2,66.0,1,0,0,1.7,5,10,1,1,1,1
67,female,39.0,152.0,91.0,147.0,6.8,52.0,0,0,0,2.3,1,6,1,1,1,0
65,male,29.3,136.0,78.0,111.0,5.9,116.0,0,1,1,2.0,8,10,1,1,1,1
58,male,28.5,150.0,74.0,127.0,4.6,45.0,0,0,0,1.7,6,1,1,1,1,1
36,female,21.3,119.0,60.0,121.0,5.9,396.0,0,1,0,1.7,5,6,0,0,0,0
39,female,25.7,131.0,82.0,114.0,5.8,109.0,0,1,1,1.6,6,4,1,1,1,0
22,female,18.8,121.0,78.0,109.0,4.3,108.0,0,0,0,0.7,8,4,0,1,0,0
76,female,27.9,134.0,67.0,147.0,7.7,18.0,1,1,0,1.4,9,2,1,1,1,0
19,female,23.0,123.0,71.0,104.0,7.5,113.0,1,0,1,2.9,9,8,1,1,1,0
47,female,31.0,129.0,82.0,127.0,6.8,42.0,0,0,0,2.7,3,9,1,1,1,0
64,male,18.4,148.0,78.0,128.0,5.5,72.0,0,1,0,1.2,1,1,1,1,1,1
56,female,19.9,156.0,72.0,111.0,7.1,93.0,1,0,1,1.2,10,7,1,1,1,0
21,male,24.9,117.0,65.0,96.0,7.6,78.0,0,1,0,2.9,6,7,1,0,0,1
50,female,11.2,124.0,78.0,114.0,9.1,199.0,0,1,0,1.1,7,7,0,1,1,0
30,female,14.9,122.0,74.0,104.0,7.3,13.0,0,0,0,0.9,6,4,0,0,1,0
37,male,30.7,117.0,79.0,118.0,7.4,22.0,1,1,0,1.3,5,6,1,1,1,1
71,female,22.8,155.0,85.0,124.0,7.0,20.0,0,0,0,1.7,10,10,1,1,1,0
24,female,22.4,120.0,83.0,93.0,6.5,204.0,0,0,1,2.1,5,9,0,1,0,0
32,male,20.7,122.0,69.0,105.0,7.8,15.0,1,0,1,1.2,10,9,1,1,1,1
40,female,28.8,139.0,73.0,126.0,6.7,427.0,0,0,1,2.3,3,4,0,1,0,0
31,male,28.6,130.0,71.0,115.0,6.6,417.0,1,0,0,1.4,4,2,0,0,0,1
40,female,26.3,133.0,68.0,110.0,6.3,577.0,0,0,1,1.7,10,2,0,0,0,0
36,female,19.5,133.0,78.0,99.0,6.4,468.0,0,0,0,2.7,3,2,0,1,0,0
71,male,33.6,148.0,89.0,135.0,7.2,19.0,0,0,0,2.9,9,1,1,1,1,1
46,female,31.6,128.0,83.0,132.0,7.6,129.0,0,1,1,2.2,3,10,1,1,1,0
73,male,35.4,160.0,92.0,146.0,5.9,61.0,1,0,0,2.0,5,7,1,1,1,1
37,male,19.0,122.0,72.0,102.0,7.1,158.0,1,0,1,0.8,6,6,0,1,1,1
46,male,36.9,136.0,80.0,146.0,5.6,62.0,0,0,0,2.7,8,5,1,1,1,1
41,female,30.6,137.0,79.0,121.0,7.6,58.0,0,1,0,1.9,10,3,1,1,1,0
35,female,30.9,122.0,72.0,99.0,8.7,281.0,0,0,1,1.9,6,3,0,0,0,0
27,male,32.2,132.0,67.0,119.0,7.5,82.0,0,0,1,1.8,6,1,1,1,1,1
58,female,24.7,146.0,77.0,108.0,6.4,162.0,0,0,0,1.7,6,1,0,1,1,0
74,female,23.4,156.0,75.0,128.0,8.1,126.0,1,0,1,0.3,1,10,1,1,1,0
25,female,33.0,136.0,87.0,121.0,5.2,129.0,0,0,0,1.3,10,8,1,1,1,0
43,male,30.0,144.0,67.0,102.0,7.2,52.0,1,0,1,1.6,6,6,1,1,1,1
79,female,25.1,142.0,79.0,144.0,10.0,35.0,1,0,0,1.3,1,5,1,1,1,0
46,male,33.8,145.0,79.0,116.0,5.7,260.0,0,1,1,1.6,2,4,1,1,0,1
27,female,27.2,126.0,67.0,91.0,6.4,3.0,1,0,0,1.1,8,8,1,1,1,0
34,female,22.4,136.0,69.0,126.0,6.5,23.0,1,0,1,1.7,8,10,1,1,1,0
19,male,22.2,122.0,70.0,113.0,5.3,17.0,0,1,1,1.6,2,9,1,1,1,1
23,female,21.8,131.0,63.0,103.0,5.8,358.0,0,0,1,1.8,3,1,0,0,0,0
75,male,24.2,146.0,81.0,125.0,6.8,1.0,0,0,1,2.9,6,2,1,1,1,1
22,female,38.2,126.0,84.0,120.0,8.9,1.0,0,1,1,2.2,4,4,1,1,1,0
45,male,28.1,135.0,73.0,100.0,7.4,31.0,0,0,0,1.6,9,6,1,1,1,1
79,female,33.7,149.0,87.0,117.0,8.3,39.0,1,0,0,2.7,7,10,1,1,1,0
58,female,22.3,147.0,86.0,129.0,7.9,98.0,0,0,0,1.3,10,3,1,1,1,0
22,female,22.7,112.0,76.0,112.0,7.3,390.0,0,0,0,2.2,9,1,0,0,0,0
35,male,26.5,117.0,69.0,125.0,4.5,75.0,0,0,0,2.3,7,3,0,0,0,1
43,male,31.2,138.0,67.0,135.0,8.9,41.0,0,0,0,0.7,6,8,1,1,1,1
37,male,29.6,130.0,73.0,78.0,8.1,204.0,1,0,0,1.8,4,5,0,1,0,1
58,female,19.5,126.0,75.0,110.0,7.2,58.0,0,0,1,1.5,8,1,1,1,1,0
66,male,16.4,136.0,62.0,101.0,5.1,18.0,0,1,0,2.1,6,5,0,1,1,1
44,male,27.4,136.0,75.0,116.0,4.9,190.0,1,0,1,1.7,10,10,1,1,1,1
66,male,23.4,150.0,72.0,99.0,5.2,0.0,0,0,0,1.5,5,8,1,1,1,1
29,male,26.1,112.0,71.0,119.0,5.9,28.0,0,1,0,1.0,6,9,1,0,1,1
24,male,21.6,124.0,68.0,115.0,7.3,121.0,1,0,0,2.3,6,6,0,1,0,1
76,male,32.6,163.0,80.0,159.0,6.5,13.0,0,0,0,1.5,2,4,1,1,1,1
20,male,19.5,132.0,73.0,102.0,6.9,35.0,1,1,0,1.1,3,5,1,1,0,1
27,male,28.0,128.0,66.0,121.0,7.5,60.0,1,0,0,1.5,10,3,1,1,1,1
51,male,23.8,130.0,64.0,128.0,8.5,61.0,0,1,0,1.8,9,7,1,1,1,1
42,male,27.9,131.0,80.0,138.0,6.0,433.0,0,1,1,1.6,8,10,1,1,1,1
52,female,18.1,124.0,77.0,98.0,4.6,135.0,1,1,1,0.9,8,4,0,1,1,0
33,female,26.8,126.0,76.0,125.0,5.8,5.0,0,1,0,1.8,1,10,1,1,1,0
19,male,25.5,124.0,65.0,113.0,7.6,30.0,0,0,0,1.0,9,7,1,1,1,1
77,female,36.8,157.0,86.0,117.0,7.9,115.0,0,0,0,1.3,4,10,1,1,1,0
41,female,32.3,143.0,68.0,127.0,7.9,150.0,0,0,0,1.3,2,4,1,1,1,0
27,male,24.7,125.0,70.0,119.0,5.9,57.0,0,1,0,2.6,7,1,1,1,0,1
55,male,39.8,144.0,89.0,112.0,7.2,233.0,0,0,0,2.0,6,9,1,1,1,1
39,male,23.1,136.0,76.0,112.0,8.8,345.0,1,1,1,1.8,9,10,0,1,1,1
43,female,29.0,132.0,75.0,120.0,7.8,114.0,1,1,1,2.0,2,7,1,1,1,0
60,male,28.6,147.0,77.0,124.0,4.5,99.0,1,0,1,2.2,6,10,1,1,1,1
72,female,36.2,137.0,75.0,142.0,6.7,167.0,0,0,0,0.5,8,8,1,1,1,0
56,male,32.1,145.0,88.0,118.0,6.4,183.0,0,0,0,1.6,6,5,1,1,1,1
44,female,32.8,154.0,83.0,110.0,4.9,29.0,0,0,0,1.5,8,2,1,1,1,0
46,female,20.0,123.0,78.0,118.0,8.7,79.0,0,0,0,1.4,2,2,0,0,1,0
64,male,23.8,151.0,76.0,139.0,5.0,71.0,0,0,1,1.3,9,10,1,1,1,1
55,male,30.3,146.0,75.0,142.0,6.7,341.0,0,0,0,0.5,6,1,0,1,1,1
37,female,18.1,133.0,66.0,136.0,8.5,14.0,0,0,0,1.5,7,9,1,0,1,0
44,female,28.4,140.0,84.0,114.0,5.7,345.0,1,0,1,1.8,2,7,0,1,1,0
58,male,36.8,140.0,69.0,128.0,6.8,102.0,0,0,0,1.8,10,4,1,1,1,1
71,male,21.1,131.0,80.0,94.0,7.4,41.0,1,0,0,1.3,8,5,1,1,1,1
37,female,28.5,136.0,65.0,109.0,5.8,244.0,0,0,1,1.9,9,4,1,1,1,0
61,male,28.6,141.0,77.0,105.0,6.1,6.0,0,1,0,2.0,3,3,1,1,1,1
36,female,22.8,117.0,72.0,107.0,7.2,46.0,1,0,1,1.5,4,9,1,1,1,0
37,male,23.1,125.0,65.0,128.0,7.6,168.0,0,0,0,1.8,6,7,1,1,1,1
52,male,16.4,122.0,68.0,123.0,7.8,211.0,0,1,1,1.9,3,2,0,0,1,1
64,male,23.0,155.0,81.0,116.0,5.5,22.0,0,1,0,1.4,10,2,0,1,1,1
19,female,16.6,124.0,77.0,94.0,4.7,341.0,0,1,0,2.0,7,7,0,1,0,0
47,male,23.7,125.0,76.0,106.0,7.9,7.0,1,0,1,1.0,8,9,1,1,1,1
70,female,22.1,145.0,73.0,131.0,8.4,68.0,0,0,1,1.0,5,4,1,1,1,0
51,male,18.7,122.0,67.0,108.0,10.0,12.0,1,0,1,1.7,5,6,1,1,1,1
39,female,15.5,110.0,66.0,109.0,10.0,12.0,1,1,0,2.4,3,6,1,0,0,0
20,female,16.3,112.0,68.0,109.0,9.1,294.0,0,1,0,1.7,4,9,0,0,0,0
23,male,32.8,128.0,75.0,125.0,5.5,281.0,0,0,0,1.7,3,2,0,1,0,1
32,female,26.7,132.0,80.0,80.0,6.6,115.0,1,0,0,0.9,8,10,0,1,1,0
44,female,27.3,141.0,74.0,124.0,7.6,407.0,1,0,1,2.3,3,2,0,1,1,0
27,female,22.0,121.0,67.0,109.0,7.4,81.0,0,0,0,2.2,2,5,0,0,1,0
26,female,24.1,130.0,64.0,88.0,6.6,183.0,0,0,1,0.9,6,3,0,0,0,0
50,male,30.2,125.0,75.0,139.0,8.5,12.0,1,1,1,2.4,8,5,1,1,1,1
49,male,16.1,141.0,62.0,112.0,6.2,60.0,0,0,0,1.4,10,7,0,0,1,1
65,male,31.6,132.0,76.0,109.0,7.1,87.0,0,0,0,1.8,8,10,0,1,1,1
23,female,25.6,121.0,64.0,103.0,6.9,181.0,0,0,0,2.8,6,1,0,0,0,0
58,female,24.2,132.0,74.0,117.0,7.4,49.0,0,1,1,1.0,6,4,1,1,1,0
76,male,13.4,127.0,78.0,146.0,7.5,471.0,0,0,0,1.8,6,4,0,1,0,1
53,male,21.5,137.0,77.0,105.0,5.7,159.0,1,0,1,1.3,5,4,1,1,1,1
76,female,20.9,157.0,82.0,113.0,3.2,91.0,0,0,0,0.7,4,3,0,1,1,0
77,male,31.1,135.0,75.0,133.0,6.2,48.0,0,0,0,1.4,2,4,1,1,1,1
19,male,22.4,103.0,78.0,132.0,7.1,123.0,0,0,1,1.0,5,7,1,0,1,1
46,female,18.9,123.0,77.0,108.0,7.4,134.0,1,1,0,1.8,2,3,0,1,1,0
21,male,23.7,121.0,74.0,102.0,6.0,136.0,0,0,1,2.5,9,10,0,1,1,1
18,female,36.5,135.0,80.0,120.0,7.2,106.0,0,1,0,1.7,4,9,1,1,1,0
36,male,24.0,125.0,74.0,108.0,7.1,61.0,0,0,0,1.0,1,10,0,1,0,1
43,female,15.8,112.0,71.0,103.0,5.9,204.0,0,1,0,1.0,10,8,1,0,0,0
42,female,20.9,140.0,81.0,123.0,6.6,36.0,0,0,0,2.1,1,8,0,1,1,0
27,female,35.0,124.0,70.0,114.0,5.2,118.0,0,0,1,2.5,10,5,1,0,1,0
70,female,31.6,152.0,79.0,125.0,4.3,77.0,0,0,1,2.1,5,3,1,1,1,0
32,female,17.1,114.0,77.0,117.0,8.4,268.0,0,0,1,0.3,8,2,0,0,0,0
76,male,24.8,144.0,78.0,108.0,7.1,107.0,0,0,0,1.1,7,4,0,1,1,1
39,male,20.7,131.0,69.0,106.0,6.4,232.0,0,1,1,2.0,7,10,0,1,1,1
68,male,14.4,129.0,69.0,93.0,7.3,368.0,0,0,1,3.2,5,2,0,1,0,1
65,female,26.8,146.0,79.0,118.0,7.4,16.0,0,0,0,0.4,9,9,1,1,1,0
38,male,31.3,131.0,73.0,115.0,9.4,97.0,0,0,0,2.3,5,2,1,1,1,1
76,female,27.8,143.0,83.0,124.0,8.5,258.0,0,1,0,1.3,1,4,1,1,1,0
73,female,22.1,155.0,87.0,117.0,7.3,247.0,0,0,1,1.5,5,7,1,1,1,0
39,male,22.8,132.0,79.0,116.0,9.6,26.0,0,0,0,1.7,3,3,1,1,1,1
53,female,24.4,140.0,61.0,104.0,6.7,79.0,1,1,1,2.4,3,1,0,1,1,0
51,male,15.1,135.0,76.0,114.0,8.4,30.0,0,1,1,2.0,5,10,1,1,1,1
47,female,22.7,137.0,79.0,108.0,6.1,273.0,0,1,0,1.5,1,6,0,1,0,0
42,female,29.2,137.0,73.0,128.0,6.9,0.0,0,0,1,1.5,8,1,1,1,1,0
62,male,22.8,148.0,84.0,118.0,7.7,30.0,0,1,0,1.8,9,2,1,1,1,1
45,female,35.4,132.0,79.0,118.0,7.1,63.0,0,1,0,1.8,10,6,1,1,1,0
18,male,23.8,123.0,58.0,91.0,7.2,30.0,0,0,0,1.2,4,2,0,1,0,1
66,female,28.9,141.0,79.0,129.0,7.1,436.0,0,0,1,2.3,1,5,0,1,1,0
62,male,28.3,143.0,76.0,122.0,8.5,34.0,0,0,0,2.9,2,4,1,1,1,1
21,female,37.4,125.0,71.0,137.0,6.9,54.0,0,0,1,2.1,7,8,1,0,1,0
24,male,20.5,109.0,72.0,124.0,6.0,23.0,0,0,1,1.9,1,2,1,0,0,1
66,male,28.6,150.0,82.0,120.0,6.7,314.0,0,0,1,2.5,3,2,0,1,1,1
26,female,25.1,145.0,75.0,82.0,8.5,64.0,0,0,1,2.0,7,4,1,0,1,0
53,male,26.2,146.0,80.0,130.0,7.9,36.0,1,0,1,1.4,4,1,1,1,1,1
36,female,29.4,139.0,67.0,111.0,6.7,34.0,1,0,0,3.0,10,10,1,1,1,0
18,female,25.1,124.0,64.0,104.0,5.8,106.0,0,0,1,1.8,4,3,1,1,0,0
27,male,28.6,127.0,74.0,128.0,6.1,456.0,1,0,0,1.9,1,8,0,1,0,1
53,male,25.3,136.0,82.0,123.0,6.8,439.0,0,0,0,2.3,8,9,0,1,1,1
